tree
version=v3
num_class=1
num_tree_per_iteration=1
label_index=0
max_feature_idx=11
objective=regression
feature_names=distance course_type weather track_condition age sex weight jockey_id trainer_id wakuban prev_rank prev_speed_index
feature_infos=[9:18] [7.5266170884382859:7.7124094692465679] [7.6190412174333879:7.6190412174333879] [7.6190412174333879:7.6190412174333879] [3:3] [7.6190412174333879:7.6190412174333879] [336:630] [1.5:17] [1:18] [0:0] [1:18] [-2.7718690770758636:3]
tree_sizes=3387 3547 3533 3540 3544 3534 3531 3559 3611 3557 3557 3541 3557 3540 3557 3572 3529 3544 3560 3564 3560 3574 3547 3535 3567 3570 3569 3565 3557 3572 3538 3564 3556 3562 3546 3569 3549 3536 3566 3537 3566 3548 3570 3560 3581 3550 3506 3555 3526 3548 3531 3527 3550 3551 3539 3559 3524 3558 3545 3551 3526 3510 3532 3547 3481 3546 3546 3532 3527 3517 3517 3525 3510 3541 3509 3473 3525 3545 3481 3516 3476 3499 3532 3437 3592 3488 3448 3470 3500 3475 3532 3516 3462 3434 3454 3435 3491 3467 3485 3446 3451 3509 3502 3479 3472 3506 3436 3471 3511 3533 3477 3439 3434

Tree=0
num_leaves=38
num_cat=0
split_feature=10 8 10 10 10 0 8 8 10 10 8 10 8 6 8 10 8 6 0 0 10 10 8 0 0 6 8 8 0 8 10 8 8 8 0 0 11
split_gain=117860 26446.6 9585.62 9432.94 9212.69 6023.72 3762.54 3613.29 1942.88 1910.42 1670.15 1582.07 1526.83 1344.79 1273.87 1232.55 1066.49 819.579 775.385 751.887 746.797 742.884 699.71 689.155 676.692 662.071 630.719 613.361 608.294 558.434 529.14 496.819 478.938 468.777 453.664 433.705 414.448
threshold=6.5000000000000009 7.6447059884559891 4.5000000000000009 11.500000000000002 9.5000000000000018 13.500000000000002 6.8605188340293486 8.6496837990111555 13.500000000000002 3.5000000000000004 7.1466785927251051 7.3095206087166948 8.2188267568343516 437.00000000000006 7.7647312351844402 13.500000000000002 7.0279709426678503 413.00000000000006 14.500000000000002 14.500000000000002 7.3095206087166948 7.8095206087166948 8.0485417243656681 11.500000000000002 14.500000000000002 439.00000000000006 6.7695441920444415 6.5541510686313567 14.500000000000002 7.7928390438136086 7.3095206087166948 9.7890805974918145 7.9841695306590958 6.6707122216556192 14.500000000000002 15.500000000000002 -0.50012583383776532
decision_type=2 2 2 2 2 2 2 2 2 2 2 2 2 2 2 2 2 2 2 2 2 2 2 2 2 2 2 2 2 2 2 2 2 2 2 2 2
left_child=2 4 5 7 6 9 24 11 26 16 28 -3 36 -13 18 -14 -1 -8 -4 30 -9 31 -15 -18 27 -10 -6 -2 -7 -11 -19 -22 34 -27 -12 -36 -5
right_child=1 3 14 12 8 10 17 20 25 29 32 13 15 22 -16 -17 23 19 -20 -21 21 -23 -24 -25 -26 33 -28 -29 -30 -31 -32 -33 -34 -35 35 -37 -38
leaf_value=7.4116607263416752 7.5089357832405685 7.6168004566192637 7.5331856926793552 7.7095727571278241 7.6167814861295478 7.4614743371801726 7.7076965340502133 7.6681411621769229 7.7822677154651778 7.4813926602120429 7.5083796173350006 7.7278859914663265 7.7658733327809299 7.6528793873536838 7.5908911323468793 7.8359588392501394 7.4385009168690814 7.5684533444916839 7.5829523277253585 7.6428773262310319 7.7614823684388323 7.7248612371137533 7.687287224142425 7.4808379323903056 7.5883359569094662 7.6443734785420334 7.66196685986385 7.5597032282767067 7.5131768547206752 7.5346290891372085 7.6098969290921312 7.8443244591595835 7.5759768068918145 7.7125062928638526 7.5729604359762472 7.5189700024897332 7.7590937862248399
leaf_weight=2775 1826 1794 5079 1066 1609 1413 375 547 468 2281 1498 2096 2021 4520 4124 2098 3210 1518 1719 2461 1299 2386 5230 3101 1372 509 5967 2098 2751 1252 7548 385 1815 2226 1621 979 1983
leaf_count=2775 1826 1794 5079 1066 1609 1413 375 547 468 2281 1498 2096 2021 4520 4124 2098 3210 1518 1719 2461 1299 2386 5230 3101 1372 509 5967 2098 2751 1252 7548 385 1815 2226 1621 979 1983
internal_value=7.6074 7.66659 7.51351 7.71388 7.62363 7.48978 7.59453 7.68943 7.67005 7.46029 7.5267 7.67285 7.77614 7.68134 7.56281 7.80157 7.44475 7.61451 7.54577 7.61148 7.73841 7.74785 7.67134 7.4593 7.54962 7.71187 7.65237 7.53608 7.49563 7.50026 7.60296 7.78042 7.54859 7.69983 7.53646 7.55263 7.74178
internal_weight=0 53402 33618 25425 27977 22696 17198 18257 10779 12619 10077 13640 7168 11846 10922 4119 9086 11902 6798 11527 4617 4070 9750 6311 5296 3203 7576 3924 4164 3533 9066 1684 5913 2735 4098 2600 3049
internal_count=87020 53402 33618 25425 27977 22696 17198 18257 10779 12619 10077 13640 7168 11846 10922 4119 9086 11902 6798 11527 4617 4070 9750 6311 5296 3203 7576 3924 4164 3533 9066 1684 5913 2735 4098 2600 3049
is_linear=0
shrinkage=1


Tree=1
num_leaves=38
num_cat=0
split_feature=7 7 7 7 0 7 7 11 0 11 7 6 11 11 11 11 11 6 7 0 7 7 6 6 6 0 6 0 6 6 11 11 7 6 7 11 11
split_gain=98235.4 16864.7 16404.9 5876.65 3874.76 3317.18 2888.48 1612.97 1414.2 1270.43 1137.58 965.615 846.495 781.588 768.44 726.669 589.387 586.018 580.566 533.884 458.434 414.27 402.327 384.614 383.311 375.116 360.158 425.799 358.508 354.763 330.911 324.804 323.608 320.527 317.843 289.733 258.995
threshold=7.5594469460382028 6.3060606060606075 8.8048138577854349 5.1213188220230483 14.500000000000002 8.1561424657534261 9.7491935483870993 -0.21170539704336669 14.500000000000002 -0.16969808700081332 6.8776650189377717 431.00000000000006 -0.019959933744776764 0.026802284776845722 -1.0000000180025095e-35 1.0770481435909016 -0.22598141579264003 437.00000000000006 6.9271966662012536 14.500000000000002 10.723626373626375 9.1621109896263917 431.00000000000006 415.00000000000006 405.00000000000006 14.500000000000002 423.00000000000006 14.500000000000002 419.00000000000006 425.00000000000006 -1.4477954272585394 0.15819440794702169 7.6713783201192962 527.00000000000011 5.7488095238095243 -0.51096253519919299 -1.1529986533038328
decision_type=2 2 2 2 2 2 2 2 2 2 2 2 2 2 2 2 2 2 2 2 2 2 2 2 2 2 2 2 2 2 2 2 2 2 2 2 2
left_child=1 3 5 25 10 12 9 26 34 -4 14 -9 19 -13 29 21 36 -14 -6 33 31 -11 -12 -16 -23 -1 -7 -28 -17 -3 -21 -18 -19 -2 -5 -24 -8
right_child=2 4 6 8 18 7 16 11 -10 15 22 13 17 -15 23 28 20 32 -20 30 -22 24 35 -25 -26 -27 27 -29 -30 -31 -32 -33 -34 -35 -36 -37 -38
leaf_value=-0.22917837909703379 -0.011253361699653741 -0.013617478017542903 0.074191783327831107 -0.13494508771932215 -0.015931687600650984 0.096533880883201029 0.062120965154564424 0.12398373569159472 -0.071035248081543018 0.11199871866553117 0.0017237043550059697 0.090634052271758733 0.067546891665628134 0.051050510431603482 0.025275817465951499 0.17805447745493985 0.20121217238738257 -0.0049814414114076914 0.023439991689048732 0.13681781641831256 0.26462408895607359 0.27447831546350038 -0.062349457707721108 -0.05894975032444532 0.14590345020926784 -0.17831909770351556 0.021547106772994928 0.06399789030474648 0.075643033197373352 -0.092797928992584031 0.02505431940848948 0.15371543032046095 0.029203474795919625 0.076330124102515051 -0.10949946273940796 -0.035314222085104596 0.14304426944846013
leaf_weight=1977 5434 243 4049 4590 4600 349 192 1367 2799 2014 839 3298 1448 5392 232 154 1079 1378 2307 117 261 99 2565 5385 2427 851 5060 1199 1568 5190 1528 1305 6469 177 3588 4443 1047
leaf_count=1977 5434 243 4049 4590 4600 349 192 1367 2799 2014 839 3298 1448 5392 232 154 1079 1378 2307 117 261 99 2565 5385 2427 851 5060 1199 1568 5190 1528 1305 6469 177 3588 4443 1047
internal_value=0 -0.0744035 0.0622507 -0.131543 -0.0438344 0.0376212 0.119883 0.0577926 -0.110332 0.102151 -0.0588396 0.0739446 0.0173108 0.0660731 -0.0720824 0.120229 0.166959 0.0301087 -0.00278119 0.000916531 0.184035 0.133667 -0.0401913 -0.055471 0.150943 -0.213874 0.0332101 0.0296792 0.0848018 -0.0892565 0.0330035 0.175212 0.0232003 -0.00849052 -0.123781 -0.0452094 0.130504
internal_weight=0 39609 47411 13805 25804 33216 14195 16665 10977 10311 18897 10057 16551 8690 11050 6262 3884 9295 6907 7256 2645 4540 7847 5617 2526 2828 6608 6259 1722 5433 1645 2384 7847 5611 8178 7008 1239
internal_count=87020 39609 47411 13805 25804 33216 14195 16665 10977 10311 18897 10057 16551 8690 11050 6262 3884 9295 6907 7256 2645 4540 7847 5617 2526 2828 6608 6259 1722 5433 1645 2384 7847 5611 8178 7008 1239
is_linear=0
shrinkage=0.0640495


Tree=2
num_leaves=38
num_cat=0
split_feature=7 7 7 7 8 8 8 7 11 8 7 11 7 11 6 11 7 7 6 8 7 6 7 6 11 1 8 8 8 11 8 7 7 11 8 6 7
split_gain=86054.5 14773.5 14370.7 5147.97 5142.9 2882.02 2780.88 1812.96 1425.93 1131.18 863.633 836.353 795.358 777.456 581.036 578.254 568.691 562.576 626.595 561.702 552.278 486.574 468.837 441.597 426.1 424.198 422.749 387.743 375.435 367.297 364.223 364.996 359.493 358.511 318.193 333.963 314.01
threshold=7.5594469460382028 6.3060606060606075 8.8048138577854349 5.1213188220230483 8.0985446760823869 8.7478991596638682 7.3743593982476456 8.3615603062827528 -0.16969808700081332 9.6969899028386379 9.4103938907515943 -0.019959933744776764 6.9573650195233618 -0.30130194165003399 417.00000000000006 0.15819440794702169 6.8776650189377717 8.1561424657534261 441.00000000000006 7.1823775963809062 9.3471964543393131 431.00000000000006 10.133962264150945 421.00000000000006 -1.0000000180025095e-35 7.6195132788424278 6.8993345236162975 8.4985590778097997 6.1745071255807487 0.96885838912311917 7.1870690884669619 5.8784722222222232 7.9949537426408757 1.0000000180025095e-35 6.4664575289575295 437.00000000000006 10.109609609609612
decision_type=2 2 2 2 2 2 2 2 2 2 2 2 2 2 2 2 2 2 2 2 2 2 2 2 2 2 2 2 2 2 2 2 2 2 2 2 2
left_child=1 3 4 -1 7 8 16 11 22 17 14 -2 24 28 -10 -12 34 -6 -19 23 -7 -15 25 -13 -8 -4 -17 -14 -9 -16 -5 -32 -21 -34 -3 -36 -28
right_child=2 6 5 30 9 20 12 13 10 -11 15 19 27 21 29 26 -18 18 -20 32 -22 -23 -24 -25 -26 -27 36 -29 -30 -31 31 -33 33 -35 35 -37 -38
leaf_value=-0.20017531583673709 -0.009531149741103636 -0.098208839304977646 0.089075796791420511 -0.1144680918181641 0.049755405655543296 0.14075771811473595 -0.047430161100947339 -0.11289188264868968 0.17449502969444794 0.13604392611679877 0.17413418477774226 0.092319644681277721 -0.0056274853912865914 0.11415284226258599 0.10371400166483791 0.0057041128758354934 -0.044643459597277828 0.13089530912675229 0.070760686354869207 0.020571641615865 0.19814947730231711 0.052472523835581861 0.13546606015164195 -0.0071100951068326385 -0.017427708964149385 0.046255430045155463 0.10671689697830442 0.045456579990636618 0.022816225695585411 0.061202074111697632 -0.10490812724076203 -0.070500354386563241 0.090797569535891409 0.033583377909092015 -0.022174043295504549 -0.070268646296818879 0.1697933114147572
leaf_weight=2828 7053 1500 1548 5711 3892 1307 3585 86 361 1119 1308 195 3694 596 2476 129 5303 900 3382 3613 1452 4384 401 3039 4237 2453 1031 730 3033 1257 3155 2111 715 1209 656 6099 472
leaf_count=2828 7053 1500 1548 5711 3892 1307 3585 86 361 1119 1308 195 3694 596 2476 129 5303 900 3382 3613 1452 4384 401 3039 4237 2453 1031 730 3033 1257 3155 2111 715 1209 656 6099 472
internal_value=0 -0.069638 0.0582636 -0.123117 0.0352115 0.112205 -0.0410268 0.0195037 0.0980296 0.0756483 0.115921 0.0068895 -0.0189027 0.0441496 0.0969027 0.142405 -0.0610099 0.0673803 0.0833999 0.0200938 0.170962 0.0598543 0.0694402 -0.0011148 -0.0311785 0.0628228 0.116975 0.00280185 0.0190744 0.0893991 -0.103265 -0.091115 0.0324811 0.0548454 -0.0715237 -0.065598 0.126525
internal_weight=0 39609 47411 13805 33216 14195 25804 23923 11436 9293 7034 15824 12246 8099 4094 2940 13558 8174 4282 8771 2759 4980 4402 3234 7822 4001 1632 4424 3119 3733 10977 5266 5537 1924 8255 6755 1503
internal_count=87020 39609 47411 13805 33216 14195 25804 23923 11436 9293 7034 15824 12246 8099 4094 2940 13558 8174 4282 8771 2759 4980 4402 3234 7822 4001 1632 4424 3119 3733 10977 5266 5537 1924 8255 6755 1503
is_linear=0
shrinkage=0.0640495


Tree=3
num_leaves=38
num_cat=0
split_feature=7 7 7 7 8 0 8 8 11 11 0 7 7 7 8 0 6 11 7 8 8 11 6 7 7 7 8 6 0 8 6 6 7 8 11 8 7
split_gain=75406.1 14465.6 11267.1 4509.64 4395.98 3340.25 2902.85 2524.66 1439.32 1249.12 1249.03 848.488 816.094 757.981 756.531 701.82 594.439 585.259 577.935 576.359 527.524 526.436 518.133 495.325 483.797 476.311 471.733 579.051 463.96 460.641 419.043 417.69 412.133 375.174 346.726 339.843 335.827
threshold=7.6571645740280472 6.3060606060606075 8.8048138577854349 5.1213188220230483 8.3119300370475937 14.500000000000002 7.3743593982476456 8.7478991596638682 -0.019959933744776764 -0.16969808700081332 14.500000000000002 8.1391722529874695 6.9787935909519332 10.114046121593292 9.6969899028386379 14.500000000000002 417.00000000000006 0.23021231752163265 8.249497991967873 6.593790707772472 6.9236294620045262 0.026802284776845722 429.00000000000006 9.2103015278488876 9.3471964543393131 6.9271966662012536 7.3944368961352671 437.00000000000006 11.500000000000002 8.7478991596638682 423.00000000000006 417.00000000000006 9.4816666666666674 7.9717007376844213 -0.5212145416990851 6.1745071255807487 5.7488095238095243
decision_type=2 2 2 2 2 2 2 2 2 2 2 2 2 2 2 2 2 2 2 2 2 2 2 2 2 2 2 2 2 2 2 2 2 2 2 2 2
left_child=1 3 4 -1 8 6 19 9 15 32 20 26 31 16 22 18 -11 23 -2 -3 -5 28 -6 -18 -9 -7 27 -10 -13 -14 -20 -8 -4 -33 -21 -32 -22
right_child=2 5 7 10 14 25 12 24 11 13 -12 21 29 -15 -16 -17 17 -19 30 34 36 -23 -24 -25 -26 -27 -28 -29 -30 -31 35 33 -34 -35 -36 -37 -38
leaf_value=-0.18735417958360701 -0.019418996159191949 -0.10035140310906944 0.052471552672398246 -0.13282490314941922 0.1257614589642973 -0.011390582338439269 0.037542089981251192 0.1317422508481679 0.070595201814644973 0.16669371556633467 -0.059720578003672295 0.10861401794125265 -0.010406336685649631 0.16189972390645638 0.13154974529785704 0.036795736485634348 0.086716994944197046 0.075019840538701019 0.098400641482989964 -0.082546059810599787 -0.11235842534311742 0.039164969586146195 0.065442846274388608 0.143019466318348 0.18545809546678962 0.021792787209815319 0.038077148959492192 -0.0081899458213950827 0.052978489416980086 0.061763030510317778 -0.11434416436269756 -0.058686765925126137 0.095667186666050397 -0.026423306399888907 -0.054442107148989463 0.012348609412947655 -0.080652087072419096
leaf_weight=2828 4327 2383 3126 2644 661 4600 273 1307 444 506 2799 1029 4001 944 1053 2291 1207 3010 230 2789 3036 4634 5029 1367 1452 2889 2974 2772 1528 399 89 3138 1276 2796 5083 3608 2498
leaf_count=2828 4327 2383 3126 2644 661 4600 273 1307 444 506 2799 1029 4001 944 1053 2291 1207 3010 230 2789 3036 4634 5029 1367 1452 2889 2974 2772 1528 399 89 3138 1276 2796 5083 3608 2498
internal_value=0 -0.0614641 0.0578385 -0.115232 0.0360016 -0.0352829 -0.0484551 0.105018 0.0231284 0.0917508 -0.0966508 0.0370741 -0.0249629 0.108497 0.0816791 0.00543218 0.100219 0.094195 -0.00327316 -0.0727535 -0.109291 0.052038 0.07245 0.116618 0.160012 0.00141043 0.0196903 0.00268711 0.0753676 -0.00386189 0.0145173 -0.039921 0.0649926 -0.0434848 -0.0643992 0.00929866 -0.0980465
internal_weight=0 42156 44864 13805 30669 28351 20862 14195 23926 11436 10977 13381 10607 7034 6743 10545 6090 5584 8254 10255 8178 7191 5690 2574 2759 7489 6190 3216 2557 4400 3927 6207 4402 5934 7872 3697 5534
internal_count=87020 42156 44864 13805 30669 28351 20862 14195 23926 11436 10977 13381 10607 7034 6743 10545 6090 5584 8254 10255 8178 7191 5690 2574 2759 7489 6190 3216 2557 4400 3927 6207 4402 5934 7872 3697 5534
is_linear=0
shrinkage=0.0640495


Tree=4
num_leaves=38
num_cat=0
split_feature=10 7 10 7 7 7 10 0 10 8 7 7 7 0 10 7 10 8 7 10 0 7 10 10 10 10 0 10 0 10 0 8 10 0 8 0 7
split_gain=92383.5 38641.4 10264.7 8481.56 5861.14 4760.37 4398.09 3741.23 2789.79 2542.63 2196.78 1735.78 1529.6 1498.4 1485.58 1136.58 998.466 982.325 972.82 946.991 774.714 688.957 682.058 680.416 670.615 669.512 652.773 611.842 584.475 537.855 504.824 489.944 484.555 482.021 475.057 416.138 406.09
threshold=6.5000000000000009 7.4569185155122666 12.500000000000002 6.691934374886416 6.1949399148569286 9.052387116424276 4.5000000000000009 12.500000000000002 10.500000000000002 8.1611061565669569 5.24751718869366 5.1213188220230483 8.3877865145748078 14.500000000000002 3.5000000000000004 8.6582209199469293 7.3095206087166948 7.1958634551131624 8.0242656711519533 9.5000000000000018 14.500000000000002 7.7329940417080447 7.3095206087166948 9.5000000000000018 14.500000000000002 3.5000000000000004 14.500000000000002 7.3095206087166948 14.500000000000002 7.8095206087166948 10.500000000000002 9.3750000000000018 10.500000000000002 12.500000000000002 8.4943475572047031 15.500000000000002 8.0889157162051593
decision_type=2 2 2 2 2 2 2 2 2 2 2 2 2 2 2 2 2 2 2 2 2 2 2 2 2 2 2 2 2 2 2 2 2 2 2 2 2
left_child=3 4 5 10 11 9 7 25 17 18 -1 -2 33 14 -12 28 -7 26 23 -13 21 -9 -11 -3 -14 30 -6 -20 -8 34 -5 -23 -31 -4 -18 -22 -24
right_child=1 2 12 6 8 16 15 20 -10 22 13 19 24 -15 -16 -17 29 -19 27 -21 35 31 36 -25 -26 -27 -28 -29 -30 32 -32 -33 -34 -35 -36 -37 -38
leaf_value=-0.19269199207931723 -0.14640110272377652 0.012636575569706441 0.15650346780125188 -0.16354039737882123 -0.053698637513554012 0.048012631029694372 -0.046597953359299622 -0.10110493207145257 0.045561927294496152 0.036831064665301783 -0.15927751585052141 -0.077700119044163948 0.1665357484889837 -0.073927797297991968 -0.099097961249781624 0.021669160584570572 0.13691761232064151 0.0016822400653722395 0.013899206056700837 -0.014228513215643862 -0.019226208834083974 -0.057108221338827821 0.077691397992727729 0.061339677690001843 0.21880339159585013 -0.090110378642980549 0.0034167902627402825 0.066851958044136559 -0.00058351613109530059 0.098659579156393465 -0.11673806572690693 0.093240822870902781 0.15024408441456089 0.10272119613629702 0.19822126707887552 -0.062125017813104269 0.11458279652849813
leaf_weight=1844 1110 4147 1254 1721 3168 600 4780 2056 4393 724 3688 2911 2361 2514 3095 1831 1435 5721 1017 1442 2538 2652 1794 1643 1756 1763 1108 7471 1484 1979 2098 92 1200 1503 812 1462 3853
leaf_count=1844 1110 4147 1254 1721 3168 600 4780 2056 4393 724 3688 2911 2361 2514 3095 1831 1435 5721 1017 1442 2538 2652 1794 1643 1756 1763 1108 7471 1484 1979 2098 92 1200 1503 812 1462 3853
internal_value=0 0.0524021 0.0943139 -0.083135 -0.0184235 0.0763293 -0.0604854 -0.0817412 0.00301919 0.0617126 -0.128831 -0.0749053 0.164105 -0.116164 -0.131818 -0.0227212 0.126416 -0.0156754 0.0466992 -0.0566741 -0.0557236 -0.0730718 0.0953589 0.0264568 0.188829 -0.122758 -0.0388988 0.0605074 -0.0356967 0.135085 -0.137829 -0.0520674 0.118132 0.127184 0.159071 -0.0349057 0.102863
internal_weight=0 53402 33549 33618 19853 26675 22477 14382 14390 20649 11141 5463 6874 9297 6783 8095 6026 9997 14278 4353 8800 4800 6371 5790 4117 5582 4276 8488 6264 5426 3819 2744 3179 2757 2247 4000 5647
internal_count=87020 53402 33549 33618 19853 26675 22477 14382 14390 20649 11141 5463 6874 9297 6783 8095 6026 9997 14278 4353 8800 4800 6371 5790 4117 5582 4276 8488 6264 5426 3819 2744 3179 2757 2247 4000 5647
is_linear=0
shrinkage=0.0640495


Tree=5
num_leaves=38
num_cat=0
split_feature=10 7 10 7 7 7 10 7 10 8 10 7 7 7 10 10 8 10 7 10 10 10 10 10 10 10 10 8 7 10 11 11 7 7 6 6 8
split_gain=79338.2 34150.6 8865.9 7308.98 5207.49 4055.07 3045.28 2598.45 2415.31 2170.16 1701.09 1460.79 1210.57 917.253 808.714 807.803 800.102 798.513 673.686 645.863 619.297 613.942 588.7 545.601 537.349 509.52 465.187 436.453 429.437 407.909 407.227 377.201 355.586 337.743 333.434 316.487 315.245
threshold=6.5000000000000009 7.4569185155122666 12.500000000000002 7.2222189815084885 6.0649013499480793 9.1621109896263917 4.5000000000000009 5.24751718869366 10.500000000000002 8.1611061565669569 3.5000000000000004 4.3781138790035596 8.3877865145748078 8.0242656711519533 1.5000000000000002 3.5000000000000004 7.1958634551131624 9.5000000000000018 8.8048138577854349 7.3095206087166948 7.3095206087166948 14.500000000000002 9.5000000000000018 1.5000000000000002 7.3095206087166948 7.8095206087166948 7.8095206087166948 8.4888669950738933 8.7397433416386487 11.500000000000002 0.011586566268920144 1.2332822534011452 7.9222649399703231 6.6989633749303552 413.00000000000006 437.00000000000006 7.5266707758335345
decision_type=2 2 2 2 2 2 2 2 2 2 2 2 2 2 2 2 2 2 2 2 2 2 2 2 2 2 2 2 2 2 2 2 2 2 2 2 2
left_child=3 4 5 7 11 9 14 -1 16 13 23 30 35 22 -5 28 26 -13 -8 -7 -15 -14 -3 -9 -11 27 -6 -21 -16 -27 -2 -25 -26 -18 -22 -4 -10
right_child=1 2 12 6 8 19 18 10 36 24 -12 17 21 20 15 -17 33 -19 -20 25 34 -23 -24 31 32 29 -28 -29 -30 -31 -32 -33 -34 -35 -36 -37 -38
leaf_value=-0.17907422338399331 -0.1613401713750216 0.012063862896864135 0.16943370283623257 -0.036464124757156609 -0.052576434848533374 0.054186540238738652 -0.02365350393758724 -0.094217118585072479 0.027202939497578463 0.037406615908012641 -0.074170346787431132 -0.075131088516440597 0.15357289451216677 0.011789948923532627 -0.10337956353185704 -0.051839636812395125 -0.017351615555657306 -0.0166125772236 0.026413904199273489 0.12816861985283498 0.12746506282732079 0.20356876092305518 0.057315529168872968 -0.13571213128303003 0.066189141840631807 0.098152519778054281 -0.0091661161435513342 0.1881229719836903 -0.057845726458903866 0.1591900636398077 -0.054638694054184811 -0.084389701915851892 0.10419353431613232 0.0138324074838354 0.061270917890541975 0.11034151800882723 0.061945386058254802
leaf_weight=1840 814 4154 444 2465 2693 557 4943 2683 2647 732 6599 2927 2357 1057 4040 2977 2534 1421 1419 1320 326 1760 1647 4821 1303 2392 1623 800 1076 553 179 669 4491 3255 7363 2287 1800
leaf_count=1840 814 4154 444 2465 2693 557 4943 2683 2647 732 6599 2927 2357 1057 4040 2977 2534 1421 1419 1320 326 1760 1647 4821 1303 2392 1623 800 1076 553 179 669 4491 3255 7363 2287 1800
internal_value=0 0.0485666 0.0879985 -0.0771204 -0.0179223 0.0713205 -0.0474908 -0.107299 0.0019309 0.0584266 -0.098359 -0.0720139 0.153013 0.0446597 -0.0685836 -0.0783667 -0.0153795 -0.0560062 -0.0124863 0.119651 0.0577582 0.174946 0.0249116 -0.117889 0.0891142 0.12685 -0.0362523 0.150793 -0.0938029 0.109614 -0.142106 -0.129458 0.0956468 0.000182327 0.0640774 0.119949 0.0412655
internal_weight=0 53436 33543 33532 19893 26695 16920 16612 14552 21073 14772 5341 6848 14547 10558 8093 10105 4348 6362 5622 8746 4117 5801 8173 6526 5065 4316 2120 5116 2945 993 5490 5794 5789 7689 2731 4447
internal_count=86968 53436 33543 33532 19893 26695 16920 16612 14552 21073 14772 5341 6848 14547 10558 8093 10105 4348 6362 5622 8746 4117 5801 8173 6526 5065 4316 2120 5116 2945 993 5490 5794 5789 7689 2731 4447
is_linear=0
shrinkage=0.0640495


Tree=6
num_leaves=38
num_cat=0
split_feature=7 7 7 8 0 8 7 8 7 0 0 11 11 8 6 6 7 8 8 6 8 8 7 1 6 6 8 1 7 11 6 0 7 1 6 0 0
split_gain=51262.7 10113.7 7125.16 2941 2678.21 2631.97 2563.32 1671.62 1419.54 1071.76 1012.16 941.566 916.63 689.473 614.742 577.064 558.241 512.835 499.022 479.556 456.974 452.624 445.348 434.197 376.182 372.317 364.535 351.501 401.412 348.335 343.011 333.721 326.238 321.173 312.011 311.217 307.024
threshold=7.3058918482647304 8.5975543478260885 6.0649013499480793 8.2923959357587691 14.500000000000002 8.9671532846715341 4.3781138790035596 7.5053459119496866 9.4193446949779904 14.500000000000002 14.500000000000002 -0.22598141579264003 -0.010742078143090821 7.1652515097169793 431.00000000000006 433.00000000000006 9.333099250936332 6.6485372340425544 8.1611061565669569 419.00000000000006 6.3917250241232066 8.8186383928571441 7.8940880467893084 7.6195132788424278 431.00000000000006 421.00000000000006 7.2172588206266974 7.6195132788424278 10.454119850187267 -1.0000000180025095e-35 389.00000000000006 14.500000000000002 7.8940880467893084 7.6195132788424278 541.00000000000011 9.5000000000000018 15.500000000000002
decision_type=2 2 2 2 2 2 2 2 2 2 2 2 2 2 2 2 2 2 2 2 2 2 2 2 2 2 2 2 2 2 2 2 2 2 2 2 2
left_child=2 3 6 10 7 8 31 17 11 20 12 23 -2 25 30 -5 -7 33 -16 -9 -8 32 35 -3 -10 -14 -6 -26 -29 -21 -13 -1 -17 -4 -19 -15 -12
right_child=1 5 4 15 26 16 9 19 24 -11 36 14 13 22 18 21 -18 34 -20 29 -22 -23 -24 -25 27 -27 -28 28 -30 -31 -32 -33 -34 -35 -36 -37 -38
leaf_value=-0.17204444154252424 -0.015495011534477798 0.057619348253154692 -0.11010325409995134 0.10090187590174511 -0.018174306050956938 0.10527911926844112 -0.1464865394772413 0.048380250146745969 0.14588352553675185 -0.046993120018838611 0.041140180693640713 0.23356711871801919 0.065958724916930875 -0.075921864549589907 0.050737246015558055 0.014780649425007241 0.15987019203429242 -0.061127810162447727 0.089114473168587255 -0.046050207096872152 -0.091361994467712412 0.073064505267549748 0.039500420686217425 0.019516072436321259 0.11838232520344176 -0.018669914821411254 0.012371111707445757 0.065320675079203513 0.14142673760718752 -0.016385738489522766 0.10176158737002522 -0.12231411815792413 0.051887108249901497 -0.06315486188289389 0.065998232309358112 0.011587008413084104 0.011174444446719861
leaf_weight=1758 8393 2033 1618 972 3336 1657 686 328 600 2381 3861 87 231 177 4698 1772 1433 7935 1974 3200 6127 1923 3734 3094 1253 2777 3085 1979 332 3297 1174 808 2153 948 80 2871 2203
leaf_count=1758 8393 2033 1618 972 3336 1657 686 328 600 2381 3861 87 231 177 4698 1772 1433 7935 1974 3200 6127 1923 3734 3094 1253 2777 3085 1979 332 3297 1174 808 2153 948 80 2871 2203
internal_value=0 0.0410234 -0.058988 0.0180451 -0.0388537 0.076165 -0.0997823 -0.0518961 0.0664 -0.0839847 0.00759363 0.0560174 3.64726e-05 0.0133517 0.0698429 0.0552029 0.130596 -0.0678374 0.0620917 -0.0271818 -0.0969125 0.0476073 0.0246716 0.0346251 0.0989641 -0.0121708 -0.00349861 0.0910652 0.0762541 -0.0309965 0.110855 -0.156385 0.0351348 -0.0927583 -0.0598589 0.00650529 0.0302539
internal_weight=0 51381 35587 31067 23827 20314 11760 17406 17224 9194 24247 13060 18183 9790 7933 6820 3090 10581 6672 6825 6813 5848 6782 5127 4164 3008 6421 3564 2311 6497 1261 2566 3925 2566 8015 3048 6064
internal_count=86968 51381 35587 31067 23827 20314 11760 17406 17224 9194 24247 13060 18183 9790 7933 6820 3090 10581 6672 6825 6813 5848 6782 5127 4164 3008 6421 3564 2311 6497 1261 2566 3925 2566 8015 3048 6064
is_linear=0
shrinkage=0.0640495


Tree=7
num_leaves=38
num_cat=0
split_feature=10 7 10 10 7 7 7 10 7 7 7 10 7 7 10 10 10 10 10 6 7 7 7 7 11 11 10 10 7 11 6 6 10 11 10 10 11
split_gain=67251.3 26281 7827.93 5493.36 3797.72 3195.01 2959.01 2010.83 1556.64 1475.26 1166.41 1149.76 1136.2 995.731 690.657 667.026 904.393 647.494 528.816 513.474 451.592 443.778 422.281 387.119 353.329 339.368 319.156 434.939 292.978 275.067 267.488 266.981 265.909 262.921 258.962 294.425 256.15
threshold=6.5000000000000009 7.4137027846705275 12.500000000000002 4.5000000000000009 6.0649013499480793 9.333099250936332 5.8784722222222232 10.500000000000002 7.6330105738226459 8.0242656711519533 8.3877865145748078 7.3095206087166948 4.3781138790035596 8.3877865145748078 9.5000000000000018 1.5000000000000002 2.5000000000000004 9.5000000000000018 14.500000000000002 421.00000000000006 5.2282097649186268 7.0205847507827714 6.4034943328787106 8.8048138577854349 0.011586566268920144 -1.0000000180025095e-35 9.5000000000000018 7.8095206087166948 10.830459770114944 0.89307852292118239 465.00000000000006 447.00000000000006 7.3095206087166948 -0.99355200387270692 1.5000000000000002 3.5000000000000004 0.15819440794702169
decision_type=2 2 2 2 2 2 2 2 2 2 2 2 2 2 2 2 2 2 2 2 2 2 2 2 2 2 2 2 2 2 2 2 2 2 2 2 2
left_child=3 4 5 6 12 9 20 21 22 17 15 -11 24 29 -14 -8 -17 31 30 -13 -1 -6 -5 -10 -2 -7 27 -21 36 -4 -15 -3 -23 -9 -12 -36 -27
right_child=1 2 13 8 7 25 10 33 23 11 34 19 14 18 -16 16 -18 -19 -20 26 -22 32 -24 -25 -26 28 -28 -29 -30 -31 -32 -33 -34 -35 35 -37 -38
leaf_value=-0.16658935192239779 -0.14084399568567985 0.04570034943928155 0.098753527554349976 -0.083010647905192483 -0.021225024606819371 0.087704178786429346 -0.062844580650675413 -0.0025109096310983957 -0.019269818729733681 0.016283841715330649 -0.0186420359501124 0.11547039721144937 -0.064780502268694529 0.16154261682095644 -0.010357357112713211 -0.12078933179469509 -0.0815855890178636 0.060057508027913611 0.18570617747205745 0.073252653948413557 -0.122257399392208 -0.038419337818968759 -0.045184051353153086 0.019789593589000336 -0.04145432493089532 0.13930825468942976 0.082965832327061118 0.042469086883953261 0.22757887056889151 0.14565178546527968 0.11836928434159291 0.013404976322199488 0.02124711776089928 0.045335729329347201 -0.072638692983209199 -0.033131086584141295 0.099500775175198022
leaf_weight=1490 814 1361 2169 1783 7424 1322 3588 540 3907 1701 936 1039 2927 1143 1421 3628 7214 2422 1760 4712 2566 367 3772 1419 179 1597 4120 3136 114 672 1214 4597 1856 3695 1943 1286 1134
leaf_count=1490 814 1361 2169 1783 7424 1322 3588 540 3907 1701 936 1039 2927 1143 1421 3628 7214 2422 1760 4712 2566 367 3772 1419 179 1597 4120 3136 114 672 1214 4597 1856 3695 1943 1286 1134
internal_value=0 0.0447096 0.078379 -0.071008 -0.015215 0.0628993 -0.0889758 0.00244344 -0.0336043 0.0535829 -0.0781641 0.0658037 -0.0611117 0.139014 -0.0469941 -0.0867823 -0.0947041 0.0321337 0.159142 0.0722797 -0.138543 -0.0137079 -0.0573253 -0.00886326 -0.122928 0.114518 0.0685301 0.0609518 0.126978 0.109847 0.139306 0.0207823 0.0113967 0.0392349 -0.0483055 -0.0569042 0.122779
internal_weight=0 53436 34213 33532 19223 27255 22651 13882 10881 23088 18595 14708 5341 6958 4348 14430 10842 8380 4117 13007 4056 9647 5555 5326 993 4167 11968 7848 2845 2841 2357 5958 2223 4235 4165 3229 2731
internal_count=86968 53436 34213 33532 19223 27255 22651 13882 10881 23088 18595 14708 5341 6958 4348 14430 10842 8380 4117 13007 4056 9647 5555 5326 993 4167 11968 7848 2845 2841 2357 5958 2223 4235 4165 3229 2731
is_linear=0
shrinkage=0.0640495


Tree=8
num_leaves=38
num_cat=0
split_feature=6 11 0 6 0 11 0 11 6 11 11 0 0 6 11 6 11 0 11 11 11 0 11 11 6 11 6 6 11 0 11 6 11 0 11 11 11
split_gain=5090.31 3398.02 1802.2 1124.47 673.615 853.514 954.038 654.14 594.481 543.897 773.732 532.536 501.116 456.474 401.453 392.956 387.25 296.501 335.16 300.955 295.375 287.957 275.014 273.803 273.729 245.097 230.323 229.896 223.437 214.069 291.344 210.404 208.001 493.685 336.112 323.523 311.438
threshold=433.00000000000006 -1.0000000180025095e-35 14.500000000000002 413.00000000000006 14.500000000000002 1.0000000180025095e-35 11.500000000000002 -1.4477954272585394 451.00000000000006 -1.199133676478481 -0.87488251127017036 12.500000000000002 12.500000000000002 391.00000000000006 -1.3127955598683403 451.00000000000006 2.6441154546989658 10.500000000000002 0.23021231752163265 0.69438804105147911 -1.1529986533038328 11.500000000000002 1.5118471148718469 2.485941344448277 451.00000000000006 -0.962979128034123 467.00000000000006 517.00000000000011 0.63644401799098171 15.500000000000002 0.96885838912311917 475.00000000000006 -0.061376166714358284 12.500000000000002 -0.46390113703599639 -0.60818351707111862 -0.77453113949532792
decision_type=2 2 2 2 2 2 2 2 2 2 2 2 2 2 2 2 2 2 2 2 2 2 2 2 2 2 2 2 2 2 2 2 2 2 2 2 2
left_child=3 2 9 13 5 6 24 -4 28 11 12 -2 25 -1 -13 -12 17 18 -10 -19 -5 -15 -21 29 -3 -11 -26 -8 -7 30 -6 -24 34 -34 35 36 -17
right_child=1 4 7 20 23 8 27 -9 16 10 15 14 -14 21 -16 32 -18 19 -20 22 -22 -23 31 -25 26 -27 -28 -29 -30 -31 -32 -33 33 -35 -36 -37 -38
leaf_value=0.13732405523851113 -0.07133530178747835 0.064843266305138342 0.074449303329463562 -0.041655666872273282 0.016929984828847045 -0.0034856418848871781 -0.003866265805555838 0.0016896061873916094 0.018800739293574429 -0.0018590842580206472 -0.0093924973483473437 -0.0060141227716674879 -0.025274022450572784 0.089056987694624709 -0.068101517711338225 -0.047117480623206573 0.079222147977018043 -0.019446485015964944 -0.034657024038807847 0.011195366437078224 0.032777207093084092 0.042816694186879271 0.0064456723459497952 0.089931992269082189 0.0050702402074877988 0.03643988132668604 0.038683021474804367 0.044526449350517409 0.027439179265539716 0.0090529512334789133 0.046298534884949984 -0.044976232599540061 -0.11686451961522536 -0.0094460658748877751 -0.018212154595757007 -0.057530878174422352 -0.020705226867045869
leaf_weight=459 2120 1100 542 226 3945 1565 5942 7827 553 1378 3303 1379 1951 1166 619 3159 187 4643 3702 4017 6784 1050 581 230 1185 1364 2842 432 2473 4707 2136 745 383 324 4856 2735 4358
leaf_count=459 2120 1100 542 226 3945 1565 5942 7827 553 1378 3303 1379 1951 1166 619 3159 187 4643 3702 4017 6784 1050 581 230 1185 1364 2842 432 2473 4707 2136 745 383 324 4856 2735 4358
internal_value=0 -0.00539872 -0.0196699 0.0438592 0.00724037 0.00226141 0.0159582 0.00640173 -0.00626922 -0.0274823 -0.0237652 -0.048975 -0.000461845 0.0791887 -0.0252494 -0.0294856 -0.0123489 -0.0135513 -0.0277094 -0.00751859 0.0303775 0.0671471 0.00284661 0.0207823 0.0365268 0.0171926 0.028792 -0.000586433 0.0154537 0.019308 0.0272459 -0.0224452 -0.0336821 -0.0676374 -0.0320931 -0.038668 -0.0318049
internal_weight=0 77283 36298 9685 40985 29967 11501 8369 18466 27929 23811 4118 4693 2675 1998 19118 14428 14241 4255 9986 7010 2216 5343 11018 5127 2742 4027 6374 4038 10788 6081 1326 15815 707 15108 10252 7517
internal_count=86968 77283 36298 9685 40985 29967 11501 8369 18466 27929 23811 4118 4693 2675 1998 19118 14428 14241 4255 9986 7010 2216 5343 11018 5127 2742 4027 6374 4038 10788 6081 1326 15815 707 15108 10252 7517
is_linear=0
shrinkage=0.0640495


Tree=9
num_leaves=38
num_cat=0
split_feature=10 10 8 10 8 8 8 10 10 10 8 10 10 6 6 8 11 8 8 6 10 8 11 8 6 8 11 11 6 11 8 8 11 8 10 10 10
split_gain=58080.1 11748.7 6508.77 4808.54 3509.23 1648.85 1399.84 1210.14 1006.95 861.56 837.845 674.648 997.394 553.525 526.746 445.887 411.471 407.895 361.013 337.772 343.693 322.091 318.195 303.098 301.521 289.456 289.028 287.922 280.023 273.793 269.427 255.001 243.386 237.506 231.095 250.734 235.46
threshold=6.5000000000000009 10.500000000000002 7.5928607474277392 4.5000000000000009 8.1707303732977721 6.8605188340293486 8.9671532846715341 13.500000000000002 13.500000000000002 7.3095206087166948 7.0279709426678503 1.5000000000000002 3.5000000000000004 437.00000000000006 441.00000000000006 7.3097824042729265 0.27167616592775284 6.3137839628893309 7.4020206525558896 413.00000000000006 9.5000000000000018 6.6707122216556192 -0.65412426540711233 8.3271524316892958 449.00000000000006 8.8929345346715341 0.084706253826124275 0.12830511036513664 451.00000000000006 -1.0859781222493761 7.0603115767589459 9.7615533354817945 2.3733649301775555 9.6969899028386379 3.5000000000000004 1.5000000000000002 2.5000000000000004
decision_type=2 2 2 2 2 2 2 2 2 2 2 2 2 2 2 2 2 2 2 2 2 2 2 2 2 2 2 2 2 2 2 2 2 2 2 2 2
left_child=3 2 5 10 7 17 9 15 33 -4 34 -12 25 -11 30 28 18 -2 -5 -7 -21 -16 -8 -15 -19 -13 -24 -17 -3 -10 -9 -20 -14 -6 35 -1 -37
right_child=1 4 6 16 8 19 22 14 29 13 11 12 32 23 21 27 -18 24 31 20 -22 -23 26 -25 -26 -27 -28 -29 -30 -31 -32 -33 -34 -35 -36 36 -38
leaf_value=-0.089286455851722388 -0.06198433019817879 0.065582498361781677 0.0031404388827681235 -0.055241554702411363 0.096328174815842049 0.066644313743658076 0.041055036372923494 0.068024134393309718 0.072028132721105864 0.076683615392775878 -0.049425103044316604 -0.097677784606370818 -0.058278362006859603 0.033331147079658924 0.032753387726176246 0.048480867848034612 -0.013903614925909137 0.0074900129478850577 -0.0292970041835156 0.0012271374843622117 0.033871982408329143 0.087917448611043073 0.11533494955846792 0.056967395840591205 -0.032955655599661043 -0.037585367853871968 0.066801771832524573 0.083615452761078138 0.02264429908943532 0.16449778589874853 0.15755524934073911 0.068410404955476331 0.054537650484906317 0.14235315158387382 -0.078211016757268673 -0.13223988299491707 -0.099483043574516095
leaf_weight=2165 1564 805 2131 3378 2863 379 449 177 140 2161 3457 7458 4046 6871 501 2209 3773 977 3617 10736 1509 3257 1588 3292 3345 344 737 1688 2757 2128 624 113 80 548 1487 1916 1698
leaf_count=2165 1564 805 2131 3378 2863 379 449 177 140 2161 3457 7458 4046 6871 501 2209 3773 977 3617 10736 1509 3257 1588 3292 3345 344 737 1688 2757 2128 624 113 80 548 1487 1916 1698
internal_value=0 0.0415444 0.0204108 -0.0659938 0.0842236 -0.00595985 0.0487422 0.0646175 0.125714 0.0407444 -0.0828044 -0.0743389 -0.0815595 0.0472467 0.0906145 0.0487279 -0.0309991 -0.0339556 -0.0400736 0.00709328 0.00525009 0.0805632 0.0904176 0.0409874 -0.0238128 -0.0950282 0.0999505 0.0636995 0.0323482 0.15879 0.137771 -0.026337 -0.0560909 0.103722 -0.100729 -0.106523 -0.116849
internal_weight=0 53436 35739 33532 17697 18510 17229 12018 5679 14455 22651 15385 11928 12324 4559 7459 10881 5886 7108 12624 12245 3758 2774 10163 4322 7802 2325 3897 3562 2268 801 3730 4126 3411 7266 5779 3614
internal_count=86968 53436 35739 33532 17697 18510 17229 12018 5679 14455 22651 15385 11928 12324 4559 7459 10881 5886 7108 12624 12245 3758 2774 10163 4322 7802 2325 3897 3562 2268 801 3730 4126 3411 7266 5779 3614
is_linear=0
shrinkage=0.0640495


Tree=10
num_leaves=38
num_cat=0
split_feature=7 7 7 7 0 7 7 0 11 11 6 7 0 6 11 6 1 0 11 7 1 0 11 11 0 1 6 11 7 11 0 11 6 6 11 11 6
split_gain=36678.2 6393.57 6222.5 2306.07 2075.74 1553.77 1011.69 831.48 660.364 598.389 566.904 467.932 443.174 488.022 425.935 401.162 361.308 498.58 339.693 322.766 317.257 329.412 303.671 300.185 291.572 286.182 347.546 277.558 258.439 257.382 250.436 242.845 233.754 227.78 220.968 218.752 210.244
threshold=7.5594469460382028 6.4034943328787106 8.7320895522388078 5.4291044776119408 14.500000000000002 9.7491935483870993 8.1561424657534261 14.500000000000002 -0.010742078143090821 -0.45242272007108764 419.00000000000006 6.8776650189377717 14.500000000000002 447.00000000000006 1.0770481435909016 521.00000000000011 7.6195132788424278 13.500000000000002 -1.0393213428170125 7.0559823193659854 7.6195132788424278 12.500000000000002 1.9984160609121566 -0.88089321447199709 14.500000000000002 7.6195132788424278 427.00000000000006 -1.0000000180025095e-35 10.223706609429355 -0.94808783641903771 14.500000000000002 -1.4477954272585394 437.00000000000006 401.00000000000006 -0.010742078143090821 -0.66045941632488425 451.00000000000006
decision_type=2 2 2 2 2 2 2 2 2 2 2 2 2 2 2 2 2 2 2 2 2 2 2 2 2 2 2 2 2 2 2 2 2 2 2 2 2
left_child=1 3 6 24 10 8 12 -5 23 20 -3 16 13 29 33 34 27 36 -7 -6 21 -8 31 -4 -1 -16 -27 -12 -20 -2 -23 -14 -11 -10 -15 -22 -18
right_child=2 4 5 7 19 18 9 -9 14 32 11 -13 22 15 25 -17 17 -19 28 -21 35 30 -24 -25 -26 26 -28 -29 -30 -31 -32 -33 -34 -35 -36 -37 -38
leaf_value=-0.13987654453911091 -0.051015495337378584 0.013867574189300158 0.065350362004208032 -0.076300731202169625 -0.0047280694663006852 0.032061772991247281 0.070285633826460497 -0.035714034498373515 0.15822491521777407 0.063928338898029805 -0.076253742675445588 -0.027726063281431873 0.1168163552951933 -0.01665936277208702 0.076221197190650625 0.053108652740933772 -0.01430054680997829 0.010581824552740237 0.097007903964737019 0.026565124253919752 0.012309249236789438 -0.0073686533206670712 0.12355990772314443 0.031604822210222469 -0.097463342253259602 0.12801589819348799 0.015156511692515206 -0.046405459738510721 0.13208336516257643 0.03071358724854413 0.054989360284402024 0.022750466263285758 0.037990334919246693 0.079350412574828055 0.003582925139037543 -0.027380270955919613 -0.051595674420999257
leaf_weight=2296 167 841 1539 8176 5017 243 709 2773 155 1727 2480 7443 116 4211 812 497 748 773 2281 1851 2266 743 134 3637 936 125 1071 2637 1385 2957 410 3829 8160 4852 4661 761 3626
leaf_count=2296 167 841 1539 8176 5017 243 709 2773 155 1727 2480 7443 116 4211 812 497 748 773 2281 1851 2266 743 134 3637 936 125 1071 2637 1385 2957 410 3829 8160 4852 4661 761 3626
internal_value=0 -0.0455991 0.0378943 -0.0800544 -0.0263745 0.0702597 0.0212718 -0.0660215 0.0589927 0.0334573 -0.0375127 -0.039953 0.0104068 0.00442191 0.0717975 -0.00288799 -0.0488195 -0.0368376 0.105398 0.00370578 0.0151278 0.0359308 0.0287373 0.0416385 -0.127594 0.0468756 0.026952 -0.0608717 0.110259 0.0263446 0.0148055 0.0255164 0.042521 0.0817921 -0.00602486 0.00233114 -0.0452178
internal_weight=0 39597 47448 14181 25416 16100 31348 10949 12191 14776 18548 17707 16572 12493 7015 9369 10264 5147 3909 6868 4889 1862 4079 5176 3232 2008 1196 5117 3666 3124 1153 3945 9887 5007 8872 3027 4374
internal_count=87045 39597 47448 14181 25416 16100 31348 10949 12191 14776 18548 17707 16572 12493 7015 9369 10264 5147 3909 6868 4889 1862 4079 5176 3232 2008 1196 5117 3666 3124 1153 3945 9887 5007 8872 3027 4374
is_linear=0
shrinkage=0.0640495


Tree=11
num_leaves=38
num_cat=0
split_feature=10 7 10 10 0 7 7 8 10 7 7 7 7 7 0 0 10 10 7 0 8 10 0 10 0 7 0 10 8 8 8 7 7 6 10 0 0
split_gain=49665.2 18953.6 6233.52 4064.67 3547.4 2927.75 2460.82 1565.58 1401.95 1362.14 1194.6 997.654 820.299 788.553 762.173 699.021 597.11 584.954 574.311 503.826 679.831 496.331 477.864 451.464 441.719 427.619 427.026 406.46 384.763 353.371 343.136 313.002 286.587 279.048 275.174 271.914 271.656
threshold=6.5000000000000009 7.4257552483358946 12.500000000000002 3.5000000000000004 13.500000000000002 6.4034943328787106 9.3471964543393131 8.1611061565669569 10.500000000000002 7.2222189815084885 6.237959395376409 5.2282097649186268 8.3877865145748078 7.7329940417080447 14.500000000000002 10.500000000000002 9.5000000000000018 12.500000000000002 8.5453328872532648 14.500000000000002 7.7511301989150097 7.3095206087166948 12.500000000000002 5.5000000000000009 14.500000000000002 5.4291044776119408 12.500000000000002 14.500000000000002 8.9671532846715341 6.6199670385395546 7.7849144003247304 4.1561054579093435 5.2282097649186268 461.00000000000006 7.8095206087166948 11.500000000000002 14.500000000000002
decision_type=2 2 2 2 2 2 2 2 2 2 2 2 2 2 2 2 2 2 2 2 2 2 2 2 2 2 2 2 2 2 2 2 2 2 2 2 2
left_child=3 5 6 4 13 11 7 16 19 22 31 34 26 32 23 -15 18 24 -3 20 -7 -9 33 -11 29 -24 -4 -14 -8 -13 36 -6 -1 -5 -2 -34 -12
right_child=1 2 12 9 10 8 28 21 -10 14 30 17 27 15 -16 -17 -18 -19 -20 -21 -22 -23 25 -25 -26 -27 -28 -29 -30 -31 -32 -33 35 -35 -36 -37 -38
leaf_value=-0.1639634752080007 -0.12581264192759223 0.01576783057807608 0.12175233537824967 -0.054154369949515779 -0.13532367277820542 -0.030998438312590214 0.089549983398028971 0.021937953934201719 0.037668192703043613 -0.04362951299452876 -0.06820436687923892 -0.09870023575023025 0.1220042873786743 -0.12784920063654509 0.012253612480900589 -0.062964545037765662 0.053584057507654534 0.016374277652247478 0.046293143140659937 0.019025973371674752 0.012121413426529724 0.07525493779175628 -0.1145542452828202 -0.010145793789299785 -0.0066425420402886392 -0.03765195269105618 0.071811853343098156 0.16269152895487971 0.13804572051715042 -0.045352589573063574 -0.011901063945148978 -0.078841080148292275 -0.13377557261992237 -0.092233316574950638 -0.063001519627728236 -0.10479798585999729 -0.034546054254215489
leaf_weight=659 702 7525 1290 1296 541 4586 3019 803 3882 4781 1535 613 2364 1014 2036 2075 4508 770 3808 2094 2229 6631 324 2524 1019 3511 1542 1755 863 3013 1605 1572 2638 2020 483 2676 2739
leaf_count=659 702 7525 1290 1296 541 4586 3019 803 3882 4781 1535 613 2364 1014 2036 2075 4508 770 3808 2094 2229 6631 324 2524 1019 3511 1542 1755 863 3013 1605 1572 2638 2020 483 2676 2739
internal_value=0 0.038229 0.0669739 -0.0611789 -0.0831035 -0.0123322 0.0531211 0.0452471 0.00554516 -0.0385071 -0.0519976 -0.046979 0.121096 -0.110537 -0.0224015 -0.0842637 0.0338674 -0.0353299 0.0260246 -0.00845211 -0.0168951 0.0694958 -0.0595451 -0.0320603 -0.0439008 -0.044149 0.0945602 0.13934 0.100331 -0.0543714 -0.037152 -0.0933025 -0.124124 -0.0773508 -0.100211 -0.119183 -0.0466344
internal_weight=0 53499 34108 33546 17054 19391 27157 23275 12791 16492 7992 6600 6951 9062 9341 3089 15841 5415 11333 8909 6815 7434 7151 7305 4645 3835 2832 4119 3882 3626 5879 2113 5973 3316 1185 5314 4274
internal_count=87045 53499 34108 33546 17054 19391 27157 23275 12791 16492 7992 6600 6951 9062 9341 3089 15841 5415 11333 8909 6815 7434 7151 7305 4645 3835 2832 4119 3882 3626 5879 2113 5973 3316 1185 5314 4274
is_linear=0
shrinkage=0.0640495


Tree=12
num_leaves=38
num_cat=0
split_feature=10 7 10 10 0 7 10 7 7 8 7 10 8 8 0 10 7 7 7 0 0 7 7 0 7 8 10 8 0 8 7 8 7 0 7 7 0
split_gain=43677.4 16082.7 5971.41 4836.72 3466.59 2508.53 1898.02 1603.66 1489.62 1389.24 1360.25 747.273 746.094 736.647 674.379 639.119 622.571 541.851 541.465 528.139 450.275 442.119 432.324 419.965 412.262 328.013 326.882 307.398 302.327 318.658 293.822 291.647 278.299 277.834 268.821 262.459 256.561
threshold=7.3095206087166948 7.0559823193659854 4.5000000000000009 13.500000000000002 12.500000000000002 9.052387116424276 9.5000000000000018 7.6330105738226459 5.8784722222222232 8.0985446760823869 5.4291044776119408 2.5000000000000004 7.182897780805316 8.2188267568343516 14.500000000000002 10.500000000000002 7.6713783201192962 6.4034943328787106 8.0589448958862384 15.500000000000002 14.500000000000002 6.4034943328787106 5.7488095238095243 14.500000000000002 8.281609396955437 10.031250000000002 10.500000000000002 9.3750000000000018 14.500000000000002 7.2056564780767731 8.6456745853877202 6.3917250241232066 8.8048138577854349 11.500000000000002 8.4784737907936769 4.0962030443866464 11.500000000000002
decision_type=2 2 2 2 2 2 2 2 2 2 2 2 2 2 2 2 2 2 2 2 2 2 2 2 2 2 2 2 2 2 2 2 2 2 2 2 2
left_child=2 6 4 5 11 9 10 21 -6 15 -2 31 -12 24 16 18 -10 35 23 30 32 -4 -14 -3 -5 -7 -11 -18 29 -23 -16 -1 -9 -33 -13 -8 -20
right_child=1 3 7 13 8 25 17 20 14 26 12 34 22 -15 19 -17 27 -19 36 -21 -22 28 -24 -25 -26 -27 -28 -29 -30 -31 -32 33 -34 -35 -36 -37 -38
leaf_value=-0.1818051914424299 -0.11200074676093542 0.003327249220927057 -0.063547146281725878 0.079742826835113634 -0.097150282201153515 0.087696077051436519 -0.10860114446418451 -0.017352970687107352 -0.075610150560919007 0.059440374712852587 -0.048139814691149321 -0.094054800954333245 -0.051997529729154522 0.15385722423547354 -0.01571862992582122 0.056018050800793986 -0.03835714275597292 0.026956400956097488 0.057186465458690314 -0.052671269648990784 0.02808735376376675 -0.062280040374728465 0.0013591523422653131 0.045703043930846905 0.12535253400661914 0.15004257971290447 0.089576896936963066 0.081915311743208027 -0.0048722073128787645 -0.025716105911539409 0.050899459144037491 -0.13137197462963449 0.011883242201607641 -0.092698008626589265 -0.056771899128467342 -0.0079567734350257154 0.029559235685793037
leaf_weight=331 846 4465 2511 1554 2427 5597 112 4531 3221 4875 3542 4148 760 1891 3066 4070 2779 3753 2246 1817 1729 1584 3455 1222 1705 369 2118 90 1357 2555 298 2362 1894 1125 981 2087 3572
leaf_count=331 846 4465 2511 1554 2427 5597 112 4531 3221 4875 3542 4148 760 1891 3066 4070 2779 3753 2246 1817 1729 1584 3455 1222 1705 369 2118 90 1357 2555 298 2362 1894 1125 981 2087 3572
internal_value=0 0.040617 -0.0506613 0.0649273 -0.0718866 0.0546163 -0.0156433 -0.0209202 -0.0516335 0.044852 -0.0348816 -0.102894 -0.0264707 0.122056 -0.0418323 0.0342039 -0.0562828 0.0121637 0.0264869 -0.0248464 -0.000926713 -0.0412807 -0.00826151 0.0124328 0.103604 0.0915522 0.068568 -0.0345842 -0.0311077 -0.0397092 -0.00981727 -0.124349 -0.00873454 -0.118895 -0.0869239 -0.0130828 0.0402245
internal_weight=0 48239 38806 33684 22645 28534 14555 16161 13698 22568 8603 8947 7757 5150 11271 15575 6090 5952 11505 5181 8154 8007 4215 5687 3259 5966 6993 2869 5496 4139 3364 3818 6425 3487 5129 2199 5818
internal_count=87045 48239 38806 33684 22645 28534 14555 16161 13698 22568 8603 8947 7757 5150 11271 15575 6090 5952 11505 5181 8154 8007 4215 5687 3259 5966 6993 2869 5496 4139 3364 3818 6425 3487 5129 2199 5818
is_linear=0
shrinkage=0.0640495


Tree=13
num_leaves=38
num_cat=0
split_feature=10 7 10 10 0 7 10 8 7 7 7 7 7 7 0 0 7 8 7 0 10 10 0 7 7 10 0 8 10 7 10 10 8 8 7 8 7
split_gain=38262.2 14631.4 4932.2 3168.86 2771.56 2044.61 2020.91 1308.31 1041.03 1030.9 930.177 782.631 762.931 636.428 595.774 560.679 545.898 506.048 473.929 463.221 422.994 392.249 389.436 379.858 355.768 348.502 344.956 320.553 320.286 311.901 302.973 284.146 275.839 274.415 268.211 263.517 261.708
threshold=6.5000000000000009 7.270293142763113 12.500000000000002 3.5000000000000004 13.500000000000002 9.3471964543393131 7.8095206087166948 8.1611061565669569 7.2222189815084885 5.4291044776119408 6.237959395376409 6.4034943328787106 8.3877865145748078 7.7329940417080447 14.500000000000002 10.500000000000002 8.0242656711519533 7.1958634551131624 5.7488095238095243 14.500000000000002 11.500000000000002 7.3095206087166948 12.500000000000002 8.4460580397470668 5.1213188220230483 7.3095206087166948 12.500000000000002 8.9671532846715341 14.500000000000002 9.654701631178165 8.5000000000000018 4.5000000000000009 7.4351124343188397 6.5687351093783848 4.0962030443866464 7.7849144003247304 4.1561054579093435
decision_type=2 2 2 2 2 2 2 2 2 2 2 2 2 2 2 2 2 2 2 2 2 2 2 2 2 2 2 2 2 2 2 2 2 2 2 2 2
left_child=3 6 5 4 13 7 9 16 22 -2 36 34 26 -1 23 -15 30 19 -19 -11 -13 -9 -5 31 -24 -18 -4 -7 -14 35 -3 -10 -32 -22 -8 -12 -6
right_child=1 2 12 8 10 27 11 21 14 17 29 20 28 15 -16 -17 25 18 -20 -21 33 -23 24 -25 -26 -27 -28 -29 -30 -31 32 -33 -34 -35 -36 -37 -38
leaf_value=-0.1095113371209505 -0.10832050644363482 0.00431660864080609 0.103908498688071 -0.068145826679354565 -0.1204338231360159 0.078653714744622683 -0.095457186437858943 0.018570621164441893 -0.065150743548252191 -0.060713885606875309 -0.043156750050159322 0.0052411245587175833 0.10730719228738277 -0.11273692588989825 0.011039290588430381 -0.054626478971415322 0.0056203028951039334 -0.064432346558999737 -0.0039825589478552454 -0.0044897645263696799 -0.020327239696351616 0.065362088823149159 -0.10715452977863024 -0.011257319444747423 -0.032656055306174353 0.042901210887984334 0.060817507465816656 0.12291832437456635 0.1434247705873451 0.057189305653984231 0.014984457695303967 -0.029329401817786677 0.055511668039029939 0.045839547961380872 -0.015092928269314469 -0.012044930210839586 -0.0687863219258011
leaf_weight=5973 765 4297 1404 3316 541 3019 180 823 1335 2656 4203 3882 2364 1014 2036 2075 1170 639 3179 777 289 6870 284 3127 3551 8514 1667 863 1755 155 1723 2843 1148 2332 3183 1521 1572
leaf_count=5973 765 4297 1404 3316 541 3019 180 823 1335 2656 4203 3882 2364 1014 2036 2075 1170 639 3179 777 289 6870 284 3127 3551 8514 1667 863 1755 155 1723 2843 1148 2332 3183 1521 1572
internal_value=0 0.0335547 0.0572884 -0.0536981 -0.0730566 0.0453015 -0.0137175 0.0384702 -0.03368 -0.0376051 -0.0455619 0.00569088 0.104681 -0.0973048 -0.0196002 -0.0737019 0.0284792 -0.0301445 -0.0140997 -0.0479885 0.0186636 0.0603563 -0.0520718 -0.0281398 -0.038173 0.038397 0.0805178 0.0884941 0.122696 -0.032462 0.0150801 -0.0407754 0.0311897 0.0385438 -0.0193943 -0.0348896 -0.0820098
internal_weight=0 53499 35617 33546 17054 28427 17882 24545 16492 8016 7992 9866 7190 9062 9341 3089 16852 7251 3818 3433 6503 7693 7151 7305 3835 9684 3071 3882 4119 5879 7168 4178 2871 2621 3363 5724 2113
internal_count=87045 53499 35617 33546 17054 28427 17882 24545 16492 8016 7992 9866 7190 9062 9341 3089 16852 7251 3818 3433 6503 7693 7151 7305 3835 9684 3071 3882 4119 5879 7168 4178 2871 2621 3363 5724 2113
is_linear=0
shrinkage=0.0640495


Tree=14
num_leaves=38
num_cat=0
split_feature=10 7 10 10 0 7 10 7 7 7 7 8 8 8 10 7 8 0 0 7 7 0 7 7 0 7 6 11 11 6 0 10 10 10 8 7 0
split_gain=33600.1 12415.3 4622.58 3768.08 2747.4 2007.23 1487.43 1233.29 1184.09 1060.23 828.903 626.51 625.345 603.598 598.573 444.329 437.208 421.827 407.567 404.966 375.025 366.791 351.549 336.006 329.594 313.962 303.521 300.134 292.721 277.494 266.164 263.813 260.578 251.533 246.621 244.743 241.403
threshold=7.3095206087166948 7.0559823193659854 4.5000000000000009 13.500000000000002 12.500000000000002 8.3461820851688717 9.5000000000000018 7.6330105738226459 6.4860767326732676 5.4291044776119408 9.3471964543393131 7.4838631318676985 8.2188267568343516 7.182897780805316 2.5000000000000004 9.654701631178165 8.1424908424908438 14.500000000000002 15.500000000000002 6.4034943328787106 5.24751718869366 14.500000000000002 6.4034943328787106 5.7488095238095243 14.500000000000002 8.1561424657534261 439.00000000000006 -1.7647774888393983 0.47615938525245194 413.00000000000006 11.500000000000002 10.500000000000002 1.5000000000000002 9.5000000000000018 6.7885906214337597 5.9386913719588668 14.500000000000002
decision_type=2 2 2 2 2 2 2 2 2 2 2 2 2 2 2 2 2 2 2 2 2 2 2 2 2 2 2 2 2 2 2 2 2 2 2 2 2
left_child=2 6 4 5 14 11 9 22 20 -2 16 24 25 -11 32 17 -7 27 -19 -8 -6 -9 -4 -15 29 26 -5 -10 -29 -3 -18 -31 34 -13 -1 -16 -24
right_child=1 3 7 12 8 10 19 21 15 13 -12 33 -14 23 35 -17 30 18 -20 -21 -22 -23 36 -25 -26 -27 -28 28 -30 31 -32 -33 -34 -35 -36 -37 -38
leaf_value=-0.13634872424867761 -0.098922459825911732 0.085092811681836189 -0.055977235626492546 0.14297524781999538 -0.10948066348460826 0.045109686819695148 -0.011016010402581584 -0.007780443889660228 0.082829475268442795 -0.042901884302913612 0.089884677141311264 0.033545339874677435 0.13670874677190184 -0.045590738609044834 -0.10826207341562086 0.041813284524400814 0.090258767231636769 -0.0058721414340347925 -0.047147492802318919 0.023598232581204238 -0.063395690909411398 0.025453111300251484 -0.034736765524480274 0.0014481843530388329 0.040310455940254696 0.10661247143428876 0.053582780252213864 -0.059236479543283191 -0.02429615831876749 -0.0040561646312489647 0.057720565025857373 0.032379910875854068 -0.1214091226434095 0.057891526043078192 -0.069282550625219513 -0.070272483363640781 -0.0036072088717707287
leaf_weight=297 846 181 2511 181 945 6700 2199 6425 71 3542 3839 4399 1891 760 830 316 1780 2750 1526 3753 3103 1729 4139 3455 1671 1958 1120 3639 1348 3575 2452 1056 2594 2881 927 4299 1357
leaf_count=297 846 181 2511 181 945 6700 2199 6425 71 3542 3839 4399 1891 760 830 316 1780 2750 1526 3753 3103 1729 4139 3455 1671 1958 1120 3639 1348 3575 2452 1056 2594 2881 927 4299 1357
internal_value=0 0.0356247 -0.0444342 0.0569841 -0.0631091 0.0478832 -0.0138064 -0.0182668 -0.0450789 -0.0308372 0.0642809 0.0302844 0.107409 -0.0234116 -0.0907136 -0.0328823 0.0552896 -0.0354111 -0.0206023 0.0108098 -0.0741542 -0.000733496 -0.0361221 -0.00703333 0.0158033 0.0904076 0.0660194 -0.0479304 -0.049792 0.00729306 0.0714063 0.0042523 -0.109915 0.0431801 -0.085556 -0.0764201 -0.0270507
internal_weight=0 48239 38806 33684 22645 28534 14555 16161 13698 8603 14771 13763 5150 7757 8947 9650 10932 9334 4276 5952 4048 8154 8007 4215 6483 3259 1301 5058 4987 4812 4232 4631 3818 7280 1224 5129 5496
internal_count=87045 48239 38806 33684 22645 28534 14555 16161 13698 8603 14771 13763 5150 7757 8947 9650 10932 9334 4276 5952 4048 8154 8007 4215 6483 3259 1301 5058 4987 4812 4232 4631 3818 7280 1224 5129 5496
is_linear=0
shrinkage=0.0640495


Tree=15
num_leaves=38
num_cat=0
split_feature=7 7 7 0 7 7 11 0 7 11 7 0 0 11 11 11 11 11 7 11 11 7 0 7 11 11 11 0 11 7 0 11 0 0 0 7 11
split_gain=19742 3801.19 3241.22 1387.89 1149.25 818.597 765.099 648.568 488.264 385.608 353.852 268.032 337.217 332.958 258.556 245.267 227.676 221.977 206.497 196.675 184.882 183.395 180.789 180.464 171.465 167.831 157.019 165.952 156.981 153.464 200.916 229.001 152.579 152.259 142.551 138.875 137.33
threshold=7.6571645740280472 6.1949399148569286 8.8048138577854349 14.500000000000002 4.3781138790035596 10.109609609609612 -0.1473117690419857 14.500000000000002 6.8776650189377717 -0.16969808700081332 8.4784737907936769 14.500000000000002 12.500000000000002 -1.3589921278676007 -1.0000000180025095e-35 1.1049596122186494 -1.0074699857255198 0.43868427769309876 6.9271966662012536 -0.88089321447199709 0.58754212556909502 8.249497991967873 9.5000000000000018 9.2103015278488876 1.0000000180025095e-35 2.6441154546989658 1.0000000180025095e-35 11.500000000000002 -1.3328459982997494 8.0889157162051593 11.500000000000002 -1.0000000180025095e-35 14.500000000000002 10.500000000000002 10.500000000000002 6.6357207199145751 0.17340500491267866
decision_type=2 2 2 2 2 2 2 2 2 2 2 2 2 2 2 2 2 2 2 2 2 2 2 2 2 2 2 2 2 2 2 2 2 2 2 2 2
left_child=1 4 6 8 17 9 11 28 14 19 24 12 21 -13 -3 23 -7 32 -5 -4 -19 34 -10 -11 29 -17 27 -25 -6 -8 31 -31 -1 -21 -2 -16 -12
right_child=2 3 5 18 7 16 10 -9 22 15 36 13 -14 -15 35 25 -18 20 -20 33 -22 -23 -24 26 -26 -27 -28 -29 -30 30 -32 -33 -34 -35 -36 -37 -38
leaf_value=-0.12015651724866473 -0.016738931559029644 -0.045260302643879508 0.052690908457266046 -0.0042167172836532233 -0.086139276466394715 0.015774494878992521 0.019244957564458289 -0.023013433916568012 -0.055975773852639514 0.051674262882343891 0.051788304766701168 0.094351136168547914 -0.012251687026244509 0.016519481481290947 -0.038285599953033669 0.032922898889959543 0.094429162003654241 0.024220013795746641 0.017241118241921538 -0.0011937224291782549 -0.079363749114260126 0.022953728213356624 -0.014974061604641108 0.11176048594855503 0.014794490094141546 0.11172351048870151 0.059295768746492609 0.068981565731826427 -0.057792350895892665 -0.025871174499560379 0.026709779166338748 0.077465416951534138 -0.082430821878543087 0.03212506464389852 0.012763808172146139 -0.018852870857757137 0.031052723905741545
leaf_weight=1473 1213 6212 1463 5063 923 162 2506 2411 463 2496 2318 250 4445 2299 2553 1837 2218 87 2890 738 377 2801 9354 718 8123 118 1326 772 6085 99 1344 790 627 2368 1506 3688 3014
leaf_count=1473 1213 6212 1463 5063 923 162 2506 2411 463 2496 2318 250 4445 2299 2553 1837 2218 87 2890 738 377 2801 9354 718 8123 118 1326 772 6085 99 1344 790 627 2368 1506 3688 3014
internal_value=0 -0.0314904 0.0295151 -0.0193871 -0.0620167 0.0548004 0.0178095 -0.0516677 -0.0275893 0.0479084 0.0261941 0.0056192 0.000878336 0.024153 -0.0360098 0.0570752 0.0890754 -0.100034 0.00358074 0.0333285 -0.0599418 0.0114513 -0.0169078 0.0642137 0.020443 0.0376792 0.0753281 0.0895958 -0.0615258 0.030125 0.0423351 0.0659577 -0.108893 0.0242084 -0.000397951 -0.0268022 0.0400672
internal_weight=0 42206 44924 30223 11983 14216 30708 9419 22270 11836 18194 12514 9965 2549 12453 7267 2380 2564 7953 4569 464 5520 9817 5312 12862 1955 2816 1490 7008 4739 2233 889 2100 3106 2719 6241 5332
internal_count=87130 42206 44924 30223 11983 14216 30708 9419 22270 11836 18194 12514 9965 2549 12453 7267 2380 2564 7953 4569 464 5520 9817 5312 12862 1955 2816 1490 7008 4739 2233 889 2100 3106 2719 6241 5332
is_linear=0
shrinkage=0.0640495


Tree=16
num_leaves=38
num_cat=0
split_feature=7 7 8 7 0 8 7 8 0 7 6 6 8 8 7 1 6 0 8 6 8 1 8 7 6 6 8 8 0 1 0 0 6 0 0 0 6
split_gain=17294 3333.55 3031.04 1610.74 1246.97 1244.06 990.743 746.849 554.717 449.373 451.125 443.738 370.68 368.493 366.807 352.511 341.002 377.345 334.438 309.238 303.108 285.607 263.036 239.914 291.972 231.528 224.943 211.98 226.107 208.345 298.484 274.533 368.472 268.846 198.36 260.269 195.893
threshold=7.6571645740280472 6.0649013499480793 8.3119300370475937 8.5975543478260885 14.500000000000002 7.4858461491046944 4.3781138790035596 9.6969899028386379 14.500000000000002 9.9415849673202636 391.00000000000006 413.00000000000006 8.7478991596638682 6.3137839628893309 9.1621109896263917 7.6195132788424278 411.00000000000006 14.500000000000002 6.5827604726100981 419.00000000000006 6.9923728068934405 7.6195132788424278 6.4243421052631584 8.1561424657534261 505.00000000000006 505.00000000000006 7.1823775963809062 7.7293087535218126 15.500000000000002 7.6195132788424278 11.500000000000002 11.500000000000002 431.00000000000006 10.500000000000002 14.500000000000002 15.500000000000002 427.00000000000006
decision_type=2 2 2 2 2 2 2 2 2 2 2 2 2 2 2 2 2 2 2 2 2 2 2 2 2 2 2 2 2 2 2 2 2 2 2 2 2
left_child=1 6 3 13 5 20 34 11 22 10 -5 -4 19 -2 21 18 -15 -18 -12 -7 29 23 -8 -13 -25 -16 -6 28 -19 30 33 32 -31 -3 -1 -36 -17
right_child=2 4 7 9 26 12 8 -9 -10 -11 15 14 -14 16 25 36 17 27 -20 -21 -22 -23 -24 24 -26 -27 -28 -29 -30 31 -32 -33 -34 -35 35 -37 -38
leaf_value=-0.10568968645170465 -0.04066329952253895 -0.070536299935916993 0.10569376377803809 0.15647215218291255 -0.0083829101576934507 0.040388634430001159 -0.093513364965863252 0.08785242114736691 -0.022139908423542805 0.076129163399909799 -0.023814865479592488 0.028047152539040957 0.030571044553206816 0.060083427920722937 0.057758019277415661 0.062318069074126008 0.0005189040468166359 0.025687360867322529 0.047583144832486171 -0.015375402923245733 -0.030198143864296863 0.024589569782454915 -0.053489331207100199 0.059823693567303965 0.17531981324732207 0.12617786328285174 0.013252451367685136 0.045875703338582201 -0.008581248005912161 0.086266143713643703 -0.071690151291831206 -0.012656874568954604 -0.065078802114486647 0.00027664030277153721 -0.046198891793487219 -0.1300460579919637 0.018181083935520582
leaf_weight=1758 681 373 504 117 3589 429 758 2249 2401 994 286 1113 898 489 2759 440 13626 2300 4565 8318 7082 3916 6050 1638 95 219 4374 1125 1203 70 2478 1133 1153 536 603 203 6605
leaf_count=1758 681 373 504 117 3589 429 758 2249 2401 994 286 1113 898 489 2759 440 13626 2300 4565 8318 7082 3916 6050 1638 95 219 4374 1125 1203 70 2478 1133 1153 536 603 203 6605
internal_value=0 -0.0294734 0.0276247 0.0172989 -0.0182777 -0.0259957 -0.0584143 0.0544299 -0.0486102 0.0347422 0.0313177 0.0470922 -0.00861722 0.00561818 0.0440599 0.0300868 0.00729975 0.00588575 0.0433737 -0.0126404 -0.0390652 0.0358113 -0.0579456 0.051252 0.066155 0.0627896 0.00350119 0.0216871 0.0139188 -0.0499996 -0.0601742 -0.0353724 -0.0564164 -0.0287808 -0.093627 -0.0673167 0.0209377
internal_weight=0 42206 44924 32431 30433 22470 11773 12493 9209 13007 12013 10244 9645 19424 9740 11896 18743 18254 4851 8747 12825 6762 6808 2846 1733 2978 7963 4628 3503 5743 3387 2356 1223 909 2564 806 7045
internal_count=87130 42206 44924 32431 30433 22470 11773 12493 9209 13007 12013 10244 9645 19424 9740 11896 18743 18254 4851 8747 12825 6762 6808 2846 1733 2978 7963 4628 3503 5743 3387 2356 1223 909 2564 806 7045
is_linear=0
shrinkage=0.0640495


Tree=17
num_leaves=38
num_cat=0
split_feature=7 7 8 7 7 0 8 8 0 7 6 8 6 11 7 8 0 6 0 6 6 7 8 0 6 6 8 0 8 11 11 8 6 8 11 7 8
split_gain=15163 3321.21 2278.42 1199.43 1156.42 851.917 884.921 643.006 579.098 398.829 395.924 388.646 373.181 343.828 328.843 299.827 267.671 512.831 283.766 267.884 234.966 231.337 225.878 213.125 206.114 205.779 202.191 190.579 182.468 198.055 180.645 174.51 170.614 166.648 178.122 165.717 159.151
threshold=7.7567841447284218 6.5975751800084721 8.3119300370475937 5.4291044776119408 8.5975543478260885 14.500000000000002 7.4808815615400146 9.6969899028386379 14.500000000000002 9.7733688917622992 413.00000000000006 8.8929345346715341 391.00000000000006 -0.019959933744776764 8.7320895522388078 6.4664575289575295 14.500000000000002 447.00000000000006 15.500000000000002 531.00000000000011 419.00000000000006 6.9787935909519332 6.593790707772472 14.500000000000002 415.00000000000006 421.00000000000006 6.6199670385395546 14.500000000000002 7.9443899982136132 -1.3328459982997494 -1.4477954272585394 7.1823775963809062 455.00000000000006 7.3533395772757784 -0.8309979728495408 5.8784722222222232 6.5965736391268317
decision_type=2 2 2 2 2 2 2 2 2 2 2 2 2 2 2 2 2 2 2 2 2 2 2 2 2 2 2 2 2 2 2 2 2 2 2 2 2
left_child=1 3 4 27 13 6 22 10 15 12 -4 20 -6 23 -12 -5 17 36 -18 26 -8 -22 -3 25 35 -2 -19 -1 -26 -30 -25 -15 -9 -7 -35 -17 -14
right_child=2 5 7 8 9 33 11 32 -10 -11 14 -13 16 31 -16 24 18 19 -20 -21 21 -23 -24 30 28 -27 -28 -29 29 -31 -32 -33 -34 34 -36 -37 -38
leaf_value=-0.092565619474510447 0.045022198894907911 -0.049716818670484782 0.10047468815214186 -0.076896632259504577 0.14586037184840403 -0.0017494806410879612 0.037886385345677891 0.10108814952854922 -0.017950127059563902 0.063475991997706649 0.029349305135269628 0.04256677529327399 -0.028313225345089749 0.0028824475019710496 0.05329230755632227 -0.050732403377234191 0.074835949648751954 -0.032443257552517875 0.026145035401526368 0.084421880335817032 -0.021444225837520831 0.00027755035222140189 -0.026327330428277028 0.093371535526218921 -0.049159136786129223 -0.011972627849874387 0.013877240376570413 -0.058078366949060642 -0.061549624803199643 -0.015314949977063586 0.010916511273207519 0.021362179238016664 0.065579567633635663 0.056940809493338039 0.012147085154014818 0.066439203970071206 0.049312708510365968
leaf_weight=2290 273 2098 486 1220 110 3899 442 1042 3805 1509 4758 685 113 3147 4656 82 917 413 1057 210 3843 4220 8792 117 7483 5405 6045 922 513 1467 1594 6279 1188 417 2875 125 2633
leaf_count=2290 273 2098 486 1220 110 3899 442 1042 3805 1509 4758 685 113 3147 4656 82 917 413 1057 210 3843 4220 8792 117 7483 5405 6045 922 513 1467 1594 6279 1188 417 2875 125 2633
internal_value=0 -0.0257793 0.027696 -0.0472102 0.0181764 -0.0117071 -0.0184816 0.0511003 -0.0394603 0.032517 0.0441014 -0.00384493 0.0284539 0.00708347 0.0411911 -0.046976 0.0273198 0.0228233 0.0487639 0.01323 -0.00758296 -0.0100755 -0.0308334 -0.00326101 -0.0432011 -0.0092323 0.010915 -0.0826661 -0.0445841 -0.0272939 0.0165549 0.0151925 0.0821715 0.00720984 0.0178211 0.0200234 0.0461183
internal_weight=0 45178 41952 17907 29822 27271 20080 12130 14695 13007 9900 9190 11498 16815 9414 10890 11388 9414 1974 6668 8505 8063 10890 7389 9670 5678 6458 3212 9463 1980 1711 9426 2230 7191 3292 207 2746
internal_count=87130 45178 41952 17907 29822 27271 20080 12130 14695 13007 9900 9190 11498 16815 9414 10890 11388 9414 1974 6668 8505 8063 10890 7389 9670 5678 6458 3212 9463 1980 1711 9426 2230 7191 3292 207 2746
is_linear=0
shrinkage=0.0640495


Tree=18
num_leaves=38
num_cat=0
split_feature=8 8 8 6 11 8 11 8 8 6 6 11 6 6 6 11 6 8 6 6 6 11 11 6 11 11 11 11 8 6 1 8 11 8 11 6 8
split_gain=6866.08 2080.31 1635.11 844.212 817.07 732.982 399 374.064 323.622 285.894 284.632 273.594 269.123 267.951 259.587 236.215 228.253 197.163 188.827 208.897 169.319 177.101 154.265 152.967 149.821 146.42 221.043 198.464 178.635 140.66 136.684 189.994 136.026 131.84 129.622 344.321 236.754
threshold=7.7402880224798043 8.9671532846715341 6.4243421052631584 423.00000000000006 -1.0000000180025095e-35 7.1278335872073226 -0.50012583383776532 10.751467710371822 8.1240554758488788 531.00000000000011 413.00000000000006 -0.59618163540671076 397.00000000000006 431.00000000000006 391.00000000000006 -1.5607396997260747 507.00000000000006 9.7890805974918145 421.00000000000006 495.00000000000006 453.00000000000006 -1.2656630642006543 2.485941344448277 441.00000000000006 2.1633738893808596 -0.6667223348692507 -0.962979128034123 -0.54513538997370292 7.2336996336996346 469.00000000000006 7.6195132788424278 8.1955959278931285 -0.850527096876043 7.2867869369652576 0.011586566268920144 459.00000000000006 7.3743593982476456
decision_type=2 2 2 2 2 2 2 2 2 2 2 2 2 2 2 2 2 2 2 2 2 2 2 2 2 2 2 2 2 2 2 2 2 2 2 2 2
left_child=2 3 -1 14 13 18 11 12 22 10 -7 20 -3 -4 -2 -14 -10 -17 -6 24 21 -5 23 -8 -20 26 28 -27 -15 -30 -18 -32 33 -28 -12 -36 -37
right_child=1 7 4 6 5 9 8 -9 16 -11 34 -13 15 25 -16 17 30 -19 19 -21 -22 -23 -24 -25 -26 27 32 -29 29 -31 31 -33 -34 -35 35 36 -38
leaf_value=-0.047061799432204003 0.12423119291381851 0.1598686044060669 0.0082137852879063354 -0.027293330254842318 0.020654449983530842 0.051957151192679837 0.028363602442523297 0.2056993815804537 0.021779043832280149 0.065358387468038889 0.011583389792325554 -0.029982672499953063 -0.018775747287925887 -0.037479847821345433 0.046391123393848994 0.047406035120476774 0.10219286180138273 0.073712570069968994 -0.025794187504439268 -0.0011028999016185425 -4.2680954259536785e-05 0.033487417562255546 0.084389094317426791 0.0030317780861181098 0.03710711633552919 -0.042317724171078291 0.018535803202907555 -0.02148056027258689 -0.038548609027321747 -0.001826543842293623 0.1391797796252803 0.030579890959017794 -0.015262546824157957 -0.015380186605986975 0.015453827486328762 -0.02179079465401566 0.0028525666717294359
leaf_weight=5728 193 98 1307 233 521 502 1139 68 9186 324 4738 1065 183 2886 1967 3961 201 1658 6749 2059 6119 1261 106 6914 159 2719 1168 6042 609 1439 74 618 4635 787 3305 3342 3067
leaf_count=5728 193 98 1307 233 521 502 1139 68 9186 324 4738 1065 183 2886 1967 3961 201 1658 6749 2059 6119 1261 106 6914 159 2719 1168 6042 609 1439 74 618 4635 787 3305 3342 3067
internal_value=0 0.0218904 -0.0147776 0.0148204 -0.0107885 -0.00284888 0.0117287 0.0563354 0.0171079 0.00583451 0.00454484 0.000423551 0.0546139 -0.0198953 0.0533463 0.0528361 0.0247843 0.0551683 -0.0168312 -0.0190092 0.00467715 0.0240082 0.00762509 0.00661466 -0.0243464 -0.0217064 -0.0169618 -0.0279474 -0.0272135 -0.0127463 0.0556981 0.0421932 -0.00928624 0.00488267 0.00289794 -0.00133839 -0.00999782
internal_weight=0 35044 52086 29076 46358 24766 26916 5968 18238 15278 14954 8678 5900 21592 2160 5802 10079 5619 9488 8967 7613 1494 8159 8053 6908 20285 11524 8761 4934 2048 893 692 6590 1955 14452 9714 6409
internal_count=87130 35044 52086 29076 46358 24766 26916 5968 18238 15278 14954 8678 5900 21592 2160 5802 10079 5619 9488 8967 7613 1494 8159 8053 6908 20285 11524 8761 4934 2048 893 692 6590 1955 14452 9714 6409
is_linear=0
shrinkage=0.0640495


Tree=19
num_leaves=38
num_cat=0
split_feature=10 10 10 0 10 6 0 10 0 0 0 11 11 0 0 0 1 6 11 0 11 11 0 10 11 0 11 6 11 10 6 6 11 0 6 11 0
split_gain=26534 4884.49 3565.84 2263.42 1104.09 597.896 696.708 492.485 490.904 443.191 461.163 441.548 376.617 375.715 327.204 391.331 302.889 297.186 287.975 273.638 266.466 257.425 231.75 229.639 216.726 210.919 210.706 196.926 192.268 189.634 199.018 182.038 202.461 181.144 231.85 178.852 251.775
threshold=7.3095206087166948 10.500000000000002 4.5000000000000009 12.500000000000002 13.500000000000002 437.00000000000006 11.500000000000002 2.5000000000000004 12.500000000000002 14.500000000000002 15.500000000000002 0.12830511036513664 0.69438804105147911 14.500000000000002 14.500000000000002 11.500000000000002 7.6195132788424278 445.00000000000006 -1.0616295943214662 13.500000000000002 -1.3589921278676007 -1.3589921278676007 12.500000000000002 1.5000000000000002 -1.2353086322459708 10.500000000000002 0.55378936400267842 419.00000000000006 1.6906777832706463 5.5000000000000009 529.00000000000011 517.00000000000011 0.04038993029560016 12.500000000000002 445.00000000000006 1.4817261777209236 15.500000000000002
decision_type=2 2 2 2 2 2 2 2 2 2 2 2 2 2 2 2 2 2 2 2 2 2 2 2 2 2 2 2 2 2 2 2 2 2 2 2 2
left_child=2 5 3 7 11 6 -2 23 17 16 -11 22 -10 18 15 21 28 -6 33 -18 -16 -7 -3 -1 -19 -23 -15 -25 -5 30 -20 32 -17 -4 -35 -22 -37
right_child=1 4 13 9 8 14 -8 -9 12 10 -12 -13 -14 26 20 31 19 24 29 -21 35 25 -24 27 -26 -27 -28 -29 -30 -31 -32 -33 -34 34 -36 36 -38
leaf_value=-0.075446226501993743 0.063258184279168322 0.047758342313349841 -0.071694530650895927 -0.065474201872536567 0.12313081550645549 -0.042671232020879447 0.014100021655964575 -0.067911903018725156 0.047598555771351997 -0.014801185677836101 -0.051042024948846902 0.060835353571088373 0.092774499323990012 -0.010377175730009257 0.10573217836129242 -0.0054652208668369727 -0.051515140976577417 -0.0076336774422283513 -0.032364083988617565 -0.014784984966778216 0.020693097190848549 0.012037105647149439 0.023129587028316863 -0.0081947419504678053 0.087091599447836954 0.032213017321565021 0.021159154768690097 -0.11218209106071703 0.0094667144893629679 -0.012329061483283332 0.058760065267707634 0.02933547869819279 0.01882020142835978 -0.12215372365147159 -0.010557063462226582 0.12677782846655342 0.015487052103377833
leaf_weight=1227 2218 2969 717 3690 1121 273 2534 5155 2390 4227 2185 4620 1108 2325 168 8843 2028 104 3710 1411 4901 5074 3320 77 2097 3658 1388 2511 146 7316 101 843 1675 88 578 161 173
leaf_count=1227 2218 2969 717 3690 1121 273 2534 5155 2390 4227 2185 4620 1108 2325 168 8843 2028 104 3710 1411 4901 5074 3320 77 2097 3658 1388 2511 146 7316 101 843 1675 88 578 161 173
internal_value=0 0.0317007 -0.0394026 -0.055816 0.058439 0.016169 0.0370446 -0.0808226 0.0786542 -0.0394274 -0.0271509 0.0458011 0.0619081 -0.0164797 0.0123193 0.00860193 -0.0502477 0.0962874 -0.0217899 -0.036445 0.0263317 0.0185744 0.0347567 -0.0982681 0.0826157 0.0204892 0.00141179 -0.109088 -0.0626219 -0.0183639 -0.0299491 0.000697535 -0.00159775 -0.0493539 -0.0253026 0.0237836 0.0691332
internal_weight=0 48250 38880 22657 17729 30521 4752 8970 6820 13687 6412 10909 3498 16223 25769 20366 7275 3322 12510 3439 5403 9005 6289 3815 2201 8732 3713 2588 3836 11127 3811 11361 10518 1383 666 5235 334
internal_count=87130 48250 38880 22657 17729 30521 4752 8970 6820 13687 6412 10909 3498 16223 25769 20366 7275 3322 12510 3439 5403 9005 6289 3815 2201 8732 3713 2588 3836 11127 3811 11361 10518 1383 666 5235 334
is_linear=0
shrinkage=0.0640495


Tree=20
num_leaves=38
num_cat=0
split_feature=10 7 10 10 10 7 10 7 7 10 7 7 7 7 10 10 10 10 7 10 6 10 6 7 7 7 10 6 10 7 7 10 6 10 7 6 6
split_gain=23317.5 7435.9 3385.32 1864.61 1275.11 806.285 733.636 711.593 555.933 438.395 425.619 425.416 390.517 326.606 323.354 308.985 285.361 389.014 336.873 270.893 242.359 233.994 225.709 225.567 215.53 211.932 209.889 209.749 187.639 182.922 180.24 148.782 147.709 147.03 157.01 146.438 140.044
threshold=6.5000000000000009 7.270293142763113 11.500000000000002 3.5000000000000004 7.8095206087166948 8.5975543478260885 1.5000000000000002 8.3877865145748078 5.4291044776119408 9.5000000000000018 6.4860767326732676 6.5975751800084721 8.4784737907936769 4.1561054579093435 15.500000000000002 14.500000000000002 7.3095206087166948 7.8095206087166948 9.3471964543393131 2.5000000000000004 541.00000000000011 5.5000000000000009 433.00000000000006 5.4291044776119408 4.0962030443866464 6.1949399148569286 12.500000000000002 437.00000000000006 4.5000000000000009 9.4193446949779904 9.4358974358974379 9.5000000000000018 515.00000000000011 9.5000000000000018 7.2222189815084885 419.00000000000006 451.00000000000006
decision_type=2 2 2 2 2 2 2 2 2 2 2 2 2 2 2 2 2 2 2 2 2 2 2 2 2 2 2 2 2 2 2 2 2 2 2 2 2
left_child=3 4 5 6 8 9 10 14 -2 22 -1 24 20 -8 27 30 -7 18 32 29 23 -14 -3 -5 -6 -10 -26 -4 -25 35 -9 -19 -18 -13 -35 -15 -33
right_child=1 2 7 12 11 16 13 15 25 -11 -12 33 21 19 -16 -17 17 31 -20 -21 -22 -23 -24 28 26 -27 -28 -29 -30 -31 -32 36 -34 34 -36 -37 -38
leaf_value=-0.063556409593108737 -0.078934513815034163 0.03878920088615289 0.085130353749218513 -0.072626007373144355 -0.075661542995184711 0.015758207710017583 -0.10927635486695253 0.072156256020466381 -0.038781099593699048 0.041298499049217251 -0.025839748625704168 0.0047150084374756379 -0.02003150708740032 -0.0026048638651547853 0.098434676092751805 0.11225975942818575 0.045744974132105154 0.025754510178989717 0.087164614427807402 -0.053457243601179275 0.047919387666600595 0.014422768765823568 0.012009721275473563 -0.042055238806578688 -0.012659566658576964 -0.014421958503918636 0.019461532540894472 0.041713597337150653 -0.025354154713855503 -0.0012720969436908443 0.10560282132197757 0.068898877093214753 0.10988771486389221 0.024292982974312698 0.089194634376369084 -0.077297679372174161 0.036471807463977504
leaf_weight=1813 759 1477 535 561 180 1266 682 2901 2043 3468 3800 1789 2314 110 611 1766 2635 2666 1476 5406 154 1243 10261 4204 3137 5181 1137 3110 8033 139 856 836 156 3453 160 5101 1577
leaf_count=1813 759 1477 535 561 180 1266 682 2901 2043 3468 3800 1789 2314 110 611 1766 2635 2666 1476 5406 154 1243 10261 4204 3137 5181 1137 3110 8033 139 856 836 156 3453 160 5101 1577
internal_value=0 0.0259885 0.0429025 -0.0421321 -0.00776252 0.0307463 -0.0569875 0.0749964 -0.0267896 0.0212907 -0.0380222 0.0076487 -0.026789 -0.0662944 0.0553143 0.0901633 0.0442954 0.048161 0.0624175 -0.063569 -0.0319513 -0.0079914 0.0153794 -0.0329124 -0.00700592 -0.0213109 -0.00411448 0.0480862 -0.0310918 -0.0737867 0.0797768 0.0361837 0.0493302 0.0197316 0.0271671 -0.075721 0.0477064
internal_weight=0 53436 35597 33560 17839 25818 17051 9779 7983 15206 5613 9856 16509 11438 4256 5523 10612 9346 4267 10756 12952 3557 11738 12798 4454 7224 4274 3645 12237 5350 3757 5079 2791 5402 3613 5211 2413
internal_count=86996 53436 35597 33560 17839 25818 17051 9779 7983 15206 5613 9856 16509 11438 4256 5523 10612 9346 4267 10756 12952 3557 11738 12798 4454 7224 4274 3645 12237 5350 3757 5079 2791 5402 3613 5211 2413
is_linear=0
shrinkage=0.0640495


Tree=21
num_leaves=38
num_cat=0
split_feature=10 7 10 10 7 10 7 7 7 7 10 10 10 7 10 7 8 11 10 8 11 8 8 7 11 7 8 8 10 10 11 7 7 11 8 11 8
split_gain=20464.9 6381.52 2736.05 2496.93 981.844 899.071 626.567 479.917 460.051 439.714 413.062 518.655 349.574 338.672 297.594 286.896 283.675 279.003 266.881 248.022 232.057 231.357 230.611 227.638 205.837 205.517 186.383 174.488 170.381 378.754 168.877 153.89 152.288 151.782 144.408 139.385 138.187
threshold=7.3095206087166948 7.0559823193659854 4.5000000000000009 13.500000000000002 8.1677565217391326 7.8095206087166948 5.8784722222222232 4.9520000000000008 8.6544921295802073 9.3471964543393131 1.5000000000000002 2.5000000000000004 10.500000000000002 8.7320895522388078 12.500000000000002 6.4034943328787106 7.1481692030537438 1.0770481435909016 10.500000000000002 7.1958634551131624 2.485941344448277 7.0966391804097961 7.4838631318676985 5.9386913719588668 -0.76075147524506681 6.4034943328787106 7.5266707758335345 7.8669238765392615 11.500000000000002 7.8095206087166948 -0.91118825844799023 9.4193446949779904 7.7329940417080447 -1.4138345662614997 9.0145719489981797 1.5431056550496984 8.4962399683478331
decision_type=2 2 2 2 2 2 2 2 2 2 2 2 2 2 2 2 2 2 2 2 2 2 2 2 2 2 2 2 2 2 2 2 2 2 2 2 2
left_child=2 5 6 4 12 7 36 -2 15 16 32 31 22 21 17 -4 -6 25 -18 -9 33 -5 -3 26 27 -7 -21 -16 29 -11 -23 -12 -8 -13 -25 -10 -1
right_child=1 3 8 13 9 14 10 19 35 28 11 20 -14 -15 24 -17 18 -19 -20 23 -22 30 -24 34 -26 -27 -28 -29 -30 -31 -32 -33 -34 -35 -36 -37 -38
leaf_value=-0.074148155003945684 -0.085144113453423098 0.0039600853436784081 -0.039363613564794418 0.034486379552058376 0.019130425148830229 -0.023525861411399111 -0.036966096005518208 -0.036148821293324467 0.0031197609830675363 0.081581761650048643 -0.069644204973634743 -0.0041930247973585638 0.039549086006723265 0.10506042376712704 -0.026022940631329063 -0.015343105996888887 0.037745480562879838 0.030217988458287305 0.060182724507980158 -0.0019455434083798845 0.049621603628223099 0.036611097354517383 0.024894056251450133 -0.00053469591215874867 0.03397087892273918 0.0017820982531811217 -0.075959601137826252 0.052126100717080313 0.092589690025763546 0.036865474967731363 0.085416074505285738 -0.001190618440676426 -0.012946256797185312 -0.044036302804999788 0.091318432104722291 0.050194340680034054 -0.0062671632820976552
leaf_weight=3933 547 4208 2531 578 2243 2158 2720 2508 2822 1476 4381 410 3176 1943 501 10511 7560 908 3053 250 114 333 4433 1841 1882 3375 316 153 721 1641 2298 139 1799 9050 73 284 127
leaf_count=3933 547 4208 2531 578 2243 2158 2720 2508 2822 1476 4381 410 3176 1943 501 10511 7560 908 3053 250 114 333 4433 1841 1882 3375 316 153 721 1641 2298 139 1799 9050 73 284 127
internal_value=0 0.027615 -0.0348772 0.0429208 0.0355055 -0.0078892 -0.0492271 -0.028192 -0.0147289 0.0455057 -0.0442543 -0.0496571 0.0213783 0.0839564 0.00462902 -0.0200047 0.039826 -0.00268845 0.0441999 -0.0219465 -0.0412148 0.0711782 0.0146996 -0.00758377 0.0232141 -0.0080886 -0.0432679 -0.00774037 0.0645305 0.0580401 0.0792389 -0.0675391 -0.0274039 -0.0423095 0.00296858 0.00742407 -0.0720248
internal_weight=0 48175 38821 33663 28511 14512 22673 5535 16148 16694 18613 14094 11817 5152 8977 13042 12856 6441 10613 4988 9574 3209 8641 2480 2536 5533 566 654 3838 3117 2631 4520 4519 9460 1914 3106 4060
internal_count=86996 48175 38821 33663 28511 14512 22673 5535 16148 16694 18613 14094 11817 5152 8977 13042 12856 6441 10613 4988 9574 3209 8641 2480 2536 5533 566 654 3838 3117 2631 4520 4519 9460 1914 3106 4060
is_linear=0
shrinkage=0.0640495


Tree=22
num_leaves=38
num_cat=0
split_feature=7 7 8 0 8 7 7 8 0 7 8 1 7 1 8 0 1 0 0 0 8 8 11 0 8 0 0 11 1 0 11 0 11 11 0 11 8
split_gain=9657.04 1876.33 1631.12 934.636 868.708 866.307 642.91 431.714 389.152 317.16 300.135 283.953 283.51 237.51 233.959 227.089 200.592 261.139 276.463 230.56 196.955 186.171 183.075 173.296 200.681 171.097 254.648 273.103 202.225 242.449 187.561 161.871 296.537 161.208 158.857 157.946 157.929
threshold=7.6571645740280472 6.1949399148569286 8.2923959357587691 14.500000000000002 7.9717007376844213 8.5975543478260885 4.3781138790035596 9.6969899028386379 14.500000000000002 9.9415849673202636 6.9923728068934405 7.6195132788424278 9.1621109896263917 7.6195132788424278 5.873488729508197 14.500000000000002 7.6195132788424278 11.500000000000002 10.500000000000002 11.500000000000002 6.5827604726100981 6.3917250241232066 -1.199133676478481 15.500000000000002 7.6100679004927301 9.5000000000000018 11.500000000000002 1.0906577759691027 7.6195132788424278 10.500000000000002 0.17340500491267866 15.500000000000002 -1.2844490045860411 0.49207203810500139 14.500000000000002 0.43868427769309876 8.7478991596638682
decision_type=2 2 2 2 2 2 2 2 2 2 2 2 2 2 2 2 2 2 2 2 2 2 2 2 2 2 2 2 2 2 2 2 2 2 2 2 2
left_child=1 6 5 4 10 14 35 12 21 11 16 20 13 -4 -2 22 17 18 -3 -18 -7 -8 -16 -17 -25 -24 27 28 29 -27 -28 -5 -33 -11 -35 -1 -6
right_child=2 3 7 31 36 9 8 -9 -10 33 -12 -13 -14 -15 15 23 19 -19 -20 -21 -22 -23 25 24 -26 26 30 -29 -30 -31 -32 32 -34 34 -36 -37 -38
leaf_value=-0.079623814577407456 -0.055633725394257857 -0.062519982104481411 0.040478874835505503 0.011511687829930384 -0.0027189318184795736 -0.016710555486613148 -0.075293590368293306 0.064992127632310076 -0.013665149115157645 0.043900997288097585 -0.021506167171939709 0.014325361887787665 0.049710372341589953 0.017320033924593921 -0.03254324023649053 0.026324532326774678 -0.044529767963643579 -0.06036602946677045 0.010317161087734814 -0.0043420317006711787 0.037816427359757529 -0.040144129112589667 -0.026674065032031187 -0.014057513980117663 0.032586983830305054 0.01186222212274125 -0.0096347729211385714 -0.022059817063701647 0.011850211542379786 0.065690379269113461 0.01234368527148314 0.10256507246836075 -0.012121728836149816 0.07115980561200376 0.17710523882036305 -0.038441090888194342 0.02716065736820325
leaf_weight=2100 266 364 3173 5323 4400 289 685 2258 2393 684 11244 6892 3331 4250 645 2998 1218 2459 518 1128 4554 6336 783 1180 557 624 5419 691 2969 763 2256 96 2528 205 81 467 869
leaf_count=2100 266 364 3173 5323 4400 289 685 2258 2393 684 11244 6892 3331 4250 645 2998 1218 2459 518 1128 4554 6336 783 1180 557 624 5419 691 2969 763 2256 96 2528 205 81 467 869
internal_value=0 -0.0222768 0.0204238 -0.0137554 -0.0205029 0.0126189 -0.0437186 0.0395317 -0.0359709 0.0255867 -0.0275709 0.0226772 0.0341859 0.0272194 0.00401595 0.00485613 -0.0395618 -0.0496417 -0.0197426 -0.0252068 0.0345626 -0.0435735 0.00079322 0.0169977 0.000899875 0.00238537 0.00417389 0.0153485 0.0212826 0.0414735 -0.00317439 0.00509365 -0.00792587 0.0607851 0.101165 -0.0721317 0.00220902
internal_weight=0 42128 44868 30147 22200 31856 11981 13012 9414 12705 16931 11735 10754 7423 19151 18885 5687 3341 882 2346 4843 7021 14150 4735 1737 13505 12722 5047 4356 1387 7675 7947 2624 970 286 2567 5269
internal_count=86996 42128 44868 30147 22200 31856 11981 13012 9414 12705 16931 11735 10754 7423 19151 18885 5687 3341 882 2346 4843 7021 14150 4735 1737 13505 12722 5047 4356 1387 7675 7947 2624 970 286 2567 5269
is_linear=0
shrinkage=0.0640495


Tree=23
num_leaves=38
num_cat=0
split_feature=7 7 8 0 7 8 7 8 0 7 8 7 8 1 1 8 1 0 0 0 0 8 8 7 7 8 7 8 7 7 7 0 8 7 8 8 7
split_gain=8459.6 1643.67 1428.86 818.744 761.375 760.991 563.192 378.183 344.744 297.855 262.919 248.356 235.297 229.754 208.059 176.382 175.719 228.759 242.182 201.971 175.163 168.46 160.957 159.014 154.883 152.427 146.259 186.644 167.399 143.67 174.107 141.799 150.77 207.035 165.926 138.346 135.953
threshold=7.6571645740280472 6.1949399148569286 8.2923959357587691 14.500000000000002 8.4784737907936769 7.9717007376844213 4.3781138790035596 9.6969899028386379 12.500000000000002 9.9415849673202636 6.9923728068934405 9.1621109896263917 5.873488729508197 7.6195132788424278 7.6195132788424278 6.5827604726100981 7.6195132788424278 11.500000000000002 10.500000000000002 11.500000000000002 14.500000000000002 6.6707122216556192 6.7522865413205997 9.2103015278488876 7.0925207809044464 6.4243421052631584 8.249497991967873 8.3119300370475937 8.928837019194523 7.7567841447284218 7.8687823804102885 15.500000000000002 7.1823775963809062 6.7337896253602318 6.5375285706243327 8.7478991596638682 10.578520337354545
decision_type=2 2 2 2 2 2 2 2 2 2 2 2 2 2 2 2 2 2 2 2 2 2 2 2 2 2 2 2 2 2 2 2 2 2 2 2 2
left_child=1 6 4 5 12 10 -1 11 21 13 16 14 -2 15 26 -6 17 18 -3 -18 22 -8 -14 -17 -12 -20 29 -28 -29 -4 -31 32 33 -5 -35 -7 -13
right_child=2 3 7 31 9 35 8 -9 -10 -11 24 36 20 -15 -16 23 19 -19 25 -21 -22 -23 -24 -25 -26 -27 27 28 -30 30 -32 -33 -34 34 -36 -37 -38
leaf_value=-0.067511671222692554 -0.057746066810673014 -0.058515606977365742 0.074552564803145177 -0.017313792228145893 -0.013548562916111787 -0.0025447855498120292 -0.071080913778269084 0.060829411812835937 -0.021736525407672246 0.056891861212660412 -0.024943606471004021 0.044024985544861985 -0.021330556710082126 0.013090077806671749 0.016210693777825153 0.026773876730319175 -0.0416776573321622 -0.056499613218305371 -0.045020267237555756 -0.0040639265212151447 0.014879319226003752 -0.040180117287480568 0.002329366769001414 0.052891485990038484 -0.0083924822294746734 0.031734444725471656 -0.035658621142552888 0.065178632450937468 0.016065310426315673 -0.028578395376214975 0.028103562332742357 -0.0074182219346443446 0.021702655319272211 0.051809665822725871 0.0029249783559601342 0.025421029721182847 0.11346135427727368
leaf_weight=2567 260 364 185 1371 358 4400 901 2258 4834 970 7973 3211 1315 7903 4250 4081 1218 2459 149 1128 4269 3679 11451 1249 3271 369 99 1347 361 297 884 2624 2625 414 913 869 120
leaf_count=2567 260 364 185 1371 358 4400 901 2258 4834 970 7973 3211 1315 7903 4250 4081 1218 2459 149 1128 4269 3679 11451 1249 3271 369 99 1347 361 297 884 2624 2625 414 913 869 120
internal_value=0 -0.02085 0.0191157 -0.0128744 0.0118107 -0.0191897 -0.0409184 0.0369998 -0.033667 0.0226022 -0.025805 0.0319963 0.00272505 0.020155 0.025476 0.029971 -0.0370279 -0.0464622 -0.0184781 -0.0235923 0.003648 -0.0462591 -0.000107794 0.0328941 -0.0201287 0.00965635 0.0378862 0.0498423 0.0547981 0.0220703 0.0138491 0.0047674 0.0107744 0.000141771 0.0181761 0.00206753 0.0465264
internal_weight=0 42128 44868 30147 31856 22200 11981 13012 9414 14561 16931 10754 17295 13591 7423 5688 5687 3341 882 2346 17035 4580 12766 5330 11244 518 3173 1807 1708 1366 1181 7947 5323 2698 1327 5269 3331
internal_count=86996 42128 44868 30147 31856 22200 11981 13012 9414 14561 16931 10754 17295 13591 7423 5688 5687 3341 882 2346 17035 4580 12766 5330 11244 518 3173 1807 1708 1366 1181 7947 5323 2698 1327 5269 3331
is_linear=0
shrinkage=0.0640495


Tree=24
num_leaves=38
num_cat=0
split_feature=10 7 10 0 10 10 0 10 11 7 7 10 0 0 7 10 10 11 7 11 11 7 0 0 7 10 10 0 0 11 7 11 11 1 11 0 1
split_gain=17084.2 4456.68 2519.17 1649.6 1308.72 913.498 529.317 520.684 452.866 432.855 348.79 340.977 331.711 363.829 357.631 317.6 311.476 292.743 283.87 272.615 264.14 242.925 234.064 218.14 220.217 211.139 299.266 378.44 199.736 193.61 187.528 188.966 194.823 185.495 202.605 182.623 182.601
threshold=6.5000000000000009 7.270293142763113 11.500000000000002 12.500000000000002 4.5000000000000009 7.8095206087166948 12.500000000000002 3.5000000000000004 0.82726858612629417 8.5975543478260885 5.6890640426824648 9.5000000000000018 14.500000000000002 15.500000000000002 6.8363354858881396 2.5000000000000004 15.500000000000002 -1.0732367229190538 6.662568589091161 -1.4138345662614997 1.3358494873934255 10.780769230769232 9.5000000000000018 14.500000000000002 8.1561424657534261 7.3095206087166948 7.8095206087166948 11.500000000000002 11.500000000000002 -0.89439442200710972 8.4583615627822955 -0.55203444771873811 -0.35894212785732194 7.6195132788424278 -1.0616295943214662 13.500000000000002 7.6195132788424278
decision_type=2 2 2 2 2 2 2 2 2 2 2 2 2 2 2 2 2 2 2 2 2 2 2 2 2 2 2 2 2 2 2 2 2 2 2 2 2
left_child=3 5 9 4 15 10 16 12 23 11 -2 -3 14 30 36 28 22 -6 -7 -9 -21 25 -4 -8 -25 -11 27 -27 -1 -28 31 -14 -33 -24 -35 -12 -5
right_child=1 2 6 7 17 18 8 19 -10 21 35 -13 13 -15 -16 -17 -18 -19 -20 20 -22 -23 33 24 -26 26 29 -29 -30 -31 -32 32 -34 34 -36 -37 -38
leaf_value=-0.091781705027010246 -0.047841523159803452 0.012737495805657391 0.023057580683704872 -0.077262729168519881 -0.07593135646538271 -0.0017770045388776144 0.021393188698394454 0.040472128521467574 0.079691527291585573 0.0089079252699161057 -0.020473339310763481 0.035596079951794847 -0.035835041499156922 -0.046191908725235174 -0.029763996233447471 -0.057117139622003155 0.11541263877813589 -0.021853623640865245 0.019963588765907272 -0.019310638259903187 0.014141085529984011 0.11313009248741372 0.093290567591007137 0.02593948233141094 0.074951623206635246 0.07046866088674017 0.056382013691405983 0.031882349589657834 -0.060610418161223437 0.021086078403697049 0.035338501584494829 0.044195720079640073 -0.011462735767556157 -0.010022547318402806 0.069165891954760458 0.0031083465595321694 -0.042128823802961748
leaf_weight=2554 1496 11738 382 1436 451 4886 1936 381 1326 1250 4578 3468 1117 1679 3081 5164 760 4591 4970 7362 1115 160 1492 663 869 1925 750 2275 1259 4252 340 305 1674 141 2210 1909 1051
leaf_count=2554 1496 11738 382 1436 451 4886 1936 381 1326 1250 4578 3468 1117 1679 3081 5164 760 4591 4970 7362 1115 160 1492 663 869 1925 750 2275 1259 4252 340 305 1674 141 2210 1909 1051
internal_value=0 0.022271 0.0353653 -0.0360379 -0.0528031 -0.00385826 0.0630508 -0.0240103 0.0478554 0.0248789 -0.0199629 0.0179508 -0.0335306 -0.0217552 -0.044348 -0.0674693 0.0776639 -0.0266908 0.00918594 -0.0125285 -0.0149107 0.0348063 0.0708736 0.0356828 0.0537408 0.0336073 0.0369625 0.0495677 -0.0814894 0.0263784 -0.0098142 -0.0147728 -0.00288475 0.0756266 0.0644166 -0.0135337 -0.0624152
internal_weight=0 53436 35597 33560 14019 17839 9779 19541 4794 25818 7983 15206 10683 5115 5568 8977 4985 5042 9856 8858 8477 10612 4225 3468 1532 10452 9202 4200 3813 5002 3436 3096 1979 3843 2351 6487 2487
internal_count=86996 53436 35597 33560 14019 17839 9779 19541 4794 25818 7983 15206 10683 5115 5568 8977 4985 5042 9856 8858 8477 10612 4225 3468 1532 10452 9202 4200 3813 5002 3436 3096 1979 3843 2351 6487 2487
is_linear=0
shrinkage=0.0640495


Tree=25
num_leaves=38
num_cat=0
split_feature=10 10 10 0 8 8 8 11 10 0 10 10 8 0 8 0 0 0 6 0 11 11 10 8 6 11 8 1 0 0 8 0 8 8 0 10 6
split_gain=14977.7 2781 1896.92 1614.63 1356.75 815.936 423.379 400.557 376.06 329.675 325.059 310.51 267.237 267.13 252.505 287.016 279.936 245.954 368.281 247.86 355.92 241.761 267.576 221.055 220.353 198.791 191.189 190.613 265.229 187.545 180.415 177.816 177.73 208.088 173.259 172.969 208.458
threshold=7.3095206087166948 10.500000000000002 4.5000000000000009 12.500000000000002 7.1278335872073226 8.1707303732977721 8.4682042734009304 0.12830511036513664 7.8095206087166948 12.500000000000002 13.500000000000002 2.5000000000000004 6.3917250241232066 14.500000000000002 9.08534552171648 14.500000000000002 15.500000000000002 11.500000000000002 451.00000000000006 14.500000000000002 -0.76075147524506681 -1.2353086322459708 12.500000000000002 7.1161409502621966 495.00000000000006 0.55378936400267842 7.794993112708501 7.6195132788424278 13.500000000000002 11.500000000000002 9.7615533354817945 15.500000000000002 7.1958634551131624 7.2336996336996346 14.500000000000002 11.500000000000002 441.00000000000006
decision_type=2 2 2 2 2 2 2 2 2 2 2 2 2 2 2 2 2 2 2 2 2 2 2 2 2 2 2 2 2 2 2 2 2 2 2 2 2
left_child=2 4 3 11 12 7 17 9 30 21 -7 29 -2 26 15 27 32 18 -6 -19 -21 -3 -23 -14 -20 -15 -4 -5 -29 -1 -8 -27 -17 -34 -11 -9 -37
right_child=1 5 13 14 6 10 8 35 -10 34 -12 -13 23 25 -16 16 -18 19 24 20 -22 22 -24 -25 -26 31 -28 28 -30 -31 -32 -33 33 -35 -36 36 -38
leaf_value=-0.08663567249195292 -0.033275256195427143 -0.021862321838427932 -0.023714127185654976 -0.047760635933092065 0.046688161089386448 0.051489409830518265 0.044550335453652577 0.025942261536433867 0.019073845413068141 -0.0015589791294992451 0.082785653684386576 -0.052489809046141873 -0.0026630985494680102 -0.0092034302121772587 0.033221832308970543 -0.021606326429327784 -0.03797849993578914 0.0024703287578187205 0.0055798327715773427 0.079770283623260968 0.015601607401719045 0.023510493067450705 0.062571317809552454 -0.080860772789415614 0.039645446387166619 0.044227214377990105 -0.0074748329556667201 -0.041801655138883842 -0.0052004890729902987 -0.056409104446779511 0.088392639813417037 -0.0017406077598745894 0.095792821956506444 -1.2853775120820722e-05 0.025974369273949211 0.083480568686406215 0.047016354413296498
leaf_weight=2543 1690 241 7608 3748 2116 3395 2390 1132 2982 1951 2273 5146 6094 2332 273 2266 2129 7328 3177 409 2666 1314 1590 152 1032 697 4883 1974 1380 1259 459 684 98 1824 1805 803 3231
leaf_count=2543 1690 241 7608 3748 2116 3395 2390 1132 2982 1951 2273 5146 6094 2332 273 2266 2129 7328 3177 409 2666 1314 1590 152 1032 697 4883 1974 1380 1259 459 684 98 1824 1805 803 3231
internal_value=0 0.0238269 -0.0296126 -0.0415869 0.0120979 0.0439946 0.0201109 0.0345791 0.0349727 0.0244826 0.0640399 -0.0627454 -0.0106798 -0.0128822 -0.0277594 -0.0290001 -0.0190679 0.0149304 0.0248907 0.0088746 0.0241366 0.0397814 0.0448971 -0.00456608 0.0139323 0.00220129 -0.0173658 -0.0378344 -0.0267421 -0.0766264 0.0516137 0.0214597 -0.00945456 0.00487214 0.0116726 0.0480665 0.0542748
internal_weight=0 48230 38844 22640 30495 17735 22559 12067 5831 6901 5668 8948 7936 16204 13692 13419 6317 16728 6325 10403 3075 3145 2904 6246 4209 3713 12491 7102 3354 3802 2849 1381 4188 1922 3756 5166 4034
internal_count=87074 48230 38844 22640 30495 17735 22559 12067 5831 6901 5668 8948 7936 16204 13692 13419 6317 16728 6325 10403 3075 3145 2904 6246 4209 3713 12491 7102 3354 3802 2849 1381 4188 1922 3756 5166 4034
is_linear=0
shrinkage=0.0640495


Tree=26
num_leaves=38
num_cat=0
split_feature=10 7 10 10 0 8 10 8 7 7 11 10 11 10 8 0 0 0 1 0 8 7 0 11 0 10 10 10 7 7 7 11 8 11 0 0 7
split_gain=13120.5 3775.42 1661.71 1643.95 1414.42 620.493 554.544 391.434 351.184 312.914 281.612 279.23 274.948 272.008 248.807 240.037 234.006 233.092 246.301 221.818 217.836 194.324 196.85 217.734 187.891 206.066 426.373 250.061 194.347 185.568 184.182 172.842 176.041 170.943 169.249 164.29 162.278
threshold=7.3095206087166948 6.9573650195233618 4.5000000000000009 13.500000000000002 12.500000000000002 8.0628775000904209 9.5000000000000018 6.4243421052631584 5.8784722222222232 8.0242656711519533 -1.8468383406761342 8.5000000000000018 -1.0732367229190538 2.5000000000000004 7.0603115767589459 14.500000000000002 14.500000000000002 15.500000000000002 7.6195132788424278 9.5000000000000018 9.08534552171648 9.7283602150537654 12.500000000000002 0.82726858612629417 11.500000000000002 11.500000000000002 7.8095206087166948 9.5000000000000018 8.6456745853877202 9.2103015278488876 4.0962030443866464 -1.0510038753468349 7.794993112708501 0.47615938525245194 9.5000000000000018 11.500000000000002 4.9520000000000008
decision_type=2 2 2 2 2 2 2 2 2 2 2 2 2 2 2 2 2 2 2 2 2 2 2 2 2 2 2 2 2 2 2 2 2 2 2 2 2
left_child=2 6 4 5 13 9 7 -2 -6 11 -10 34 -5 35 -14 20 31 18 -17 -16 33 22 -21 -24 25 26 28 -28 -7 -18 -8 -4 -33 -12 -3 -1 -9
right_child=1 3 16 12 8 24 30 36 10 -11 15 -13 14 -15 19 17 29 -19 -20 21 -22 -23 23 -25 -26 -27 27 -29 -30 -31 -32 32 -34 -35 -36 -37 -38
leaf_value=-0.081086697717714415 -0.054292471903053238 -0.061444907811709984 -0.037027711593137905 0.014264994065588541 -0.048080878847046996 0.042975243761599662 -0.072250355360201579 -0.047587213936371303 0.0725034598555198 0.027965019958035169 -0.039619200639231057 0.023342458309267025 0.034268853316973741 -0.049127861062887468 0.010703971192329487 0.011141835372252369 -0.0013652128068718989 -0.030566810166587695 -0.025309546058604825 0.089451266523278242 0.041373505123915064 0.11802876218324909 0.04339686869556237 0.091357475290204243 0.032687938077549147 0.078132763148638332 0.0020612894378954807 0.046960429164239446 0.087557992783096492 0.061913026920400446 0.011089159827947987 -0.019964765916609829 -0.0033684024817304775 -0.014854935072645801 0.0023774371928266796 -0.052796127278594084 -0.0089508634981813034
leaf_weight=2543 1002 178 1452 383 2427 723 111 478 130 10321 4298 3984 667 5146 201 2113 3512 1812 1188 1786 166 477 1175 580 6236 856 1055 983 901 201 5457 6753 4286 1558 4022 1259 6654
leaf_count=2543 1002 178 1452 383 2427 723 111 478 130 10321 4298 3984 667 5146 201 2113 3512 1812 1188 1786 166 477 1175 580 6236 856 1055 983 901 201 5457 6753 4286 1558 4022 1259 6654
internal_value=0 0.0223008 -0.0277159 0.0335896 -0.0389233 0.0276588 -0.00614604 -0.0168068 -0.0259815 0.0205484 -0.0212202 0.0111952 0.0665232 -0.0587266 0.0706196 -0.0223145 -0.0120571 -0.0121088 -0.00197669 0.0763664 -0.0309796 0.0796512 0.0744814 0.0592471 0.0398941 0.0498405 0.0432271 0.0237177 0.0677099 0.0020603 0.00942776 -0.0162536 -0.0135211 -0.0330306 -0.000327415 -0.0717185 -0.0115403
internal_weight=0 48230 38844 34528 22640 29259 13702 8134 13692 18505 11265 8184 5269 8948 4886 11135 16204 5113 3301 4219 6022 4018 3541 1755 10754 4518 3662 2038 1624 3713 5568 12491 11039 5856 4200 3802 7132
internal_count=87074 48230 38844 34528 22640 29259 13702 8134 13692 18505 11265 8184 5269 8948 4886 11135 16204 5113 3301 4219 6022 4018 3541 1755 10754 4518 3662 2038 1624 3713 5568 12491 11039 5856 4200 3802 7132
is_linear=0
shrinkage=0.0640495


Tree=27
num_leaves=38
num_cat=0
split_feature=7 7 7 7 0 11 11 0 0 1 1 0 0 0 7 0 1 0 0 11 11 7 11 11 11 11 11 11 11 1 11 0 7 1 7 11 7
split_gain=5350.49 1264.48 884.488 515.258 428.883 398.337 276.879 260.157 234.88 219.917 206.254 380.637 236.609 215.03 199.801 206.456 209.046 193.494 177.794 192.911 157.075 156.854 161.009 188.098 151.307 173.592 150.247 143.256 133.745 131.087 131.076 179.208 126.607 152.32 164.001 136.05 132.428
threshold=7.7567841447284218 6.5975751800084721 9.4193446949779904 4.3781138790035596 14.500000000000002 -0.010742078143090821 -1.8468383406761342 14.500000000000002 14.500000000000002 7.6195132788424278 7.6195132788424278 12.500000000000002 10.500000000000002 11.500000000000002 8.6582209199469293 12.500000000000002 7.6195132788424278 11.500000000000002 9.5000000000000018 2.6441154546989658 -0.71927831989015434 6.8776650189377717 -0.962979128034123 -1.4138345662614997 0.43868427769309876 0.58754212556909502 -1.4477954272585394 -0.850527096876043 -0.061376166714358284 7.6195132788424278 0.4561276614901662 9.5000000000000018 10.223706609429355 7.6195132788424278 10.207730467135182 0.54061507609818749 9.8614210286008657
decision_type=2 2 2 2 2 2 2 2 2 2 2 2 2 2 2 2 2 2 2 2 2 2 2 2 2 2 2 2 2 2 2 2 2 2 2 2 2
left_child=1 3 5 24 18 6 -2 9 10 -5 11 12 -8 -14 -7 30 -17 -11 29 21 -15 -20 23 -23 -1 -26 -10 -24 -12 -3 -16 -32 33 34 35 -4 -37
right_child=2 4 32 7 -6 14 8 -9 26 17 28 -13 13 20 15 16 -18 -19 19 -21 -22 22 27 -25 25 -27 -28 -29 -30 -31 31 -33 -34 -35 -36 36 -38
leaf_value=-0.062359341688227481 0.07890998405746065 -0.079426594992773394 0.042803451992524791 -0.037192317272026536 0.0067996782367382253 0.014187679410739524 -0.0083549593592971896 -0.0098232860895430159 0.081546879109707246 -0.030171896225256102 -0.0054334628827037348 -0.0072857165387589483 0.063620763215303855 0.045545776175584279 0.04677593497975914 0.032012052224768703 -0.0019001213953700907 -0.0054569233847134076 -0.017588624057061835 0.097584759113982122 0.00059961875232796827 0.013387506355223263 0.025947110191477815 -0.0437370627924192 0.057814810860126534 -0.041112620095174017 0.016968746282887685 -0.0051064243186275671 -0.063773496408188857 -0.024566441317986642 -0.034408064905535357 0.03089516217184855 0.056565644268530502 0.024673116061006011 -0.04279610765540539 0.05078880350259031 0.12317648007639877
leaf_weight=2107 206 241 1067 6148 7191 13772 604 3913 156 2974 7007 2664 785 586 2335 1462 1522 2308 7637 68 700 326 651 861 90 380 2811 9543 165 691 195 1487 1463 2469 74 213 202
leaf_count=2107 206 241 1067 6148 7191 13772 604 3913 156 2974 7007 2664 785 586 2335 1462 1522 2308 7637 68 700 326 651 861 90 380 2811 9543 165 691 195 1487 1463 2469 74 213 202
internal_value=0 -0.0153178 0.0164575 -0.0285286 -0.00661699 0.0128489 0.00514393 -0.0240776 0.00416216 -0.0289575 0.000319831 0.00985134 0.0269179 0.0372051 0.0186663 0.0274765 0.014715 -0.0193725 -0.0114366 -0.0101027 0.0210805 -0.0104878 -0.0057229 -0.0280483 -0.0550293 -0.0221691 0.0203642 -0.00312331 -0.00677564 -0.0387524 0.0369563 0.0233243 0.0404296 0.0345645 0.0502597 0.0549062 0.0860233
internal_weight=0 45129 41945 17920 27209 36457 15684 15343 15478 11430 12511 5339 2675 2071 20773 7001 2984 5282 20018 19086 1286 19018 11381 1187 2577 470 2967 10194 7172 932 4017 1682 5488 4025 1556 1482 415
internal_count=87074 45129 41945 17920 27209 36457 15684 15343 15478 11430 12511 5339 2675 2071 20773 7001 2984 5282 20018 19086 1286 19018 11381 1187 2577 470 2967 10194 7172 932 4017 1682 5488 4025 1556 1482 415
is_linear=0
shrinkage=0.0640495


Tree=28
num_leaves=38
num_cat=0
split_feature=10 10 10 0 8 8 10 0 8 0 10 6 6 10 0 8 10 6 6 8 6 0 6 8 8 0 8 0 0 0 0 8 8 8 6 8 6
split_gain=11213.9 2166.74 1422.8 1104.5 1019.69 625.23 381.662 357.277 308.391 303.426 299.458 270.558 268.489 248.684 244.113 208.849 194.585 196.217 190.093 182.394 178.553 173.079 169.896 168.238 157.871 143.706 165.702 138.438 159.255 136.704 136.177 135.524 133.347 132.296 127.712 126.776 124.017
threshold=7.3095206087166948 10.500000000000002 3.5000000000000004 13.500000000000002 7.1481692030537438 7.4808815615400146 13.500000000000002 12.500000000000002 8.8929345346715341 10.500000000000002 5.5000000000000009 517.00000000000011 437.00000000000006 7.8095206087166948 11.500000000000002 6.3917250241232066 12.500000000000002 451.00000000000006 401.00000000000006 7.7647312351844402 435.00000000000006 14.500000000000002 447.00000000000006 7.6100679004927301 7.1823775963809062 12.500000000000002 6.1745071255807487 11.500000000000002 10.500000000000002 12.500000000000002 15.500000000000002 8.5264853391831483 7.7029672783218892 8.2109701346867094 451.00000000000006 7.2056564780767731 445.00000000000006
decision_type=2 2 2 2 2 2 2 2 2 2 2 2 2 2 2 2 2 2 2 2 2 2 2 2 2 2 2 2 2 2 2 2 2 2 2 2 2
left_child=2 4 3 9 15 16 29 10 11 -1 18 12 14 -10 -6 -2 17 -3 -4 23 32 27 -12 24 -5 26 -18 28 34 -7 -26 33 -8 -11 -14 -29 -27
right_child=1 5 7 19 8 6 20 -9 13 31 22 -13 21 -15 -16 -17 25 -19 -20 -21 -22 -23 -24 -25 30 36 -28 35 -30 -31 -32 -33 -34 -35 -36 -37 -38
leaf_value=-0.072715854117979387 -0.028786697786033932 0.042056451437492946 0.064322823942517995 -0.032558369725281554 0.048267459151440359 0.047694208946202819 0.15795687577938086 -0.0071172945023785074 0.058641117228884397 -0.046807303977936102 0.0066284499666661428 0.044110549048189618 0.029191116413014116 0.018772597428313248 0.012426514651216277 -0.0036146769958581106 -0.04195559566386356 0.0040963152684931779 -0.035792757381649387 -0.0051161688935917595 0.057297223555638696 0.023429499436513804 -0.01970914643276955 -0.067727265355561908 -0.00079780529917353193 -0.019634970733088109 0.052544948114672023 0.029049027139131711 0.026260670209059866 0.028902836649341467 -0.04124948078600519 -0.012330013221595788 0.08082748624639953 -0.081957842229755731 -0.0020803646184638278 -0.0029237375222774956 0.028337337381855589
leaf_weight=2719 1690 715 79 3697 1524 3288 107 11627 1263 5419 1398 1209 674 1305 1596 6764 80 2554 5133 1951 3343 2880 3572 401 1500 247 1569 555 2317 3072 442 428 654 478 2612 6106 2106
leaf_count=2719 1690 715 79 3697 1524 3288 107 11627 1263 5419 1398 1209 674 1305 1596 6764 80 2554 5133 1951 3343 2880 3572 401 1500 247 1569 555 2317 3072 442 428 654 478 2612 6106 2106
internal_value=0 0.0206175 -0.0256226 -0.0394924 0.0102646 0.0384191 0.0484437 -0.0147888 0.0175182 -0.0548227 -0.0235491 0.0147669 0.0128245 0.0383808 0.0299334 -0.0086467 0.0239922 0.012399 -0.0342753 -0.0221421 0.0636713 0.00929964 -0.0123007 -0.0276417 -0.0247911 0.0334621 0.0479603 0.00598147 0.0134012 0.0386176 -0.0100046 -0.0471307 0.0916722 -0.0496565 0.00433381 -0.00025974 0.0233016
internal_weight=0 48230 38844 17035 30495 17735 10464 21809 22041 9044 10182 19473 18264 2568 3120 8454 7271 3269 5212 7991 4104 15144 4970 6040 5639 4002 1649 12264 5603 6360 1942 6325 761 5897 3286 6661 2353
internal_count=87074 48230 38844 17035 30495 17735 10464 21809 22041 9044 10182 19473 18264 2568 3120 8454 7271 3269 5212 7991 4104 15144 4970 6040 5639 4002 1649 12264 5603 6360 1942 6325 761 5897 3286 6661 2353
is_linear=0
shrinkage=0.0640495


Tree=29
num_leaves=38
num_cat=0
split_feature=10 10 10 0 8 8 11 8 10 10 0 10 11 0 6 10 11 0 0 11 6 8 0 8 11 0 6 0 8 0 11 8 6 11 11 0 11
split_gain=9823.44 1898.07 1261.95 1069.37 895.952 568.843 311.844 283.309 310.112 258.73 255.528 217.039 201.34 195.295 302.554 194.202 191.949 187.931 184.587 295.622 182.237 181.673 175.828 172.189 170.656 157.071 156.929 175.415 171.453 154.149 149.244 149.196 155.986 144.251 141.878 141.665 139.35
threshold=7.3095206087166948 10.500000000000002 4.5000000000000009 12.500000000000002 7.1278335872073226 8.1707303732977721 0.12830511036513664 8.3491858361333708 7.8095206087166948 15.500000000000002 12.500000000000002 2.5000000000000004 -1.2353086322459708 11.500000000000002 451.00000000000006 12.500000000000002 2.1633738893808596 14.500000000000002 14.500000000000002 -0.77453113949532792 495.00000000000006 6.3917250241232066 14.500000000000002 7.1161409502621966 0.55378936400267842 15.500000000000002 457.00000000000006 13.500000000000002 7.1823775963809062 15.500000000000002 2.6441154546989658 10.167748917748918 505.00000000000006 -0.69189253154324659 -1.3879996605992078 14.500000000000002 -1.3879996605992078
decision_type=2 2 2 2 2 2 2 2 2 2 2 2 2 2 2 2 2 2 2 2 2 2 2 2 2 2 2 2 2 2 2 2 2 2 2 2 2
left_child=2 4 3 11 17 6 10 13 31 -7 12 -1 34 14 -6 33 26 21 -15 -20 -16 -2 30 -23 36 -26 -5 -28 -29 -30 -4 32 -9 -14 -3 -12 -24
right_child=1 5 22 16 7 9 -8 8 -10 -11 35 -13 15 18 20 -17 -18 -19 19 -21 -22 23 24 -25 25 -27 27 28 29 -31 -32 -33 -34 -35 -36 -37 -38
leaf_value=-0.062572536808737825 -0.036787344542155216 0.016043677992237035 -0.014562858978426078 -0.010785834327646621 0.040669691243019251 0.047740501760904143 0.039997229913841741 0.034297541373513707 0.013826303179042423 0.090487879117235048 -0.0040541558804767881 -0.042393198575680108 0.040718598912848916 0.00058061656202984936 0.0027336697708384853 0.052382859264199742 0.027413271373956299 0.0083720746567106652 0.072080795789878763 0.011819367880001652 0.034354931239325211 -0.0069281075098974335 0.053524297537825699 -0.082516924819296983 0.04114354632167988 -0.0020596847375864277 -0.041907045640385894 -0.032848290738406484 -0.0068005467513360708 -0.035337369055582643 0.069143507558234535 0.10404323559463001 0.085824618903441605 -0.0017317179210203178 -0.084520621385653513 0.020842627415732881 -0.01260696177310482
leaf_weight=3802 1202 146 12403 3015 2059 5011 5166 2663 3258 657 1951 5146 645 7135 3045 1590 309 1949 383 2608 991 4658 139 127 697 684 2568 3606 3165 1029 88 152 265 669 95 1805 2193
leaf_count=3802 1202 146 12403 3015 2059 5011 5166 2663 3258 657 1951 5146 645 7135 3045 1590 309 1949 383 2608 991 4658 139 127 697 684 2568 3606 3165 1029 88 152 265 669 95 1805 2193
internal_value=0 0.0192969 -0.0239815 -0.0337482 0.00960714 0.0359584 0.0280968 0.0161187 0.0276015 0.0526955 0.0191882 -0.0509674 0.0326571 0.011632 0.0206905 0.0373257 -0.0224951 -0.00890272 0.00617959 0.0195359 0.010498 -0.0145263 -0.0103356 -0.00893433 0.00190171 0.0197453 -0.0236474 -0.0273875 -0.0226073 -0.0138021 -0.0139731 0.0421729 0.038961 0.0191058 -0.0235979 0.00791035 -0.00866518
internal_weight=0 48230 38844 22640 30495 17735 12067 22559 6338 5668 6901 8948 3145 16221 6095 2904 13692 7936 10126 2991 4036 5987 16204 4785 3713 1381 13383 10368 7800 4194 12491 3080 2928 1314 241 3756 2332
internal_count=87074 48230 38844 22640 30495 17735 12067 22559 6338 5668 6901 8948 3145 16221 6095 2904 13692 7936 10126 2991 4036 5987 16204 4785 3713 1381 13383 10368 7800 4194 12491 3080 2928 1314 241 3756 2332
is_linear=0
shrinkage=0.0640495


Tree=30
num_leaves=38
num_cat=0
split_feature=8 8 8 6 6 8 6 11 8 11 6 11 6 8 6 8 11 8 6 8 8 11 8 6 8 11 6 8 11 11 11 6 6 8 11 8 8
split_gain=2054.62 712.135 612.538 416.906 359.431 272.872 205.525 204.339 270.362 196.18 187.865 187.02 149.205 105.449 105.401 101.148 100.806 90.6254 123.341 129.847 144.332 90.0211 89.1068 202.65 168.88 200.054 152.917 99.6875 88.8894 184.257 163.532 124.675 125.869 108.832 105.169 102.024 103.617
threshold=7.7402880224798043 8.8929345346715341 6.3917250241232066 431.00000000000006 413.00000000000006 10.751467710371822 391.00000000000006 -1.0000000180025095e-35 7.1481692030537438 2.485941344448277 531.00000000000011 2.1633738893808596 395.00000000000006 8.3836961160904835 455.00000000000006 8.0985446760823869 -0.60135131931762131 8.1240554758488788 521.00000000000011 8.1955959278931285 8.4943475572047031 -1.0074699857255198 7.2336996336996346 475.00000000000006 7.1823775963809062 0.55378936400267842 423.00000000000006 7.1958634551131624 -0.6667223348692507 -0.54513538997370292 -0.962979128034123 491.00000000000006 503.00000000000006 6.9236294620045262 -0.23897597330546724 7.6687814840027242 6.9112912393988326
decision_type=2 2 2 2 2 2 2 2 2 2 2 2 2 2 2 2 2 2 2 2 2 2 2 2 2 2 2 2 2 2 2 2 2 2 2 2 2
left_child=2 3 -1 6 -4 12 15 28 11 17 22 -9 -3 -11 -13 -2 -14 -5 -19 -20 21 -21 23 26 -25 -26 -10 -27 30 -30 -6 -32 33 -33 35 36 -31
right_child=1 5 4 9 7 -7 -8 8 10 13 -12 14 16 -15 -16 -17 -18 18 19 20 -22 -23 -24 24 25 27 -28 -29 29 34 31 32 -34 -35 -36 -37 -38
leaf_value=-0.028859876787854909 0.037983597664309095 0.11371391380096442 0.029250184780666454 2.6191185307040797e-05 -0.016398198837210557 0.15987787809911996 0.024913631886014132 -0.011951315909312352 -0.049805290261029582 0.0943662177698434 0.052612692861662314 -0.018428234806914141 0.014675094522857774 -8.0428421265675741e-05 0.076830658193394297 0.13387783364833947 0.033514001738982051 0.0063253185111434426 0.11285701097387085 -0.068833678771291484 0.059178663756530907 0.013019296272336752 -0.00077673986941884988 -0.033973176146843108 -0.013318117058430395 0.079378598944682174 0.033760915991337806 0.014195148909180621 -0.029620761310465021 0.0092766864032253638 0.004963908430871378 0.0031195520188733324 -0.00084068599035929618 -0.043903315340750336 -0.021499208121498282 0.048549240381613304 -0.012729096116858102
leaf_weight=5290 77 86 1166 11463 5099 67 3184 9976 96 153 307 69 1558 71 154 109 4622 12908 76 68 275 291 10691 531 558 192 1398 193 2840 1256 4536 282 1424 711 2190 145 2915
leaf_count=5290 77 86 1166 11463 5099 67 3184 9976 96 153 307 69 1558 71 154 109 4622 12908 76 68 275 291 10691 531 558 192 1398 193 2840 1256 4536 282 1424 711 2190 145 2915
internal_value=0 0.0118669 -0.0082029 0.00757389 -0.00586441 0.0313053 0.0287366 -0.00676302 -0.00272677 0.00475554 0.00306269 -0.0106546 0.0299306 0.06443 0.0473559 0.0941797 0.0287646 0.00422258 0.00775491 0.0337453 0.0242619 -0.00248489 0.001949 0.0117674 -0.00508203 0.0111865 0.0283912 0.0467022 -0.0113212 -0.016009 -0.00768593 -0.00129676 -0.0130462 -0.0305494 -0.0100672 -0.00426649 -0.00610256
internal_weight=0 35008 52019 28675 46729 6333 3370 45563 24165 25305 13966 10199 6266 224 223 186 6180 25081 13618 710 634 359 13659 2968 1474 943 1494 385 21398 9346 12052 6953 2417 993 6506 4316 4171
internal_count=87027 35008 52019 28675 46729 6333 3370 45563 24165 25305 13966 10199 6266 224 223 186 6180 25081 13618 710 634 359 13659 2968 1474 943 1494 385 21398 9346 12052 6953 2417 993 6506 4316 4171
is_linear=0
shrinkage=0.0640495


Tree=31
num_leaves=38
num_cat=0
split_feature=8 0 8 8 6 6 0 11 0 8 0 6 11 8 0 11 8 8 8 8 6 11 0 8 11 0 6 6 6 6 11 11 6 0 8 11 11
split_gain=1799.85 630.743 674.522 623.832 365.211 334.317 310.662 314.112 241.539 239.036 228.137 212.5 204.222 249.16 197.377 250.04 183.12 170.844 170.006 193.587 164.353 170.898 155.985 151.52 141.13 138.93 136.911 134.189 131.293 120.269 117.19 112.281 146.002 118.557 117.195 113.746 110.92
threshold=7.7402880224798043 14.500000000000002 6.7522865413205997 8.8929345346715341 431.00000000000006 527.00000000000011 15.500000000000002 0.43868427769309876 9.5000000000000018 10.751467710371822 12.500000000000002 431.00000000000006 -1.0000000180025095e-35 7.1481692030537438 14.500000000000002 -1.4477954272585394 7.9717007376844213 7.92049995005494 7.2056564780767731 7.2336996336996346 447.00000000000006 0.98570074441252487 11.500000000000002 7.0116314976839949 -1.3328459982997494 11.500000000000002 391.00000000000006 415.00000000000006 397.00000000000006 483.00000000000006 2.3733649301775555 -1.0393213428170125 481.00000000000006 13.500000000000002 7.9744877395819556 -0.89439442200710972 -0.51096253519919299
decision_type=2 2 2 2 2 2 2 2 2 2 2 2 2 2 2 2 2 2 2 2 2 2 2 2 2 2 2 2 2 2 2 2 2 2 2 2 2
left_child=1 2 20 4 10 8 7 18 27 28 26 22 -13 -14 16 -16 30 -17 23 -20 21 25 -10 -3 -8 -1 -2 -4 -5 -26 -6 32 33 -18 -33 -36 -37
right_child=3 6 5 9 14 -7 24 -9 11 -11 -12 12 13 -15 15 17 31 -19 19 -21 -22 -23 -24 -25 29 -27 -28 -29 -30 -31 -32 34 -34 -35 35 36 -38
leaf_value=0.020992154364839106 0.095676412268337285 0.0024447415609261526 0.05411432997914014 0.10044846144251189 -0.0089671871489214287 0.0305299023766579 0.056016731513924625 0.028859168678597547 0.025137405714912034 0.14963777342113124 0.0005877516940356167 -0.015138111823710049 -0.016505530864543504 0.0028242351277100656 0.097960816651675678 0.036197997022751636 -0.045689962498949951 0.0071318226711518402 0.10682366978969221 0.013774202440248934 -0.032668697690747123 -0.063725346075616848 -0.0052971619695694671 -0.025432792573602661 -0.0021691040331982812 -0.018578000561484325 0.033441194523009359 -0.03798955621576669 0.02682683703548892 -0.023366997230922667 0.075002037866153184 0.047618037599236891 0.0098541008339907907 0.015080802566662615 0.036187799343147933 -0.0061399732702405938 0.0085095202038216258
leaf_weight=601 155 3497 68 101 5767 922 130 2739 1349 67 965 12022 4048 8438 147 1049 562 3966 96 2059 6599 217 1416 1037 2445 923 2250 1420 6165 1993 69 290 673 172 506 2741 9363
leaf_count=601 155 3497 68 101 5767 922 130 2739 1349 67 965 12022 4048 8438 147 1049 562 3966 96 2059 6599 217 1416 1037 2445 923 2250 1420 6165 1993 69 290 673 172 506 2741 9363
internal_value=0 -0.00767751 -0.0119565 0.0111069 0.00708879 -0.0074346 0.00394721 0.0105894 -0.00865164 0.0293002 0.0268961 -0.00728062 -0.00917961 -0.00344254 0.00445095 0.0156251 0.00158738 0.0132117 0.00310833 0.0179193 -0.0280504 -0.0105454 0.00955138 -0.00393131 -0.00976176 -0.00297323 0.0374522 -0.0337805 0.0280135 -0.0116886 -0.00797441 0.00548775 -0.011693 -0.0314494 0.00736165 0.00643584 0.00519208
internal_weight=0 52019 38023 35008 28675 29683 13996 9428 28761 6333 3370 27273 24508 12486 25305 5162 20143 5015 6689 2155 8340 1741 2765 4534 4568 1524 2405 1488 6266 4438 5836 14307 1407 734 12900 12610 12104
internal_count=87027 52019 38023 35008 28675 29683 13996 9428 28761 6333 3370 27273 24508 12486 25305 5162 20143 5015 6689 2155 8340 1741 2765 4534 4568 1524 2405 1488 6266 4438 5836 14307 1407 734 12900 12610 12104
is_linear=0
shrinkage=0.0640495


Tree=32
num_leaves=38
num_cat=0
split_feature=10 7 10 10 10 10 10 7 7 6 11 7 6 11 7 11 10 7 7 8 7 10 7 6 8 8 10 7 8 10 8 8 6 11 6 6 7
split_gain=8324.58 2386.04 1425.39 737.389 498.743 401.119 394.623 330.657 229.82 228.197 202.561 186.946 186.089 174.745 170.025 167.626 158.779 157.739 155.166 153.535 143.835 143.189 278.265 151.764 142.315 141.204 140.676 138.733 128.242 123.464 122.821 122.154 120.888 116.705 112.987 112.372 110.777
threshold=6.5000000000000009 6.9573650195233618 10.500000000000002 3.5000000000000004 1.5000000000000002 7.8095206087166948 14.500000000000002 9.3471964543393131 6.1949399148569286 395.00000000000006 1.2332822534011452 7.8940880467893084 451.00000000000006 0.73273692778884258 6.832876366391285 2.485941344448277 7.8095206087166948 8.3877865145748078 7.8687823804102885 6.9787620152284155 6.8363354858881396 5.5000000000000009 8.2195763707415335 541.00000000000011 9.0145719489981797 8.7478991596638682 7.3095206087166948 6.6660897158517249 7.4351124343188397 7.3095206087166948 8.4356324469076807 9.7615533354817945 467.00000000000006 1.5793802258642813 545.00000000000011 421.00000000000006 4.0962030443866464
decision_type=2 2 2 2 2 2 2 2 2 2 2 2 2 2 2 2 2 2 2 2 2 2 2 2 2 2 2 2 2 2 2 2 2 2 2 2 2
left_child=3 5 7 4 14 8 17 11 -2 -5 31 28 19 36 30 21 29 -4 -14 -8 -12 23 -23 -11 -10 33 -13 -15 32 -9 -1 -6 -3 -22 35 -28 -7
right_child=1 2 6 9 10 13 12 16 24 15 20 26 18 27 -16 -17 -18 -19 -20 -21 25 22 -24 -25 -26 -27 34 -29 -30 -31 -32 -33 -34 -35 -36 -37 -38
leaf_value=-0.033744542669556794 -0.031155060250869726 -0.017167241606257162 0.026652797150924949 0.090467083057581346 -0.04626522174423494 -0.054329698997074294 0.00044981137413173226 0.013502116935447808 -0.0093099074505737563 -0.021687835947474629 0.0033622905413880663 0.00095788925422590765 0.022241613333791873 0.0079389865476489803 -0.0084941262970982673 0.04599323563397343 0.01716781805725268 0.042659547609192112 0.060644446678282553 0.09086045393777227 -0.020553724119653623 -0.017667971976521299 0.01431322190426376 0.04566437376468209 0.068030293370013817 0.053511384999267698 0.039608990696983586 0.045059474872876398 0.012536268004555996 0.05503932007685973 0.035109204454501622 0.040516909516079842 0.0058400721709983882 -0.064600402225828343 0.090471004072436911 0.016950267512417978 0.00028392055626843036
leaf_weight=2499 2808 1639 4886 83 9678 156 84 367 4075 10872 607 1985 593 1121 3019 177 1256 5228 1586 932 509 3701 1598 139 100 68 979 654 3855 1467 111 67 2187 479 91 10836 6535
leaf_count=2499 2808 1639 4886 83 9678 156 84 367 4075 10872 607 1985 593 1121 3019 177 1256 5228 1586 932 509 3701 1598 139 100 68 979 654 3855 1467 111 67 2187 479 91 10836 6535
internal_value=0 0.0155986 0.0242329 -0.0250885 -0.034445 -0.005623 0.0411256 0.0151167 -0.0169867 -0.0154683 -0.0421429 0.0123098 0.0607484 0.00375012 -0.0188442 -0.0160016 0.0347122 0.0349268 0.0501934 0.0833856 -0.0214827 -0.0166744 -0.00802352 -0.0208376 -0.00745745 -0.0357639 0.0167435 0.0216161 0.00429143 0.0467273 -0.0308163 -0.0456686 -0.00401591 -0.0419083 0.0193754 0.0188278 -0.000989391
internal_weight=0 53420 37971 33607 17037 15449 13309 24662 6983 16570 11408 21572 3195 8466 5629 16487 3090 10114 2179 1016 1663 16310 5299 11011 4175 1056 13891 1775 7681 1834 2610 9745 3826 988 11906 11815 6691
internal_count=87027 53420 37971 33607 17037 15449 13309 24662 6983 16570 11408 21572 3195 8466 5629 16487 3090 10114 2179 1016 1663 16310 5299 11011 4175 1056 13891 1775 7681 1834 2610 9745 3826 988 11906 11815 6691
is_linear=0
shrinkage=0.0640495


Tree=33
num_leaves=38
num_cat=0
split_feature=7 7 7 7 6 11 1 7 11 6 11 11 6 7 11 11 11 7 1 11 11 7 7 7 11 6 11 6 11 6 11 11 11 11 11 11 11
split_gain=3351.1 800.578 591.111 289.586 264.716 243.536 255.06 378.66 311.257 215.622 210.602 230.973 182.978 155.593 154.147 136.05 123.837 115.682 112.477 111.877 130.66 151.778 107.835 105.863 105.532 104.734 102.441 100.549 185.677 93.5904 91.8332 90.4962 137.676 93.3845 90.0993 224.216 130.626
threshold=7.7567841447284218 6.4034943328787106 9.4193446949779904 4.3781138790035596 393.00000000000006 -1.8468383406761342 7.6195132788424278 8.3461820851688717 2.2877867930873359 523.00000000000011 -0.0314602928843917 1.0487167347901585 415.00000000000006 7.8713247679485541 2.2877867930873359 0.43868427769309876 0.58754212556909502 6.8776650189377717 7.6195132788424278 -0.67290478874379611 -0.45242272007108764 8.249497991967873 10.578520337354545 7.8687823804102885 -1.7647774888393983 471.00000000000006 -0.074758017545033986 495.00000000000006 0.21087429178101161 445.00000000000006 1.4978668889908853 -1.0238291873062908 -1.3589921278676007 -0.87488251127017036 2.1633738893808596 2.6441154546989658 1.1501564794524815
decision_type=2 2 2 2 2 2 2 2 2 2 2 2 2 2 2 2 2 2 2 2 2 2 2 2 2 2 2 2 2 2 2 2 2 2 2 2 2
left_child=1 3 4 15 -2 -6 7 8 9 13 19 29 30 27 -5 18 -17 24 -1 -8 -21 -22 -4 -13 -14 31 -26 -7 -29 -12 -3 32 -9 -33 36 -36 -25
right_child=2 12 22 14 5 6 10 25 -10 -11 11 23 17 -15 -16 16 -18 -19 -20 20 21 -23 -24 34 26 -27 -28 28 -30 -31 -32 33 -34 -35 35 -37 -38
leaf_value=-0.062200918558618298 0.068085031589482883 0.01651284308303878 0.029692768370659504 -0.021109323125933898 0.078587113208097636 -0.021067777419011884 0.0031244986984428937 0.040182970903390042 0.10493842729787596 0.078314188977911564 0.030556262493623625 0.041331451243338119 0.044167646131068335 0.0065673294921666297 0.069815670932626667 0.055464045613505035 -0.028876849513023564 -0.00342896242046787 -0.031276396065224407 -0.022563528404391325 -0.024620988247057565 0.015228808481257487 0.060542774481239556 -0.027246499591625135 -0.017886927693049001 0.033999686690699631 -0.0070231312351662703 0.065190050495842061 -0.056235056315589851 0.012748500150725216 0.091691816083234262 0.065748303657424068 -0.043431878102499655 0.019569030581572354 -0.059722629023043386 0.040096957544301648 0.0053849323892101765
leaf_weight=1356 319 767 4949 11537 208 1571 4876 128 124 151 1503 203 139 5211 77 88 379 15588 749 2037 601 1128 513 652 6472 2922 7916 153 78 6226 73 186 219 5257 338 127 2206
leaf_count=1356 319 767 4949 11537 208 1571 4876 128 124 151 1503 203 139 5211 77 88 379 15588 749 2037 601 1128 513 652 6472 2922 7916 153 78 6226 73 186 219 5257 338 127 2206
internal_value=0 -0.012213 0.0129415 -0.0248129 0.00999509 0.00948185 0.00908143 0.0151021 0.00432909 0.00258767 0.00423999 0.0100141 -0.00643876 0.000957168 -0.0205065 -0.0442589 -0.0129839 -0.00726119 -0.0511974 -0.00328002 -0.0115722 0.00137703 0.0325903 -0.00357039 -0.0113733 0.0241142 -0.0119099 -0.0152662 0.0241894 0.0162114 0.0230463 0.0191253 -0.0125884 0.0211471 -0.00631342 -0.0324601 -0.00205933
internal_weight=0 45141 41886 14186 36424 36105 35897 16000 7288 7164 19897 11255 30955 7013 11614 2572 467 30115 2105 8642 3766 1729 5462 3526 14527 8712 14388 1802 231 7729 840 5790 347 5443 3323 465 2858
internal_count=87027 45141 41886 14186 36424 36105 35897 16000 7288 7164 19897 11255 30955 7013 11614 2572 467 30115 2105 8642 3766 1729 5462 3526 14527 8712 14388 1802 231 7729 840 5790 347 5443 3323 465 2858
is_linear=0
shrinkage=0.0640495


Tree=34
num_leaves=38
num_cat=0
split_feature=10 10 0 10 8 0 10 8 11 0 8 6 10 10 8 11 10 11 10 8 0 11 6 8 8 6 11 0 8 11 11 0 11 10 8 8 0
split_gain=7084.81 1743.3 820.895 454.819 448.346 369.11 358.758 348.777 318.423 216.399 210.875 304.027 210.405 187.259 179.038 174.228 158.293 130.824 155.059 152.67 141.814 169.354 130.326 200.695 186.584 129.996 126.768 135.974 148.345 135.354 180.745 126.121 124.944 124.409 133.89 122.393 120.675
threshold=6.5000000000000009 10.500000000000002 10.500000000000002 3.5000000000000004 7.5928607474277392 13.500000000000002 3.5000000000000004 8.1707303732977721 2.485941344448277 14.500000000000002 6.6199670385395546 525.00000000000011 15.500000000000002 14.500000000000002 7.1958634551131624 2.485941344448277 9.5000000000000018 -1.0000000180025095e-35 8.5000000000000018 9.7890805974918145 14.500000000000002 -1.1251648948823225 459.00000000000006 7.1161409502621966 7.9291598023064251 551.00000000000011 0.33244231066623897 12.500000000000002 6.158062234794909 -1.199133676478481 -0.89439442200710972 12.500000000000002 0.28145575576035048 1.5000000000000002 7.1823775963809062 5.5894777265745015 11.500000000000002
decision_type=2 2 2 2 2 2 2 2 2 2 2 2 2 2 2 2 2 2 2 2 2 2 2 2 2 2 2 2 2 2 2 2 2 2 2 2 2
left_child=2 4 6 5 9 -4 -1 13 25 10 35 16 31 15 -13 26 -12 18 -6 36 -20 -22 23 -15 -25 -5 27 28 -3 -30 -31 -9 -21 34 -7 -2 -19
right_child=1 7 3 8 17 33 -8 12 -10 -11 11 14 -14 22 -16 -17 -18 19 20 32 21 -23 -24 24 -26 -27 -28 -29 29 30 -32 -33 -34 -35 -36 -37 -38
leaf_value=-0.061340888358473601 -0.066969287585090367 -0.061680610407427255 -0.037637379260177899 -0.011056928162606882 -0.0049623032294145138 -0.02056674070149505 -0.030768872755230919 0.049007705714912045 0.08691006286547813 0.011861854968551919 -0.0054514863783957281 0.01398252130532412 0.077803144455011339 0.0087062811451565358 0.098949654707644663 0.12099726944455956 0.01902553278096894 0.023536933558401914 0.010486555194508916 0.068335449180778968 0.13959465293542084 0.031853749075004746 0.029375658856325027 0.094633072002020813 0.014356640859405405 0.074083080723233469 0.030221346462535454 0.0052742237959452296 -0.023232043800939 0.067437075640997643 0.022998931186771005 0.028651162801915524 0.004212968814105056 -0.024123449863369683 0.0042769123145810564 -0.016744828183910692 0.010083065049484445
leaf_weight=2724 217 80 6344 12625 2819 1763 3732 2655 139 4325 9908 219 664 241 190 70 1217 4755 2254 416 74 313 1796 531 153 74 3061 3252 206 454 2171 2357 178 4409 1797 2406 6438
leaf_count=2724 217 80 6344 12625 2819 1763 3732 2655 139 4325 9908 219 664 241 190 70 1217 4755 2254 416 74 313 1796 531 153 74 3061 3252 206 454 2171 2357 178 4409 1797 2406 6438
internal_value=0 0.0143956 -0.0231398 -0.0182585 0.00625386 -0.0261095 -0.0436682 0.0308387 -0.00950546 -0.000677119 -0.00450781 -0.000780011 0.0439231 0.0246575 0.0534538 0.020331 -0.00277387 0.0136811 0.00548502 0.0174778 0.0166365 0.0524554 0.0394354 0.0589675 0.0766765 -0.0105608 0.019567 0.0142753 0.0243308 0.0267613 0.0306846 0.0394346 0.0491203 -0.0169323 -0.00802628 -0.0208999 0.0157985
internal_weight=0 53420 33607 27151 35729 14313 6456 17691 12838 18482 14157 11534 5676 12015 409 9294 11125 17247 5460 11787 2641 387 2721 925 684 12699 9224 6163 2911 2831 2625 5012 594 7969 3560 2623 11193
internal_count=87027 53420 33607 27151 35729 14313 6456 17691 12838 18482 14157 11534 5676 12015 409 9294 11125 17247 5460 11787 2641 387 2721 925 684 12699 9224 6163 2911 2831 2625 5012 594 7969 3560 2623 11193
is_linear=0
shrinkage=0.0640495


Tree=35
num_leaves=38
num_cat=0
split_feature=10 10 0 10 8 10 8 10 11 0 8 11 6 11 8 11 10 0 1 0 1 11 11 0 6 0 11 11 6 11 10 0 11 0 0 8 0
split_gain=6302.33 1527.68 762.48 475.154 422.583 315.296 273.908 234.658 235.647 223.908 219.689 186.978 177.689 170.533 168.246 161.083 160.049 159.524 204.587 186.147 179.49 173.47 143.19 142.421 211.407 183.568 170.754 141.015 155.002 139.846 146.552 134.23 305.264 132.915 208.848 159.401 131.027
threshold=6.5000000000000009 10.500000000000002 12.500000000000002 3.5000000000000004 7.1278335872073226 15.500000000000002 7.4351124343188397 3.5000000000000004 -1.4138345662614997 11.500000000000002 7.1161409502621966 -1.2353086322459708 401.00000000000006 -0.54513538997370292 8.4888669950738933 1.2332822534011452 7.8095206087166948 14.500000000000002 7.6195132788424278 15.500000000000002 7.6195132788424278 -0.67290478874379611 -1.4477954272585394 11.500000000000002 437.00000000000006 14.500000000000002 -0.76770458855317958 -0.85642766761649602 509.00000000000006 -1.1251648948823225 5.5000000000000009 15.500000000000002 1.4615956989840002 14.500000000000002 11.500000000000002 7.0966391804097961 10.500000000000002
decision_type=2 2 2 2 2 2 2 2 2 2 2 2 2 2 2 2 2 2 2 2 2 2 2 2 2 2 2 2 2 2 2 2 2 2 2 2 2
left_child=2 4 3 36 10 6 11 17 -9 15 33 22 -5 27 23 -7 -16 20 19 21 -4 -19 -3 24 -6 -25 -27 -8 -29 -14 -31 32 -28 34 -2 -36 -1
right_child=1 5 7 12 14 9 13 8 -10 -11 -12 -13 29 -15 16 -17 -18 18 -20 -21 -22 -23 -24 25 -26 26 31 28 -30 30 -32 -33 -34 -35 35 -37 -38
leaf_value=-0.05665726619569092 0.0047837157582148841 0.018074197142653587 -0.038236727925386356 0.055243308257717338 0.035949213743457505 0.092996811487399314 0.033962874648427656 0.043506614471804199 -0.0080539854555282571 0.037157796129402051 -0.076817675528566415 0.01831082344156832 -0.052355857065498265 0.038849329801454377 0.029047801521487351 -0.0057654447529302474 0.0077902890502052468 -0.020591597679963412 -0.026665260055895638 -0.03057457429272788 -0.01525637785632814 0.018972169725251668 -0.0592960244248565 -0.001762410815544767 0.0091066104821743623 0.047683702751403829 0.012977154565635793 0.014770072242157534 -0.046574901058534027 -0.02743978128501888 -0.0075477183160278429 -0.0052281160881217578 0.10723181052729631 0.0089316571559311334 -0.019914111885355031 0.07030206061451158 -0.038101553807178543
leaf_weight=2734 2743 169 2960 119 1489 624 1698 380 8440 1270 175 5632 637 6345 3300 76 2596 629 2169 663 2636 1640 234 8951 6281 560 1665 1465 191 4692 2247 1438 154 2303 3979 82 3639
leaf_count=2734 2743 169 2960 119 1489 624 1698 380 8440 1270 175 5632 637 6345 3300 76 2596 629 2169 663 2636 1640 234 8951 6281 560 1665 1465 191 4692 2247 1438 154 2303 3979 82 3639
internal_value=0 0.0136487 -0.0217604 -0.0331274 0.00602288 0.0290329 0.0260084 -0.0135669 -0.00583255 0.053189 -0.00573424 0.0152951 -0.0224151 0.0326745 0.0101513 0.0822741 0.0196882 -0.0199441 -0.0117517 -0.000719202 -0.0274118 0.00800451 -0.0268504 0.00741344 0.0142506 0.00325268 0.0150132 0.0209932 0.00769466 -0.0236349 -0.0209983 0.00939596 0.0209569 -0.0043683 -0.00887004 -0.0180925 -0.0460619
internal_weight=0 53420 33585 14068 35716 17704 15734 19517 8820 1970 9282 6035 7695 9699 26434 700 5896 10697 5101 2932 5596 2269 403 20538 7770 12768 3817 3354 1656 7576 6939 3257 1819 9107 6804 4061 6373
internal_count=87005 53420 33585 14068 35716 17704 15734 19517 8820 1970 9282 6035 7695 9699 26434 700 5896 10697 5101 2932 5596 2269 403 20538 7770 12768 3817 3354 1656 7576 6939 3257 1819 9107 6804 4061 6373
is_linear=0
shrinkage=0.0640495


Tree=36
num_leaves=38
num_cat=0
split_feature=10 10 10 0 8 10 8 0 11 11 8 0 8 6 6 0 6 0 11 11 11 11 8 8 0 11 6 8 8 0 11 6 11 11 10 0 6
split_gain=5539.55 1095.73 713.804 684.109 409.14 276.2 243.593 196.144 181.35 156.147 155.023 147.198 161.516 142.706 147.499 184.366 145.748 142.223 186.011 179.746 154.447 141.516 134.474 134.178 132.112 168.776 131.019 129.475 125.228 126.226 194.657 122.055 139.076 121.176 116.516 115.748 168.104
threshold=7.3095206087166948 10.500000000000002 4.5000000000000009 12.500000000000002 7.1278335872073226 15.500000000000002 7.6447059884559891 11.500000000000002 -1.199133676478481 -1.4477954272585394 7.1161409502621966 10.500000000000002 6.5085137493514464 527.00000000000011 437.00000000000006 11.500000000000002 389.00000000000006 13.500000000000002 -1.7647774888393983 -1.4138345662614997 0.41855959121551672 1.2172903989140984 9.08534552171648 6.3917250241232066 13.500000000000002 2.1633738893808596 435.00000000000006 6.5085137493514464 8.7318022225154479 14.500000000000002 -0.76770458855317958 461.00000000000006 -1.4477954272585394 1.4817261777209236 7.8095206087166948 11.500000000000002 453.00000000000006
decision_type=2 2 2 2 2 2 2 2 2 2 2 2 2 2 2 2 2 2 2 2 2 2 2 2 2 2 2 2 2 2 2 2 2 2 2 2 2
left_child=2 4 3 11 10 6 8 21 9 -3 23 -1 -13 14 15 16 -6 18 -4 -19 -21 -7 24 -2 31 -26 27 -10 29 35 -31 -5 -33 -32 -30 -16 -37
right_child=1 5 17 22 13 7 -8 -9 26 -11 -12 12 -14 -15 28 -17 -18 19 -20 20 -22 -23 -24 -25 25 -27 -28 -29 34 30 33 32 -34 -35 -36 36 -38
leaf_value=-0.048239619133888682 -0.020172517764451621 0.0223860862577882 -0.063371954156912338 -0.010627154042720681 0.12282843862276148 0.08734914323154927 0.03200687463115244 0.03477785640255239 -0.041987448918783525 -0.048147105102027563 -0.06988897090554054 -0.064584342494239694 -0.027701836273434536 0.041039805234654191 0.01014727891638614 0.0082569423702030589 0.032823313769690381 0.053824733632343039 -0.01080934888085984 -0.0099008594739375382 0.012377132899238218 -0.0031670351761414303 0.02834390306084102 0.00027619840288679534 -0.014619988188073956 0.044969182367620271 0.015664376270308412 0.051040771217133643 0.037546977820378975 0.058376569746867404 0.0072865611248549489 0.038289809035070115 -0.03924050712231205 0.056418334488955918 0.0086709669847172422 -0.022993388439343638 0.0025975827833562884
leaf_weight=3992 1680 215 284 1145 77 620 8174 1270 67 321 150 547 4447 653 5728 1922 1780 246 10050 3651 1963 80 271 6082 9672 199 6226 731 1079 420 2430 99 2301 225 1223 1292 5693
leaf_count=3992 1680 215 284 1145 77 620 8174 1270 67 321 150 547 4447 653 5728 1922 1780 246 10050 3651 1963 80 271 6082 9672 199 6226 731 1079 420 2430 99 2301 225 1223 1292 5693
internal_value=0 0.0145036 -0.0180044 -0.02534 0.00713345 0.0271734 0.0243426 0.0497822 0.0160558 -0.0198549 -0.00539602 -0.0390708 -0.0317416 0.0115351 0.0106541 0.0221628 0.0365554 -0.00773388 -0.0122539 0.000237058 -0.0021111 0.0770044 -0.0163253 -0.0041497 -0.0172276 -0.0134187 0.0187961 0.0432301 0.0082499 0.00621503 0.0178597 -0.0278335 -0.0360424 0.0114503 0.0222058 0.00339843 -0.00213592
internal_weight=0 48138 38867 22673 30434 17704 15734 1970 7560 536 7912 8986 4994 22522 21869 3779 1857 16194 10334 5860 5614 700 13687 7762 13416 9871 7024 798 18090 15788 3075 3545 2400 2655 2302 12713 6985
internal_count=87005 48138 38867 22673 30434 17704 15734 1970 7560 536 7912 8986 4994 22522 21869 3779 1857 16194 10334 5860 5614 700 13687 7762 13416 9871 7024 798 18090 15788 3075 3545 2400 2655 2302 12713 6985
is_linear=0
shrinkage=0.0640495


Tree=37
num_leaves=38
num_cat=0
split_feature=8 8 6 0 0 8 6 6 0 8 8 8 6 0 6 6 8 8 6 1 6 1 6 6 6 8 6 8 8 0 6 8 8 8 6 8 6
split_gain=933.827 475.611 387.461 414.854 285.746 277.161 257.962 181.41 178.211 171.402 162.435 172.063 158.205 144.211 128.088 167.75 173.653 125.271 113.506 116.639 113.25 100.318 160.882 96.5139 96.2924 90.9119 114.565 118.836 151.238 89.8571 87.5492 122.673 236.864 152.777 117.973 107.553 93.6652
threshold=8.1240554758488788 6.3917250241232066 415.00000000000006 14.500000000000002 15.500000000000002 9.7890805974918145 391.00000000000006 541.00000000000011 9.5000000000000018 7.13818688981869 7.9717007376844213 7.8024042950513541 435.00000000000006 14.500000000000002 443.00000000000006 457.00000000000006 7.4351124343188397 7.7511301989150097 481.00000000000006 7.6195132788424278 527.00000000000011 7.6195132788424278 497.00000000000006 421.00000000000006 465.00000000000006 8.8929345346715341 521.00000000000011 8.1955959278931285 8.4943475572047031 12.500000000000002 481.00000000000006 6.8739547257540723 7.1823775963809062 6.8513927907495091 433.00000000000006 7.4797373407727141 525.00000000000011
decision_type=2 2 2 2 2 2 2 2 2 2 2 2 2 2 2 2 2 2 2 2 2 2 2 2 2 2 2 2 2 2 2 2 2 2 2 2 2
left_child=1 13 -3 7 10 6 -2 8 17 23 11 30 -11 21 -6 -16 -17 -4 24 -20 -14 -1 -23 -10 -12 26 -8 -28 -29 -30 34 33 36 -32 35 -5 -33
right_child=5 2 3 4 14 -7 25 -9 9 12 18 -13 20 -15 15 16 -18 -19 19 -21 -22 22 -24 -25 -26 -27 27 28 29 -31 31 32 -34 -35 -36 -37 -38
leaf_value=-0.038687564737054043 0.093190834126293365 0.027010953741445545 -0.033558365194793445 0.072041806433173233 -0.035701689710872522 0.035476692649502907 0.0051038778341281022 0.032705599781895495 0.029453071914808438 0.011628255414425756 -0.017299513846666496 0.056809204868393672 -0.0052086031366544421 -0.0078986191563025446 0.029134394256631807 -0.017626112212340967 0.0094755055932149463 0.001198668013804806 -0.030814392197585579 0.055757116343130964 0.023026623504324276 0.00093944454230064796 -0.045352513241191494 -0.012590343497902751 -0.096286951866696432 0.016640279928939027 0.10601395141752512 -0.0055665420200167468 0.097837712114692096 0.024744180885659068 0.028195981287403745 -0.0048690892222457288 0.024588147585383448 0.098491211310018728 0.0029592595806953253 -0.019163492787329817 -0.060391051420796177
leaf_weight=2118 149 1800 1627 194 526 1796 14938 484 228 2758 144 388 24429 1857 604 2482 1592 576 142 116 597 832 489 12731 113 4488 78 354 125 154 1122 888 2174 143 3551 73 145
leaf_count=2118 149 1800 1627 194 526 1796 14938 484 228 2758 144 388 24429 1857 604 2482 1592 576 142 116 597 832 489 12731 113 4488 78 354 125 154 1122 888 2174 143 3551 73 145
internal_value=0 -0.00388709 -0.00225331 -0.00316423 0.00625807 0.0113606 0.00922546 -0.00628771 -0.00672716 -0.00576776 0.0130471 0.0151212 -0.00293058 -0.0222817 -0.005735 -0.0023655 -0.00703559 -0.0244707 -0.0219017 0.00810923 -0.00453505 -0.0300483 -0.0161966 -0.0118506 -0.0520294 0.00860417 0.00629948 0.0314189 0.0222271 0.0574922 0.0131701 0.0192519 0.0125894 0.0361424 0.00604649 0.0471055 -0.0126626
internal_weight=0 64923 59627 57827 14397 22082 20286 43430 42946 40743 9193 8678 27784 5296 5204 4678 4074 2203 515 258 25026 3439 1321 12959 257 20137 15649 711 633 279 8290 4472 3207 1265 3818 267 1033
internal_count=87005 64923 59627 57827 14397 22082 20286 43430 42946 40743 9193 8678 27784 5296 5204 4678 4074 2203 515 258 25026 3439 1321 12959 257 20137 15649 711 633 279 8290 4472 3207 1265 3818 267 1033
is_linear=0
shrinkage=0.0640495


Tree=38
num_leaves=38
num_cat=0
split_feature=8 0 8 8 0 11 0 1 8 8 11 11 11 8 11 8 8 11 11 0 11 0 11 8 11 1 11 0 11 11 11 0 8 0 8 8 8
split_gain=818.755 377.879 412.581 331.229 257.907 213.752 176.926 141.291 141.161 166.927 141.079 138.172 122.51 219.393 172.519 116.28 112.304 110.855 107.247 103.063 106.925 94.7268 118.584 93.7858 89.2128 88.1015 156.579 142.996 144.507 268.899 125.433 117.936 178.251 116.255 136.072 114.338 112.323
threshold=7.7402880224798043 14.500000000000002 6.7522865413205997 8.8929345346715341 15.500000000000002 0.43868427769309876 9.5000000000000018 7.6195132788424278 7.2056564780767731 7.2336996336996346 2.485941344448277 0.54061507609818749 -1.0000000180025095e-35 7.13818688981869 -0.061376166714358284 6.9477629817515689 7.0116314976839949 -1.3328459982997494 0.15819440794702169 16.500000000000004 -1.1529986533038328 12.500000000000002 -1.3328459982997494 9.7890805974918145 -1.3879996605992078 7.6195132788424278 0.27167616592775284 11.500000000000002 1.0000000180025095e-35 -0.50012583383776532 0.73273692778884258 11.500000000000002 6.6485372340425544 10.500000000000002 6.5687351093783848 6.5965736391268317 6.5375285706243327
decision_type=2 2 2 2 2 2 2 2 2 2 2 2 2 2 2 2 2 2 2 2 2 2 2 2 2 2 2 2 2 2 2 2 2 2 2 2 2
left_child=1 2 25 10 5 8 -4 -7 16 -10 -2 -9 14 -14 15 21 -3 -6 -11 20 -19 22 -8 24 -5 26 31 28 29 -27 -28 32 33 34 -1 -31 -32
right_child=3 4 6 23 17 7 12 11 9 18 -12 -13 13 -15 -16 -17 -18 19 -20 -21 -22 -23 -24 -25 -26 27 30 -29 -30 35 36 -33 -34 -35 -36 -37 -38
leaf_value=-0.02857468168436382 0.0041834296940780448 0.0028512779205384902 -0.026327343766519618 -0.019108545879794839 0.050396378411438771 0.036384435732569657 -0.042774272732273605 0.084852237624240739 0.098509991893968377 0.016558824121708653 0.049871220176622634 -0.00092352354966134757 -0.011522200358849981 0.0054832682310394067 -0.047783507491990472 -0.0093857717335687693 -0.021200541427528478 -0.081385173779197434 -0.05346842317355608 0.048762099729100575 -0.010446264339891799 -0.0081419646418887069 0.027043593871071518 0.033204426958084982 0.018215555035695725 -0.041204996553196323 0.025198665198398088 0.00072027164593384805 -0.053135413093214755 0.036794546244072704 -0.050342738412105702 -0.037977348503259581 0.050029552404542404 -0.0043783364926017615 -0.1195837629064581 -0.029066387766699623 0.0095930186614297201
leaf_weight=252 28388 3500 1499 280 127 1702 111 84 99 1970 280 930 4476 10215 436 11078 1031 89 94 118 4227 886 989 1796 4255 654 388 1618 543 409 281 3076 157 492 92 147 236
leaf_count=252 28388 3500 1499 280 127 1702 111 84 99 1970 280 930 4476 10215 436 11078 1031 89 94 118 4227 886 989 1796 4255 654 388 1618 543 409 281 3076 157 492 92 147 236
internal_value=0 -0.0051132 -0.00842213 0.00755779 0.00389512 0.00995367 -0.00488553 0.0251086 0.00380476 0.0172665 0.00462966 0.00618216 -0.0037454 0.000302104 -0.00814999 -0.00682725 -0.00262156 -0.00860455 0.0133696 -0.0102945 -0.0119091 0.0074443 0.0199983 0.0208169 0.0159111 -0.0210047 -0.0264225 -0.0130107 -0.0256842 -0.0133652 -0.00232627 -0.0317819 -0.0125902 -0.0243501 -0.0529143 0.0193817 -0.0229833
internal_weight=0 52006 38035 34999 13971 9410 29690 2716 6694 2163 28668 1014 28191 14691 13500 13064 4531 4561 2064 4434 4316 1986 1100 6331 4535 8345 4974 3371 1753 1210 905 4069 993 836 344 556 517
internal_count=87005 52006 38035 34999 13971 9410 29690 2716 6694 2163 28668 1014 28191 14691 13500 13064 4531 4561 2064 4434 4316 1986 1100 6331 4535 8345 4974 3371 1753 1210 905 4069 993 836 344 556 517
is_linear=0
shrinkage=0.0640495


Tree=39
num_leaves=38
num_cat=0
split_feature=10 7 10 0 10 7 11 8 10 7 11 10 11 6 0 1 7 10 7 6 7 7 6 8 1 10 6 6 7 6 6 10 0 11 10 11 0
split_gain=4725.96 1637.02 779.508 559.277 361.876 294.003 256.022 249.723 247.229 242.25 188.772 181.683 173.765 167.037 166.562 189.633 159.277 222.678 154.896 184.175 152.491 145.82 145.098 139.637 133.604 154.73 126.958 124.316 122.23 120.879 138.072 120.589 147.778 120.482 120.217 147.798 121.959
threshold=6.5000000000000009 6.9573650195233618 11.500000000000002 12.500000000000002 3.5000000000000004 4.1561054579093435 -0.5212145416990851 7.1652515097169793 7.8095206087166948 9.4193446949779904 -1.4477954272585394 7.3095206087166948 2.2877867930873359 441.00000000000006 11.500000000000002 7.6195132788424278 9.3471964543393131 7.8095206087166948 5.7076156299840521 481.00000000000006 8.4460580397470668 6.691934374886416 401.00000000000006 9.0145719489981797 7.6195132788424278 15.500000000000002 487.00000000000006 497.00000000000006 5.6780753968253981 475.00000000000006 509.00000000000006 3.5000000000000004 13.500000000000002 -1.1251648948823225 9.5000000000000018 -0.88089321447199709 14.500000000000002
decision_type=2 2 2 2 2 2 2 2 2 2 2 2 2 2 2 2 2 2 2 2 2 2 2 2 2 2 2 2 2 2 2 2 2 2 2 2 2
left_child=3 8 11 4 -1 -5 14 29 18 10 21 -3 24 -9 15 -4 34 -18 19 -2 -16 -7 -6 -20 -10 -26 -22 -28 -21 -8 -31 32 -12 -34 36 -36 -13
right_child=1 2 6 5 22 9 7 13 12 -11 31 16 -14 -15 20 -17 17 -19 23 28 26 -23 -24 -25 25 -27 27 -29 -30 30 -32 -33 33 -35 35 -37 -38
leaf_value=-0.039864643496902011 -0.052372237272778913 -0.00017067103851736197 0.080995229110880154 -0.046751733194530548 0.050948000350775687 -0.015513289243690774 0.032056980387366374 0.06528778935260611 -0.0071257203100405838 0.030294073698811472 -0.031340150504261907 0.007874717399598774 0.10138995885931291 0.040203097791185832 -0.0058313846995436073 0.023777865463715905 0.046875742594575845 0.012613421971532691 -0.011204936952826089 -0.021698187508624057 0.0099149544573618308 0.044528809792399718 -0.020330458854885498 0.056234781147998007 0.006289673661720457 0.065330985932157207 0.11501698695525787 0.034278249031351321 0.045148118322052885 -0.028671444350658295 0.052552872241782546 -0.0068713601581950013 -0.048023906464012833 -0.01089033649939799 0.044848155426290538 0.016765823313421139 0.022842287175153578
leaf_weight=6373 857 3544 323 941 119 271 636 1465 4295 591 2395 12829 71 4243 1218 899 1480 1641 5329 535 640 428 7576 129 3905 191 107 291 142 379 111 7903 379 6609 926 4530 2704
leaf_count=6373 857 3544 323 941 119 271 636 1465 4295 591 2395 12829 71 4243 1218 899 1480 1641 5329 535 640 428 7576 129 3905 191 107 291 142 379 111 7903 379 6609 926 4530 2704
internal_value=0 0.0118211 0.0189745 -0.0188415 -0.0285768 -0.0118243 0.0340037 0.0412033 -0.00575283 -0.010055 -0.0113809 0.0133702 0.0016111 0.0466413 0.019857 0.0389016 0.0153606 0.0288609 -0.0146649 -0.032647 0.0095411 0.0212507 -0.0192282 -0.009611 0.000766825 0.00904282 0.0275793 0.0559844 -0.00767725 0.0136369 -0.0102717 -0.0127004 -0.01761 -0.0129043 0.0133531 0.021532 0.0104803
internal_weight=0 53420 37966 33585 14068 19517 10312 6834 15454 18576 17985 27654 8462 5708 3478 1222 24110 3121 6992 1534 2256 699 7695 5458 8391 4096 1038 398 677 1126 490 17286 9383 6988 20989 5456 15533
internal_count=87005 53420 37966 33585 14068 19517 10312 6834 15454 18576 17985 27654 8462 5708 3478 1222 24110 3121 6992 1534 2256 699 7695 5458 8391 4096 1038 398 677 1126 490 17286 9383 6988 20989 5456 15533
is_linear=0
shrinkage=0.0640495


Tree=40
num_leaves=38
num_cat=0
split_feature=7 7 1 7 0 7 0 0 1 0 0 0 11 7 11 11 11 0 11 11 11 8 8 7 8 11 1 0 11 11 8 11 0 0 11 7 7
split_gain=2062.68 599.068 378.193 365.662 243.891 225.711 243.187 212.302 198.165 507.013 293.503 359.269 490.246 218.027 200.336 182.279 176.57 177.306 179.325 165.501 161.799 158.906 155.09 155.562 150.76 149.724 148.662 144.597 189.095 143.216 141.059 136.455 133.907 204.425 137.198 130.616 130.212
threshold=7.8687823804102885 5.9386913719588668 7.6195132788424278 10.133962264150945 14.500000000000002 8.6582209199469293 10.500000000000002 11.500000000000002 7.6195132788424278 13.500000000000002 11.500000000000002 10.500000000000002 -1.2353086322459708 7.3058918482647304 -0.45242272007108764 -1.8468383406761342 -0.5212145416990851 11.500000000000002 1.011404729883171 0.84798662565740357 0.22057540824625846 6.6485372340425544 8.3119300370475937 8.6456745853877202 6.5827604726100981 -0.75346063243179606 7.6195132788424278 15.500000000000002 -1.2844490045860411 1.5269181437033388 8.4739520935804808 -0.75346063243179606 11.500000000000002 10.500000000000002 2.2877867930873359 5.24751718869366 8.5767622686181682
decision_type=2 2 2 2 2 2 2 2 2 2 2 2 2 2 2 2 2 2 2 2 2 2 2 2 2 2 2 2 2 2 2 2 2 2 2 2 2
left_child=1 26 5 15 8 22 -7 25 10 16 11 14 -13 21 -3 -4 -10 18 19 20 -18 -12 23 32 -9 -8 35 -6 -29 31 -24 -14 33 -2 36 -1 -34
right_child=2 4 3 -5 27 6 7 24 9 -11 13 12 29 -15 -16 -17 17 -19 -20 -21 -22 -23 30 -25 -26 -27 -28 28 -30 -31 -32 -33 34 -35 -36 -37 -38
leaf_value=-0.04352170247774477 0.0037522612455854142 0.014609863341382399 0.088612603370194207 0.041052980288673477 0.008665824782178368 -0.002008375224364482 0.0029073371460880087 -0.024007349171217496 -0.018060020798364117 0.027345634262095665 -0.046425150282144625 -0.054973039385948538 0.070043784947597804 -0.0058744781458818472 -0.0310994133527836 0.0031972758392364302 0.0023977125776091092 0.011055962241892677 -0.031923647136439678 0.045824212332760121 -0.028138400743723153 -0.021419357823677956 0.074118844131090073 -0.027097807844643558 0.028676751146601006 0.069953706079341732 -0.013820603485106399 0.070300316370708243 -0.010627173171875007 0.1210576842634425 0.021301334789122172 0.019396393392254876 0.0015991585534967452 0.051470008980501157 0.080412739949167672 -0.022799910087502647 0.046386052812615201
leaf_weight=1894 754 529 103 1128 6817 1040 164 233 4351 1964 1291 332 250 3182 1534 20850 2495 2766 1106 269 996 5417 234 499 5101 819 4129 123 3199 67 1827 1717 5093 720 98 3658 281
leaf_count=1894 754 529 103 1128 6817 1040 164 233 4351 1964 1291 332 250 3182 1534 20850 2495 2766 1106 269 996 5417 234 499 5101 819 4129 123 3199 67 1827 1717 5093 720 98 3658 281
internal_value=0 -0.00878525 0.0110454 0.00552955 -0.00519594 0.018268 0.0266911 0.0314161 -0.00825287 -0.00281895 -0.0135456 0.000157256 0.0171912 -0.0196821 -0.0193785 0.00361716 -0.00776289 -0.00189251 -0.00925286 -0.00258427 -0.0063144 -0.0262319 0.0117491 0.00744463 0.0263754 0.0587679 -0.0230242 0.00332632 -0.00763076 0.0289702 0.0272981 0.0258335 0.00992615 0.0270608 0.00531057 -0.0298689 0.00394101
internal_weight=0 48086 38944 22081 38405 16863 7357 6317 28266 13947 14319 4429 2366 9890 2063 20953 11983 7632 4866 3760 3491 6708 9506 7445 5334 983 9681 10139 3322 2034 2061 1967 6946 1474 5472 5552 5374
internal_count=87030 48086 38944 22081 38405 16863 7357 6317 28266 13947 14319 4429 2366 9890 2063 20953 11983 7632 4866 3760 3491 6708 9506 7445 5334 983 9681 10139 3322 2034 2061 1967 6946 1474 5472 5552 5374
is_linear=0
shrinkage=0.0640495


Tree=41
num_leaves=38
num_cat=0
split_feature=10 10 0 10 10 10 8 0 0 0 0 6 0 8 10 10 6 8 8 8 0 10 6 8 8 6 8 6 6 6 6 6 10 10 0 6 8
split_gain=4042.92 1075.47 496.838 320.98 221.565 210.008 202.205 194.856 193.662 172.375 173.169 188.585 163.429 145.774 137.214 149.461 226.526 136.92 163.383 140.523 133.017 128.076 125.316 127.395 121.05 111.242 105.486 104.865 104.243 152.188 102.8 101.001 97.0389 176.517 232.204 155.638 128.264
threshold=6.5000000000000009 9.5000000000000018 10.500000000000002 13.500000000000002 3.5000000000000004 2.5000000000000004 7.5819075324501624 14.500000000000002 15.500000000000002 13.500000000000002 11.500000000000002 415.00000000000006 12.500000000000002 5.5894777265745015 1.5000000000000002 2.5000000000000004 421.00000000000006 7.5266707758335345 7.2672182468694109 7.0797513760900506 9.5000000000000018 14.500000000000002 437.00000000000006 6.3917250241232066 6.9236294620045262 401.00000000000006 6.8402069231005092 445.00000000000006 495.00000000000006 485.00000000000006 551.00000000000011 461.00000000000006 7.8095206087166948 7.3095206087166948 11.500000000000002 411.00000000000006 10.334415584415586
decision_type=2 2 2 2 2 2 2 2 2 2 2 2 2 2 2 2 2 2 2 2 2 2 2 2 2 2 2 2 2 2 2 2 2 2 2 2 2
left_child=2 6 5 22 7 28 9 14 -9 10 11 -2 20 -12 26 16 -16 18 19 21 -5 24 23 -3 -14 -6 -4 -7 29 -1 -27 -22 33 -8 35 -35 -36
right_child=1 3 4 12 25 27 32 8 -10 -11 13 -13 17 -15 15 -17 -18 -19 -20 -21 31 -23 -24 -25 -26 30 -28 -29 -30 -31 -32 -33 -34 34 36 -37 -38
leaf_value=-0.05472587957255217 0.055233361906616721 -0.055687641987817296 -0.03306427708570038 0.0011708848720499655 0.063947521877596766 -0.010581965209516394 -0.0023268214105215527 -0.0002394775888221186 -0.026795419100750562 0.0075146098929806089 -0.097651637583002299 -0.00084584976757055375 -0.0010634736686778918 -0.013106441426261323 0.067188084954899141 -0.020038272002735377 -0.042669970128239761 0.036023592679585124 -0.0168404947123496 0.058857995455026471 0.05872586902369327 0.031029226989118454 0.014266825549605058 0.033337872170618454 -0.098216372313300007 -0.0083474649815272403 -0.0059961575975302139 -0.032224479751808248 -0.088389516302080029 0.010637196650146468 0.067878289040019316 0.035422629242583874 0.001447856880179588 0.090013872151162758 0.0060710044860166892 0.026881056580815819 0.093482660548639435
leaf_weight=1080 259 68 809 279 89 1223 2530 3428 1678 5554 85 4901 245 5319 79 3106 3040 1802 582 347 1566 469 13090 2178 67 12641 2188 3688 292 169 73 1488 5060 169 4246 3073 70
leaf_count=1080 259 68 809 279 89 1223 2530 3428 1678 5554 85 4901 245 5319 79 3106 3040 1802 582 347 1566 469 13090 2178 67 12641 2188 3688 292 169 73 1488 5060 169 4246 3073 70
internal_value=0 0.0110256 -0.0173324 0.0218126 -0.0135334 -0.0333078 0.00337302 -0.0190047 -0.00896664 -0.00162039 -0.0064231 0.00196898 0.0333454 -0.0144363 -0.0245626 -0.0299836 -0.0398874 0.0237041 0.0107218 0.0249427 0.0435044 0.00987408 0.0166651 0.0306425 -0.0219264 -0.00741028 -0.0133028 -0.0268348 -0.0539364 -0.0458817 -0.0079098 0.0473718 0.00868619 0.0123168 0.0172187 0.0301721 0.00748871
internal_weight=0 53447 33583 22181 27131 6452 31266 14328 5106 16118 10564 5160 6845 5404 9222 6225 3119 3512 1710 1128 3333 781 15336 2246 312 12803 2997 4911 1541 1249 12714 3054 15148 10088 7558 3242 4316
internal_count=87030 53447 33583 22181 27131 6452 31266 14328 5106 16118 10564 5160 6845 5404 9222 6225 3119 3512 1710 1128 3333 781 15336 2246 312 12803 2997 4911 1541 1249 12714 3054 15148 10088 7558 3242 4316
is_linear=0
shrinkage=0.0640495


Tree=42
num_leaves=38
num_cat=0
split_feature=10 7 10 10 10 10 11 7 7 8 10 11 10 8 11 10 10 11 7 7 8 11 11 7 8 8 7 11 11 11 8 11 11 11 8 11 8
split_gain=3541.61 1287.53 678.742 274.081 230.837 216.13 203.702 194.463 167.816 166.245 155.027 150.193 135.193 129.85 127.387 121.725 113.474 101.69 138.51 96.0714 133.244 134.548 93.4817 89.1311 106.76 109.043 86.4588 104.528 85.6886 95.0612 84.5982 83.7824 173.72 127.934 113.687 111.745 82.9643
threshold=6.5000000000000009 6.8776650189377717 13.500000000000002 3.5000000000000004 1.5000000000000002 9.5000000000000018 -1.0732367229190538 5.4291044776119408 9.3471964543393131 6.4243421052631584 7.8095206087166948 2.2877867930873359 12.500000000000002 7.6790747524080869 2.485941344448277 15.500000000000002 2.5000000000000004 0.89307852292118239 8.6335099849570121 6.4860767326732676 8.2858319460264624 1.1501564794524815 1.2332822534011452 6.4034943328787106 7.7928390438136086 7.182897780805316 10.181898325007348 -1.8468383406761342 0.93274476399846551 -0.50012583383776532 9.0145719489981797 -0.76075147524506681 -0.67290478874379611 -0.91118825844799023 7.6447059884559891 -1.2353086322459708 5.7098958333333343
decision_type=2 2 2 2 2 2 2 2 2 2 2 2 2 2 2 2 2 2 2 2 2 2 2 2 2 2 2 2 2 2 2 2 2 2 2 2 2
left_child=3 7 5 4 19 8 -4 13 36 -8 -10 12 23 -2 -5 17 -6 18 -11 20 21 28 -18 24 25 -9 27 -7 29 -1 -25 33 -33 34 35 -14 -3
right_child=1 2 6 14 16 26 9 11 10 15 -12 -13 31 -15 -16 -17 22 -19 -20 -21 -22 -23 -24 30 -26 -27 -28 -29 -30 -31 -32 32 -34 -35 -36 -37 -38
leaf_value=-0.0073085488575207113 -0.036097773231878745 -0.043029562855537773 -0.0069035915765357858 -0.010944559080692537 -0.033499617555108586 0.089765569453644292 -0.032483544594273467 -0.016987030935218826 0.034660538910979206 0.016033326750013684 0.0015401466388646225 0.086773903296959026 -0.061666641152295303 0.032056973865241964 0.042791908379356161 0.058719323797769209 -0.024097704700368039 0.054021144436760829 0.046587045086007514 -0.0055317025537386256 0.060178254673295059 -0.074079061158809495 -0.00063941028578149881 -0.0033290304997641131 -0.031745140422514515 0.0066471949286311038 0.048182371732329268 0.018465879601370607 0.044238122908552634 -0.040131556353032713 0.043257231997358377 0.098067510559964016 0.012701489175448194 -0.053270072986447835 0.06464958035279833 0.026710483907078485 0.0075440303388863948
leaf_weight=718 1182 134 392 16361 5749 85 123 2213 1847 1380 845 75 107 127 183 1416 4844 966 1089 3811 75 218 814 6413 1050 1255 433 11044 80 730 164 105 1425 189 114 130 19144
leaf_count=718 1182 134 392 16361 5749 85 123 2213 1847 1380 845 75 107 127 183 1416 4844 966 1089 3811 75 218 814 6413 1050 1255 433 11044 80 730 164 105 1425 189 114 130 19144
internal_value=0 0.0103194 0.0163992 -0.0162223 -0.0219239 0.0130146 0.0375491 -0.00593531 0.00928431 0.0410524 0.0242643 -0.00360699 -0.00412188 -0.0294854 -0.0103502 0.042917 -0.0271622 0.0364028 0.0295096 -0.0113142 -0.0234159 -0.0270067 -0.0207228 -0.0069254 -0.0138518 -0.00843428 0.0201029 0.0190104 -0.0202909 -0.0238561 -0.00216738 0.0109047 0.0185599 -0.0107851 0.0120914 -0.0131897 0.0071925
internal_weight=0 53447 38898 33583 17039 33532 5366 14549 21970 4974 2692 13240 13165 1309 16544 4851 11407 3435 2469 5632 1821 1746 5658 11095 4518 3468 11562 11129 1528 1448 6577 2070 1530 540 351 237 19278
internal_count=87030 53447 38898 33583 17039 33532 5366 14549 21970 4974 2692 13240 13165 1309 16544 4851 11407 3435 2469 5632 1821 1746 5658 11095 4518 3468 11562 11129 1528 1448 6577 2070 1530 540 351 237 19278
is_linear=0
shrinkage=0.0640495


Tree=43
num_leaves=38
num_cat=0
split_feature=10 10 0 10 11 8 10 11 0 0 0 11 1 11 11 1 10 0 11 0 11 0 11 11 0 11 0 1 1 11 11 8 10 10 11 11 0
split_gain=3125.83 706.415 395.483 278.182 254.698 253.449 246.399 238.974 174.738 168.415 168.919 155.121 143.991 135.194 134.442 132.78 186.677 124.938 123.225 122.318 120.707 109.662 238.667 219.209 137.073 167.064 121.193 115.548 109.012 107.636 107.057 106.961 103.005 149.739 102.014 98.004 116.118
threshold=7.3095206087166948 12.500000000000002 10.500000000000002 4.5000000000000009 -1.2353086322459708 7.4838631318676985 3.5000000000000004 2.485941344448277 12.500000000000002 14.500000000000002 15.500000000000002 0.55378936400267842 7.6195132788424278 2.485941344448277 -0.67290478874379611 7.6195132788424278 1.5000000000000002 10.500000000000002 -0.65412426540711233 11.500000000000002 1.1347762130393593 11.500000000000002 -1.2988424697965353 -1.3127955598683403 10.500000000000002 1.5269181437033388 14.500000000000002 7.6195132788424278 7.6195132788424278 -0.21170539704336669 -1.1251648948823225 6.3137839628893309 7.8095206087166948 8.5000000000000018 -0.84519824720581027 0.84798662565740357 15.500000000000002
decision_type=2 2 2 2 2 2 2 2 2 2 2 2 2 2 2 2 2 2 2 2 2 2 2 2 2 2 2 2 2 2 2 2 2 2 2 2 2
left_child=2 5 3 34 -3 13 9 -8 17 15 12 -10 14 18 -11 31 19 -6 -2 29 -13 22 -7 26 27 -26 -23 -24 -19 -17 -21 -4 -29 -34 -1 -25 -37
right_child=1 4 6 -5 8 21 7 -9 11 10 -12 20 -14 -15 -16 16 -18 28 -20 30 -22 23 24 35 25 -27 -28 32 -30 -31 -32 -33 33 -35 -36 36 -38
leaf_value=-0.012806253045827488 0.01205749310798792 -0.016275727750949501 -0.057607824669437736 -0.013820515633962766 0.026407191831247373 -0.038394594335554783 -0.0057782903355813996 0.069248167325499113 0.011195644332241165 -0.015030327630026902 -0.023738290474688985 0.054469098955555392 -0.017375808865905628 0.08148900684569696 0.019938375799901587 -0.091916782302888952 -0.022807277942042958 0.059437686640030116 -0.0016104431888510162 -0.066117336754078215 0.020431004087676858 0.027983967436002941 -0.0041507262627182608 0.00366062249256044 0.02774793589760079 0.12152500757007606 0.095213154037231726 0.032650731586846171 0.032257513740556118 0.014564952615050142 0.016477210852762839 -0.025687905080565593 -0.019402246541342209 0.019190716398228308 -0.042390051076995318 0.028987400080373725 -0.0089071957409414763
leaf_weight=556 3341 549 477 3688 2226 302 16677 176 3023 620 1678 755 1153 86 1655 93 2875 1363 14237 68 985 352 1217 9870 3016 80 160 1357 1089 67 1209 4433 532 1835 3416 1377 437
leaf_count=556 3341 549 477 3688 2226 302 16677 176 3023 620 1678 755 1153 86 1655 93 2875 1363 14237 68 985 352 1217 9870 3016 80 160 1357 1089 67 1209 4433 532 1835 3416 1377 437
internal_value=0 0.0109703 -0.0134479 -0.0264876 0.0261344 0.00700451 -0.0102446 -0.00499477 0.0286005 -0.0164196 -0.00708734 0.019965 0.00106327 0.00137932 0.0104084 -0.0215866 -0.0133855 0.037393 0.000987382 0.00546455 0.0352004 0.0118433 0.0175037 0.00797294 0.0196041 0.0301711 0.0489931 0.0129829 0.0473662 -0.0473276 0.0120791 -0.0287889 0.0185822 0.0105167 -0.0382489 0.00617542 0.0198584
internal_weight=0 48189 38841 7660 9990 38199 31181 16853 9441 14328 5106 4763 3428 17664 2275 9222 4312 4678 17578 1437 1740 20535 8339 12196 8037 3096 512 4941 2452 160 1277 4910 3724 2367 3972 11684 1814
internal_count=87030 48189 38841 7660 9990 38199 31181 16853 9441 14328 5106 4763 3428 17664 2275 9222 4312 4678 17578 1437 1740 20535 8339 12196 8037 3096 512 4941 2452 160 1277 4910 3724 2367 3972 11684 1814
is_linear=0
shrinkage=0.0640495


Tree=44
num_leaves=38
num_cat=0
split_feature=10 7 10 0 10 7 10 11 7 0 10 10 11 10 8 11 7 7 7 6 11 11 11 6 0 11 0 7 10 6 6 6 10 8 0 11 0
split_gain=2738.24 1144.23 441.854 352.388 387.032 197.75 191.772 177.945 168.773 240.46 191.383 255.01 158.321 153.898 137.835 134.155 137.01 131.89 128.548 157.91 125.647 129.277 124.714 123.467 122.3 178.182 142.662 167.184 120.757 129.131 118.415 121.769 113.488 108.718 109.29 119.082 106.349
threshold=7.3095206087166948 6.9573650195233618 13.500000000000002 13.500000000000002 2.5000000000000004 4.1561054579093435 7.8095206087166948 -1.4138345662614997 8.1677565217391326 11.500000000000002 7.8095206087166948 9.5000000000000018 -0.91118825844799023 5.5000000000000009 6.4243421052631584 -0.89439442200710972 10.830459770114944 6.7091590834883101 6.1949399148569286 435.00000000000006 -1.0616295943214662 -0.64095825273067986 2.2877867930873359 407.00000000000006 15.500000000000002 2.1633738893808596 14.500000000000002 8.5524319645079281 1.5000000000000002 415.00000000000006 453.00000000000006 433.00000000000006 15.500000000000002 5.873488729508197 10.500000000000002 2.3733649301775555 9.5000000000000018
decision_type=2 2 2 2 2 2 2 2 2 2 2 2 2 2 2 2 2 2 2 2 2 2 2 2 2 2 2 2 2 2 2 2 2 2 2 2 2
left_child=3 6 8 4 28 -5 18 17 -3 10 -10 -12 -4 33 -14 -11 30 -7 19 -2 -15 -22 -8 -9 25 26 -25 -28 -1 -30 31 -17 36 -6 -35 -36 -16
right_child=1 2 12 5 13 7 22 23 9 15 11 -13 14 20 32 16 -18 -19 -20 -21 21 -23 -24 24 -26 -27 27 -29 29 -31 -32 -33 -34 34 35 -37 -38
leaf_value=-0.020083654424119354 -0.082073458818039666 0.0078013488305327238 0.0050809027395029398 -0.037210203079283646 0.027742466720856288 -0.0053215770233878395 -0.00014107238667752218 0.081636553723758457 0.040113226603388626 0.033064518419414865 -0.0023665653949072247 0.030141676974456563 -0.032912504050069548 -0.03147375918943042 -0.019032519808497864 0.011773798177011073 0.093600620006642765 0.054304860245291672 -0.0064303833633395013 -0.021437688806061082 0.012541863267877455 -0.0082833641801514802 0.083373922045527737 -0.011127079694189836 -0.016072354185420495 0.054059789652442687 0.00012928016505381166 0.038405113661153782 0.044717560371575767 -0.041368968486303982 0.013028353859394316 -0.014967642102586311 0.055461413743358563 -0.027625759647385943 -0.014875919422385721 0.057345863762008654 0.03571703073006461
leaf_weight=2074 193 12533 694 757 211 259 8394 67 2688 1023 1557 2718 110 682 153 1267 77 369 3037 2023 1695 4390 74 5141 3431 226 5145 515 73 3436 5788 1557 1315 3647 6628 95 2988
leaf_count=2074 193 12533 694 757 211 259 8394 67 2688 1023 1557 2718 110 682 153 1267 77 369 3037 2023 1695 4390 74 5141 3431 226 5145 515 73 3436 5788 1557 1315 3647 6628 95 2988
internal_value=0 0.0102677 0.0164947 -0.0125866 -0.0176683 -0.00526245 -0.00537513 -0.00366643 0.0134173 0.0176383 0.0267219 0.0183018 0.0335833 -0.0129478 0.0379154 0.0111257 0.00854277 0.0297137 -0.0149891 -0.0267187 -0.00540426 -0.00248242 0.000588747 -0.00510965 -0.00551164 -0.00222572 -0.00340344 0.00361198 -0.0323362 -0.0395781 0.00778227 -0.00296998 0.0396639 -0.0177722 -0.0186983 -0.0138554 0.0330501
internal_weight=0 48189 34468 38841 22931 15910 13721 15153 29208 16675 6963 4275 5260 17348 4566 9712 8689 628 5253 2216 6767 6085 8468 14525 14458 11027 10801 5660 5583 3509 8612 2824 4456 10581 10370 6723 3141
internal_count=87030 48189 34468 38841 22931 15910 13721 15153 29208 16675 6963 4275 5260 17348 4566 9712 8689 628 5253 2216 6767 6085 8468 14525 14458 11027 10801 5660 5583 3509 8612 2824 4456 10581 10370 6723 3141
is_linear=0
shrinkage=0.0640495


Tree=45
num_leaves=38
num_cat=0
split_feature=7 7 7 1 0 7 0 6 11 6 0 11 0 1 0 6 0 0 11 11 7 7 7 11 6 11 8 11 11 7 11 0 6 8 11 8 8
split_gain=1292.73 372.215 294.898 227.249 209.836 198.743 164.955 158.603 156.853 149.158 148.048 136.907 116.553 239.442 339.034 282.517 126.692 160.326 260.255 225.649 138.425 150.44 122.659 119.573 119.441 112.973 110.139 109.927 105.691 104.377 171.598 102.144 180.7 151.315 136.407 130.146 117.411
threshold=7.2222189815084885 8.6582209199469293 5.4291044776119408 7.6195132788424278 9.5000000000000018 10.133962264150945 9.5000000000000018 433.00000000000006 2.485941344448277 465.00000000000006 14.500000000000002 -1.1529986533038328 14.500000000000002 7.6195132788424278 13.500000000000002 459.00000000000006 11.500000000000002 10.500000000000002 -1.0616295943214662 -0.75346063243179606 5.7076156299840521 6.832876366391285 6.662568589091161 1.6514131487820507 415.00000000000006 1.0641053640799145 8.4799603480821073 -1.4477954272585394 -0.35894212785732194 8.7017440912795454 2.2877867930873359 15.500000000000002 485.00000000000006 7.6306657429305176 1.3358494873934255 8.3491858361333708 8.4962399683478331
decision_type=2 2 2 2 2 2 2 2 2 2 2 2 2 2 2 2 2 2 2 2 2 2 2 2 2 2 2 2 2 2 2 2 2 2 2 2 2
left_child=2 6 26 4 -3 -5 25 11 12 29 -9 -8 13 16 15 24 17 20 -19 -20 -4 23 -21 28 -15 -2 -1 -12 -22 -6 -31 34 36 -34 -29 -35 -33
right_child=1 3 8 5 9 -7 7 10 -10 -11 27 -13 -14 14 -16 -17 -18 18 19 22 21 -23 -24 -25 -26 -27 -28 31 -30 30 -32 32 33 35 -36 -37 -38
leaf_value=-0.029914027703362971 -0.010742184033083557 -0.05024635640006124 -0.076369530669925662 0.0046218824706432309 0.060038894903652613 0.033157930239471375 -0.056613287212034014 -0.00080225974751509045 0.058475688596160119 0.036095575834742391 0.054025590497103267 0.017916354719322718 -0.0015077898919193869 0.067949106661179967 0.024810293761875914 -0.014665281247690494 -0.021404514264776155 -0.039863891511770284 0.082940190889362247 -0.0079129576355060349 0.015862997560817549 -0.053944191429470059 0.029568996397069308 0.075493923346690833 0.0072036444132824902 -0.058989637466405544 0.049665042206413552 0.0094675289647594106 -0.024837142609261859 0.012878812822306462 0.10038377977006482 0.0042678290274815274 -0.039793664501399047 0.032539813524033789 0.040277202506705988 -0.030970357738617706 0.047402429735504549
leaf_weight=3151 1145 159 171 9101 220 1125 104 22305 146 2683 220 3640 8157 141 1488 6949 7918 426 185 850 409 330 619 71 2280 241 73 4048 727 4184 94 1432 692 310 690 231 316
leaf_count=3151 1145 159 171 9101 220 1125 104 22305 146 2683 220 3640 8157 141 1488 6949 7918 426 185 850 409 330 619 71 2280 241 73 4048 727 4184 94 1432 692 310 690 231 316
internal_value=0 0.00631198 -0.00967975 0.0139332 0.022532 0.00776124 0.00252743 0.00341066 -0.00775453 0.0241434 0.00187124 0.0158461 -0.00806928 -0.0104413 -0.00359055 -0.00810074 -0.0167958 -0.00716215 0.00477842 0.0162764 -0.0217034 -0.0156214 0.007881 -0.0051438 0.0107415 -0.0191315 -0.0281121 0.00938256 -0.0101837 0.0170141 0.0148015 0.00811018 -0.00117857 -0.0199546 0.0139544 0.00542179 0.0120656
internal_weight=0 52940 34091 17566 7340 10226 35374 33988 30867 7181 30244 3744 30721 22564 10858 9370 11706 3788 2080 1654 1708 1537 1469 1207 2421 1386 3224 7939 1136 4498 4278 7719 2981 1233 4738 541 1748
internal_count=87031 52940 34091 17566 7340 10226 35374 33988 30867 7181 30244 3744 30721 22564 10858 9370 11706 3788 2080 1654 1708 1537 1469 1207 2421 1386 3224 7939 1136 4498 4278 7719 2981 1233 4738 541 1748
is_linear=0
shrinkage=0.0640495


Tree=46
num_leaves=38
num_cat=0
split_feature=10 10 0 10 8 8 0 0 1 8 10 8 8 8 8 0 0 8 0 0 0 8 8 8 8 0 8 8 1 8 8 10 8 8 0 0 1
split_gain=2417.45 711.937 361.231 216.235 168.277 130.441 127.283 117.4 112.148 115.744 99.9231 98.7282 97.7296 93.7 92.6461 86.6173 133.743 101.475 85.8607 85.56 85.1719 93.068 83.4361 153.755 96.7374 79.9049 84.1646 81.6718 109.328 77.1444 74.5165 104.772 74.1071 91.4182 81.6722 217.054 170.039
threshold=5.5000000000000009 9.5000000000000018 12.500000000000002 13.500000000000002 6.8513927907495091 9.7890805974918145 12.500000000000002 16.500000000000004 7.6195132788424278 7.5266707758335345 2.5000000000000004 7.2672182468694109 10.334415584415586 6.9923728068934405 5.873488729508197 13.500000000000002 11.500000000000002 6.6707122216556192 14.500000000000002 9.5000000000000018 13.500000000000002 9.2065871059315718 7.8809493809493816 8.2540279365267875 9.6232351135666061 11.500000000000002 8.3267392085487995 7.8944076018544109 7.6195132788424278 5.5894777265745015 6.8075940480471235 7.3095206087166948 5.9960656443102627 5.7098958333333343 14.500000000000002 15.500000000000002 7.6195132788424278
decision_type=2 2 2 2 2 2 2 2 2 2 2 2 2 2 2 2 2 2 2 2 2 2 2 2 2 2 2 2 2 2 2 2 2 2 2 2 2
left_child=2 4 10 -3 15 32 19 12 9 11 25 13 -6 18 -12 16 -2 -17 -8 -5 -10 -22 -11 -24 -25 26 -1 28 -27 -18 31 -19 33 -4 -34 36 -36
right_child=1 3 5 6 7 -7 8 -9 20 22 14 -13 -14 -15 -16 17 29 30 -20 -21 21 -23 23 24 -26 27 -28 -29 -30 -31 -32 -33 34 -35 35 -37 -38
leaf_value=-0.043412201732747728 -0.0010437149650362031 0.012280150039426212 -0.0099284997550715196 0.0010351681199932813 0.0033898480498598328 0.0611608655063509 -0.054051486661426534 0.087940015649424427 0.0089815487332615337 0.059073496646522762 0.030638954526083433 -0.040797701854913951 0.04754869040250552 0.034524304237755266 -0.02086931341809652 0.0089144201273558474 -0.082883448379537997 -0.088022274610853546 0.0070365351944013197 0.038097103432845975 0.034441143395594058 0.10493627728801147 -0.030981275082613523 0.047018474212588646 -0.032595802208786939 -0.029117532430316131 -0.0076499061932440472 -0.051304937116638479 0.013898802315196874 -0.022777179181026723 0.010795690491375966 -0.014538002719408366 -0.013083550550662168 -0.05524272140784714 0.013533268634710677 -0.018743568202666091 -0.012044389315607062
leaf_weight=2238 1713 15337 422 279 30398 107 146 68 555 205 146 281 207 260 7615 1817 92 122 267 3038 1033 83 224 379 75 575 307 260 419 1831 178 229 8574 322 2994 2579 1656
leaf_count=2238 1713 15337 422 279 30398 107 146 68 555 205 146 281 207 260 7615 1817 92 122 267 3038 1033 83 224 379 75 575 307 260 419 1831 178 229 8574 322 2994 2579 1656
internal_value=0 0.00743808 -0.0153679 0.0165006 0.00195881 -0.00932981 0.0259846 0.0038753 0.0174792 0.00655688 -0.0240666 -0.00891048 0.00368852 0.0044035 -0.0199003 -0.0078681 -0.0140589 0.00172686 -0.0145587 0.0349797 0.0294866 0.0396841 0.0232679 0.0124418 0.0338663 -0.0325779 -0.0390982 -0.0193447 -0.0109849 -0.0256528 -0.0229608 -0.0400795 -0.00978564 -0.0295403 -0.00885559 -0.003841 0.00442432
internal_weight=0 58817 28214 22162 36655 16654 6825 30673 3508 1837 11560 954 30605 673 7761 5982 3636 2346 413 3317 1671 1116 883 678 454 3799 2545 1254 994 1923 529 351 16547 744 15803 7229 4650
internal_count=87031 58817 28214 22162 36655 16654 6825 30673 3508 1837 11560 954 30605 673 7761 5982 3636 2346 413 3317 1671 1116 883 678 454 3799 2545 1254 994 1923 529 351 16547 744 15803 7229 4650
is_linear=0
shrinkage=0.0640495


Tree=47
num_leaves=38
num_cat=0
split_feature=10 7 10 0 11 7 11 11 7 7 11 10 6 7 11 10 11 6 11 6 0 7 11 6 11 7 0 0 1 6 0 1 10 6 7 6 11
split_gain=2117.69 910.483 448.177 316.44 184.441 167.627 161.031 186.035 166.786 147.573 147.462 144.188 167.594 135.378 212.827 128.922 131.728 165.247 123.448 118.907 106.193 138.996 121.1 104.372 127.258 146.896 156.787 136.769 111.106 136.377 104.296 306.823 138.06 136.327 115.087 180.789 103.729
threshold=5.5000000000000009 7.2222189815084885 13.500000000000002 12.500000000000002 2.485941344448277 4.0962030443866464 0.47615938525245194 0.39972391905953714 9.9415849673202636 9.3471964543393131 0.57682822648253296 8.5000000000000018 451.00000000000006 6.691934374886416 -1.7647774888393983 12.500000000000002 -0.78146782896509526 469.00000000000006 -0.86870267449743421 505.00000000000006 14.500000000000002 7.3058918482647304 -1.4782289744364718 479.00000000000006 -0.54513538997370292 8.0097202166065014 10.500000000000002 11.500000000000002 7.6195132788424278 527.00000000000011 12.500000000000002 7.6195132788424278 9.5000000000000018 495.00000000000006 7.6713783201192962 499.00000000000006 -0.962979128034123
decision_type=2 2 2 2 2 2 2 2 2 2 2 2 2 2 2 2 2 2 2 2 2 2 2 2 2 2 2 2 2 2 2 2 2 2 2 2 2
left_child=3 4 9 -1 5 -2 7 13 10 11 -8 23 -13 -5 -15 -7 17 -17 -19 -11 30 -22 -23 36 28 26 -26 -27 -25 -30 31 33 34 -14 -33 -36 -3
right_child=1 2 -4 6 -6 15 8 -9 -10 19 -12 12 20 14 -16 16 -18 18 -20 -21 21 22 -24 24 25 27 -28 -29 29 -31 -32 32 -34 -35 35 -37 -38
leaf_value=-0.022525140052408927 -0.041719330147162573 -0.02668865740717484 0.030402500550406612 -0.021202509983364298 0.098727971098831677 -0.0058598726824623795 0.042910981480370994 -0.073127354413570864 0.091274125903471795 0.017359905705885366 -0.0035252063428582695 0.025560649283940726 0.030533162674525986 0.066694852351978764 -0.0082376500675209862 0.030997605217738606 0.017543154211610505 -0.018742074906069876 -0.097793937055726851 0.052690550488088427 0.10154107917861091 0.093053441943621487 0.014658114245370968 0.019524011457488895 -0.039945318846898004 0.047233020375177993 0.010887585274725898 0.016174605298183157 -0.026348178212596555 0.050026152509448543 -0.0047293112133562337 0.03304373003232082 0.0078245895429331202 0.093146512477566126 -0.023959604505992604 -0.1316160543018523 0.0023288466108335243
leaf_weight=11560 489 530 5050 4064 71 16378 298 207 82 4096 4789 3477 915 159 7055 211 1995 334 107 432 84 84 2145 495 290 876 1757 1731 857 108 2760 105 1913 169 405 76 10877
leaf_count=11560 489 530 5050 4064 71 16378 298 207 82 4096 4789 3477 915 159 7055 211 1995 334 107 432 84 84 2145 495 290 876 1757 1731 857 108 2760 105 1913 169 405 76 10877
internal_value=0 0.00696168 0.0125921 -0.0143835 -0.00431702 -0.00469194 -0.00873224 -0.0129575 0.000655782 0.00996083 -0.000804942 0.00831634 0.0136834 -0.0118531 -0.0065861 -0.00374022 0.00937487 -0.0156186 -0.0379225 0.0207307 0.00891242 0.0206604 0.0176124 0.00459976 0.0113521 0.0165277 0.00368605 0.0266108 -0.00514601 -0.0178006 0.00462845 0.0118368 -0.000507574 0.0402948 -0.027708 -0.0409698 0.000980615
internal_weight=0 58817 39232 28214 19585 19514 16654 11485 5169 34182 5087 29654 12133 11278 7214 19025 2647 652 441 4528 8656 2313 2229 17521 6114 4654 2047 2607 1460 965 6343 3583 2499 1084 586 481 11407
internal_count=87031 58817 39232 28214 19585 19514 16654 11485 5169 34182 5087 29654 12133 11278 7214 19025 2647 652 441 4528 8656 2313 2229 17521 6114 4654 2047 2607 1460 965 6343 3583 2499 1084 586 481 11407
is_linear=0
shrinkage=0.0640495


Tree=48
num_leaves=38
num_cat=0
split_feature=10 10 0 11 10 11 11 11 11 0 6 11 10 11 11 6 11 6 11 1 11 0 10 6 11 0 6 0 6 11 6 10 11 0 0 10 11
split_gain=1855.11 551.279 288.768 188.312 174.787 150.557 132.109 130.88 124.786 118.684 112.144 97.3583 139.674 95.1595 128.142 113.367 160.36 99.3948 94.0189 121.56 191.456 91.7843 114.627 91.0871 129.469 103.673 79.8563 79.779 99.4909 112.013 81.8222 80.4818 118.167 89.8655 79.2379 98.6118 78.5023
threshold=5.5000000000000009 9.5000000000000018 10.500000000000002 0.47615938525245194 14.500000000000002 -0.23897597330546724 -1.2353086322459708 0.52725551348790967 -1.3879996605992078 16.500000000000004 405.00000000000006 2.485941344448277 3.5000000000000004 -0.019959933744776764 0.39972391905953714 487.00000000000006 1.0000000180025095e-35 419.00000000000006 1.5269181437033388 7.6195132788424278 1.7373101823902763 13.500000000000002 2.5000000000000004 437.00000000000006 1.9008441617411609 13.500000000000002 549.00000000000011 11.500000000000002 431.00000000000006 0.73273692778884258 499.00000000000006 15.500000000000002 1.2172903989140984 9.5000000000000018 11.500000000000002 7.8095206087166948 -1.0616295943214662
decision_type=2 2 2 2 2 2 2 2 2 2 2 2 2 2 2 2 2 2 2 2 2 2 2 2 2 2 2 2 2 2 2 2 2 2 2 2 2
left_child=2 9 -1 5 23 21 8 -5 -6 10 34 18 -13 -7 15 17 -17 -15 -9 20 -20 22 -4 24 25 -3 -25 31 29 -29 -30 33 -33 -8 35 -2 -12
right_child=1 4 3 7 6 13 27 11 -10 -11 36 12 -14 14 -16 16 -18 -19 19 -21 -22 -23 -24 26 -26 -27 -28 28 30 -31 -32 32 -34 -35 -36 -37 -38
leaf_value=-0.027041273728163916 0.068623678250849834 0.025944532701718762 -0.027690905423391744 0.057390078010360578 0.022540469715076773 -0.040162337942702409 -0.031141852281457227 5.6539442753949967e-05 -0.079187396037722402 0.075567812980567584 -0.010639318074301737 0.0010261095135734523 0.098555610656081261 0.048260306404547502 -0.056189590528128171 0.089948799689824638 -0.0039971410849354225 -0.026027367140119759 -0.026381864636522277 -0.03605168084160134 0.040179439585386875 -0.0047860347001241659 -0.00929072200554454 0.010289140595416807 0.097281234664621005 -0.0072364982444041229 -0.040513301356667204 0.029735637269621314 0.010492992103888725 0.1229532652120304 0.039321548001144922 0.066632367747772522 -0.016699227300553132 0.03486214635899846 0.0056199126744643753 -0.0076668080325453273 0.0017831190293521181
leaf_weight=5233 259 2148 2188 152 107 1150 96 4814 92 89 2225 171 93 77 333 82 819 1827 442 771 296 5963 3803 15216 92 471 128 156 1648 80 535 600 79 714 365 95 33622
leaf_count=5233 259 2148 2188 152 107 1150 96 4814 92 89 2225 171 93 77 333 82 819 1827 442 771 296 5963 3803 15216 92 471 128 156 1648 80 535 600 79 714 365 95 33622
internal_value=0 0.00651579 -0.0134623 -0.0103702 0.0144905 -0.0141049 0.0264167 -0.00136918 -0.0244895 0.00169422 0.00151441 -0.00272509 0.0353831 -0.024401 -0.0186249 -0.0141654 0.00455288 -0.0230231 -0.0043162 -0.0182661 0.00031481 -0.0104115 -0.0160107 0.0117776 0.0226006 0.0199773 0.00986535 0.0290089 0.0218291 0.0613348 0.0175582 0.040673 0.0569369 0.0270395 0.0265597 0.0481502 0.00101207
internal_weight=0 58817 28214 22981 22162 16242 4107 6739 199 36655 36566 6587 264 4288 3138 2805 901 1904 6323 1509 738 11954 5991 18055 2711 2619 15344 3908 2419 236 2183 1489 679 810 719 354 35847
internal_count=87031 58817 28214 22981 22162 16242 4107 6739 199 36655 36566 6587 264 4288 3138 2805 901 1904 6323 1509 738 11954 5991 18055 2711 2619 15344 3908 2419 236 2183 1489 679 810 719 354 35847
is_linear=0
shrinkage=0.0640495


Tree=49
num_leaves=38
num_cat=0
split_feature=10 7 10 0 7 7 10 6 7 1 6 0 8 7 8 6 7 6 10 6 7 7 0 0 8 10 10 8 0 0 6 8 8 8 6 8 10
split_gain=1625.08 784.376 364.656 252.962 166.461 154.271 162.631 151.295 141.365 131.141 125.29 190.191 103.699 103.419 103.183 102.774 102.711 102.191 104.494 154.838 198.288 138.055 97.9163 95.951 90.8472 88.9057 88.3249 87.3182 92.7471 90.614 93.9303 86.8906 100.172 96.2586 84.0281 86.3052 83.4436
threshold=5.5000000000000009 6.9573650195233618 14.500000000000002 10.500000000000002 5.9386913719588668 9.3471964543393131 8.5000000000000018 401.00000000000006 4.0962030443866464 7.6195132788424278 457.00000000000006 12.500000000000002 6.7118673955210726 8.0242656711519533 6.2349907584370756 509.00000000000006 6.8288034558369777 479.00000000000006 7.8095206087166948 493.00000000000006 8.7408222842748646 8.6582209199469293 11.500000000000002 9.5000000000000018 6.8402069231005092 16.500000000000004 4.5000000000000009 9.7890805974918145 13.500000000000002 15.500000000000002 529.00000000000011 6.8896451497583042 7.0055970149253737 6.7118673955210726 467.00000000000006 7.1793270908990712 11.500000000000002
decision_type=2 2 2 2 2 2 2 2 2 2 2 2 2 2 2 2 2 2 2 2 2 2 2 2 2 2 2 2 2 2 2 2 2 2 2 2 2
left_child=3 8 5 16 -5 6 13 -6 -2 25 24 -12 -13 23 -15 -7 34 -16 22 20 -20 -21 -19 -3 -11 36 -18 28 -9 -30 31 33 -33 -31 35 -1 -10
right_child=1 2 -4 4 7 15 -8 27 9 10 11 12 -14 14 17 -17 26 18 19 21 -22 -23 -24 -25 -26 -27 -28 -29 29 30 -32 32 -34 -35 -36 -37 -38
leaf_value=-0.023811698264227348 -0.039276322442000799 -0.03410655491404934 0.031663710034326276 -0.021589568320875947 0.0687411757611011 0.017152552875234615 0.012666661103763348 -0.012791484270934997 -0.011685166977376196 0.054663314068726633 -0.013887371004160706 0.034454732713288777 0.0035009667820891819 -0.043536506052567758 0.0042783627409262951 0.052320796074205471 -0.038929841140288315 0.040170311792651618 0.067598065006149982 -0.06648145289824095 -0.055883329332721818 0.020431040432275577 0.014580125265120137 -0.00013770541754994876 0.011612024200095635 -0.07801896603574833 -0.014787855608582251 0.039931004023904156 -0.00045657969851153641 -0.021126454282365158 0.047490383645396567 0.047992081253596962 -0.015716791719685569 -0.086771498060973451 -0.025546184389843931 0.016806500242735032 0.0045539809877294789
leaf_weight=357 489 356 3198 3995 107 4475 14619 8859 7587 240 2955 532 2684 157 6780 369 2337 926 179 212 76 116 1817 8167 1240 77 847 157 7646 252 94 108 1619 144 1154 538 1566
leaf_count=357 489 356 3198 3995 107 4475 14619 8859 7587 240 2955 532 2684 157 6780 369 2337 926 179 212 76 116 1817 8167 1240 77 847 157 7646 252 94 108 1619 144 1154 538 1566
internal_value=0 0.00609845 0.0108867 -0.0126 -0.00970601 0.00914958 0.0076006 -0.00720549 -0.005327 -0.00434357 0.00185694 -0.00215697 0.00862143 0.00365826 0.00798896 0.0198316 -0.0253093 0.00878943 0.0179852 -0.00664005 0.0307958 -0.0357441 0.023219 -0.00155656 0.0185933 -0.00948335 -0.0325076 -0.00763593 -0.00803482 -0.00376237 -0.0151634 -0.0179375 -0.0117327 -0.0449974 -0.0141236 0.000604604 -0.00890679
internal_weight=0 58817 41447 28214 22981 38249 33405 18986 17370 16881 7651 6171 3216 18786 10263 4844 5233 10106 3326 583 255 328 2743 8523 1480 9230 3184 18879 18722 9863 2217 2123 1727 396 2049 895 9153
internal_count=87031 58817 41447 28214 22981 38249 33405 18986 17370 16881 7651 6171 3216 18786 10263 4844 5233 10106 3326 583 255 328 2743 8523 1480 9230 3184 18879 18722 9863 2217 2123 1727 396 2049 895 9153
is_linear=0
shrinkage=0.0640495


Tree=50
num_leaves=38
num_cat=0
split_feature=10 7 10 10 7 10 10 10 6 10 6 7 6 6 7 8 6 6 8 8 6 7 8 7 6 8 7 6 10 7 6 6 8 8 7 8 8
split_gain=1351.72 694.362 303.773 231.956 148.577 151.32 206.578 145.444 131.848 123.85 143.496 118.109 115.792 109.107 125.282 99.1567 111.899 97.7418 92.7363 111.502 97.2105 96.2585 93.1708 84.0915 82.0446 108.095 124.93 84.6187 78.866 76.7092 133.669 85.3218 81.3679 80.0404 76.1787 75.8802 72.7246
threshold=7.3095206087166948 6.7337896253602318 12.500000000000002 3.5000000000000004 7.8940880467893084 7.8095206087166948 9.5000000000000018 1.5000000000000002 397.00000000000006 7.8095206087166948 419.00000000000006 9.2103015278488876 497.00000000000006 441.00000000000006 9.4358974358974379 7.7293087535218126 511.00000000000006 519.00000000000011 8.3267392085487995 8.1955959278931285 513.00000000000011 9.1841889117043127 9.0441035172262865 7.8713247679485541 433.00000000000006 7.5266707758335345 8.2195763707415335 485.00000000000006 8.5000000000000018 6.1949399148569286 435.00000000000006 505.00000000000006 6.7885906214337597 6.0138539042821169 8.7454819277108449 6.6631205673758878 6.8739547257540723
decision_type=2 2 2 2 2 2 2 2 2 2 2 2 2 2 2 2 2 2 2 2 2 2 2 2 2 2 2 2 2 2 2 2 2 2 2 2 2
left_child=3 9 4 7 12 11 15 -1 -5 29 -11 18 28 -4 -15 16 -7 -8 19 20 21 24 34 -14 25 26 -6 -26 -3 30 -2 -32 -33 -31 -20 -35 -29
right_child=1 2 13 8 5 6 17 -9 -10 10 -12 -13 23 14 -16 -17 -18 -19 22 -21 -22 -23 -24 -25 27 -27 -28 36 -30 33 31 32 -34 35 -36 -37 -38
leaf_value=-0.0058738503809485287 -0.075217344585616394 -0.006852169315409504 0.036751558055274816 0.058754637198257 0.06736645911545916 0.012595244367493843 0.012866372799725951 -0.018463069845100512 -0.0047395796152608308 0.055349718274172066 -0.0027613761217808851 0.032542774343281594 0.01856614210562876 0.015537654059392704 0.044583865734938055 -0.010898364042182449 -0.039540783104721193 0.049574790899766803 0.052762273964213215 -0.028455721109066603 0.049032427976842083 -0.064298864446585155 0.0070562017386154212 -0.045781876117185948 6.9452173840699714e-05 0.062905488836417736 -0.018791986856869641 -0.018583659438461297 0.005858024245041709 0.044173487290913978 -0.025136649264066412 -0.031338295649556751 0.029086943343342643 -0.036170171574260182 0.010999527365259896 -0.0037263132502904014 0.032248162523366895
leaf_weight=5612 187 4495 1735 135 100 1835 6034 11437 21670 179 6671 1926 1966 5705 682 2744 186 313 639 296 275 71 527 87 2179 268 223 138 3612 121 1631 141 260 359 249 1678 707
leaf_count=5612 187 4495 1735 135 100 1835 6034 11437 21670 179 6671 1926 1966 5705 682 2744 186 313 639 296 275 71 527 87 2179 268 223 138 3612 121 1631 141 260 359 249 1678 707
internal_value=0 0.00733124 0.0115655 -0.00872242 0.00848696 0.0118729 0.0071099 -0.0143191 -0.00434647 -0.00662029 -0.00124285 0.0188387 0.00225164 0.0225083 0.0186392 -0.00296903 0.00779698 0.0146766 0.0141854 0.00946365 0.0122973 0.00955663 0.0283905 0.0158393 0.0110072 0.0328337 0.00788245 0.00674148 -0.00118926 -0.015036 -0.0233978 -0.0186289 0.00784016 -0.00643784 0.0410518 -0.0094442 0.0239466
internal_weight=0 48219 36992 38854 28870 18710 11112 17049 21805 11227 6850 7598 10160 8122 6387 4765 2021 6347 5672 4257 3961 3686 1415 2053 3615 591 323 3024 8107 4377 2219 2032 401 2158 888 2037 845
internal_count=87073 48219 36992 38854 28870 18710 11112 17049 21805 11227 6850 7598 10160 8122 6387 4765 2021 6347 5672 4257 3961 3686 1415 2053 3615 591 323 3024 8107 4377 2219 2032 401 2158 888 2037 845
is_linear=0
shrinkage=0.0640495


Tree=51
num_leaves=38
num_cat=0
split_feature=8 0 8 0 6 6 0 6 8 8 8 0 8 0 8 6 6 6 6 0 1 8 8 6 8 8 0 8 8 1 8 8 6 8 8 8 6
split_gain=269.642 233.178 223.363 189.737 180.442 162.241 105.499 97.333 94.08 85.0221 102.148 90.0643 77.6922 76.6233 110.585 72.5022 132.849 70.3204 66.5973 84.8183 428.743 131.994 126.192 127.841 112.605 112.353 65.2609 62.3749 60.0322 59.5201 58.0442 152.226 119.057 77.3889 81.8271 73.8413 73.2104
threshold=8.3381646655231574 14.500000000000002 6.7522865413205997 15.500000000000002 527.00000000000011 415.00000000000006 11.500000000000002 447.00000000000006 9.7890805974918145 7.6547750737463138 7.1870690884669619 12.500000000000002 5.2994667415099643 9.5000000000000018 7.7511301989150097 453.00000000000006 429.00000000000006 391.00000000000006 475.00000000000006 13.500000000000002 7.6195132788424278 7.3097824042729265 7.4858461491046944 463.00000000000006 6.8263330251194336 8.3267392085487995 16.500000000000004 8.2923959357587691 7.4351124343188397 7.6195132788424278 7.6687814840027242 7.92049995005494 445.00000000000006 7.5611335398647741 7.4526895775466127 7.9717007376844213 457.00000000000006
decision_type=2 2 2 2 2 2 2 2 2 2 2 2 2 2 2 2 2 2 2 2 2 2 2 2 2 2 2 2 2 2 2 2 2 2 2 2 2
left_child=1 2 7 12 5 6 -4 -1 17 10 29 -12 -3 14 -7 16 -16 -2 19 25 21 24 -22 -24 -21 -15 30 -23 -13 -6 33 32 -32 34 36 -33 -5
right_child=8 3 4 26 9 13 -8 -9 -10 -11 11 28 -14 18 15 -17 -18 -19 -20 20 22 27 23 -25 -26 -27 -28 -29 -30 -31 31 35 -34 -35 -36 -37 -38
leaf_value=0.00017124935284876751 0.054687858585300092 -0.039484432268491201 0.030325389666883366 0.0073380861527158666 0.055186150572769967 -0.025619060102972234 -0.0012374581272428169 -0.016869823676899022 0.021395836339844473 -0.00033990221722068052 0.084260600483571452 0.060336566911359336 0.01031537837172882 0.00059612924456690529 -0.046493094563836941 -0.010559931696962678 0.055096508518567219 0.0054542808485223155 -0.0058444880494708746 -0.083200257384489926 0.045009788891460872 -0.034674183232310071 -0.023738464417646991 0.04114585996338025 0.0002889922072089244 0.047369758336331461 0.035929194123549155 -0.097557984019048583 -0.0040351787970873219 -0.0030662461358366279 -0.050804912244909052 -0.047268859008897907 0.038816256107467376 -0.038692523250708502 0.018401256436342144 -0.0024727341743294904 -0.014993161576056986
leaf_weight=1738 120 130 987 772 93 1425 776 6583 1796 482 215 115 11251 19301 70 485 215 14455 16607 72 549 1337 325 202 833 213 162 68 123 318 68 182 575 337 469 885 2739
leaf_count=1738 120 130 987 772 93 1425 776 6583 1796 482 215 115 11251 19301 70 485 215 14455 16607 72 549 1337 325 202 833 213 162 68 123 318 68 182 575 337 469 885 2739
internal_value=0 -0.00155812 -0.00367333 0.00483829 -0.00188379 -0.00259902 0.0164327 -0.0133105 0.00756405 0.0212123 0.0332357 0.0542128 0.00974654 -0.00340361 -0.0150513 0.00450606 0.0301447 0.00585963 -0.00275647 -0.000517054 -0.00987483 -0.0254299 0.0235194 0.00113181 -0.00635325 0.00110667 -0.00418753 -0.0377177 0.0270688 0.010115 -0.00526583 0.00472123 0.0293384 -0.00922179 -0.0067264 -0.0101137 -0.010083
internal_weight=0 70702 53132 17570 44811 43465 1763 8321 16371 1346 864 453 11381 41702 2195 770 285 14575 39507 22900 3386 2310 1076 527 905 19514 6189 1405 238 411 6027 1710 643 4317 3980 1067 3511
internal_count=87073 70702 53132 17570 44811 43465 1763 8321 16371 1346 864 453 11381 41702 2195 770 285 14575 39507 22900 3386 2310 1076 527 905 19514 6189 1405 238 411 6027 1710 643 4317 3980 1067 3511
is_linear=0
shrinkage=0.0640495


Tree=52
num_leaves=38
num_cat=0
split_feature=10 7 10 0 0 6 10 6 10 8 1 10 10 0 7 6 10 6 7 10 7 10 8 0 7 6 7 8 0 7 6 6 6 7 6 8 6
split_gain=1164.41 593.886 267.008 217.124 159.666 221.107 147.795 143.441 204 145.96 151.397 147.079 130.021 128.109 138.8 112.936 106.665 122.834 103.881 121.864 100.24 98.1076 123.856 96.4151 151.522 133.059 94.3801 129.562 94.0197 107.768 174.079 92.7354 139.244 103.968 100.744 88.4447 83.466
threshold=7.3095206087166948 6.7337896253602318 13.500000000000002 10.500000000000002 11.500000000000002 451.00000000000006 3.5000000000000004 471.00000000000006 7.8095206087166948 6.5541510686313567 7.6195132788424278 9.5000000000000018 2.5000000000000004 14.500000000000002 10.578520337354545 401.00000000000006 7.8095206087166948 419.00000000000006 8.1561424657534261 7.8095206087166948 8.7617098531110766 1.5000000000000002 8.4962399683478331 10.500000000000002 7.4022332506203483 481.00000000000006 8.8593939393939412 6.9923728068934405 12.500000000000002 6.1949399148569286 435.00000000000006 495.00000000000006 485.00000000000006 7.4137027846705275 515.00000000000011 6.158062234794909 503.00000000000006
decision_type=2 2 2 2 2 2 2 2 2 2 2 2 2 2 2 2 2 2 2 2 2 2 2 2 2 2 2 2 2 2 2 2 2 2 2 2 2
left_child=3 16 4 12 5 -3 20 18 23 -10 -11 -12 31 14 -6 -8 28 -18 19 -7 21 22 -5 25 -25 -9 -22 -28 29 30 -2 32 33 -1 -33 -31 -30
right_child=1 2 -4 6 13 7 15 8 9 10 11 -13 -14 -15 -16 -17 17 -19 -20 -21 26 -23 -24 24 -26 -27 27 -29 36 35 -32 34 -34 -35 -36 -37 -38
leaf_value=-0.016971154575481606 -0.10615683990630309 0.025485080708780396 0.023599316798766444 -0.0071102027948442602 0.00077104961361415915 -0.042695427566986521 0.0566745570853412 -0.018239967099733329 -0.079735826980528113 0.039798428899856651 -0.023751838032346189 0.011751079232950309 -0.013552598677715086 0.012571898432862954 0.067785710924295792 -0.0021432039867917284 0.051243256271914339 -0.0025216043501774901 0.0063544661144408314 -0.00080928598763839845 0.049765418426710561 -0.016380291079463413 0.042722381876500473 -0.015786075371235768 0.059275561618588372 0.033813275086402889 -0.060021054299954961 0.0085263543345772096 -0.0095697461585927384 0.056100919335503853 -0.026615591025101831 -0.09290640558362101 0.028366656431646688 -0.056640735050327504 -0.014298255947881301 -0.012505939932989886 0.025072892143051521
leaf_weight=599 124 4494 5597 4662 13403 491 135 294 84 449 755 1308 6097 6121 128 16746 179 6671 1719 679 182 8260 214 131 699 640 130 871 1258 82 1258 198 164 495 101 1286 369
leaf_count=599 124 4494 5597 4662 13403 491 135 294 84 449 755 1308 6097 6121 128 16746 179 6671 1719 679 182 8260 214 131 699 640 130 871 1258 82 1258 198 164 495 101 1286 369
internal_value=0 0.00679562 0.0107116 -0.00810431 0.00841398 0.0143229 -0.00573283 0.00740287 0.0147369 0.00331643 0.00609366 -0.00124199 -0.0177712 0.00488314 0.00140499 -0.00167283 -0.00610708 -0.00111665 -0.0036655 -0.0183871 -0.0105193 -0.0121275 -0.00492313 0.031544 0.0474285 0.0174282 0.00733814 -0.000375907 -0.0139171 -0.0211375 -0.0337524 -0.0342905 -0.0266699 -0.0349204 -0.0663532 -0.00839354 -0.00171287
internal_weight=0 48219 36992 38854 31395 11743 31200 7249 4360 2596 2512 2063 7654 19652 13531 16881 11227 6850 2889 1170 14319 13136 4876 1764 830 934 1183 1001 4377 2750 1382 1557 1258 1094 299 1368 1627
internal_count=87073 48219 36992 38854 31395 11743 31200 7249 4360 2596 2512 2063 7654 19652 13531 16881 11227 6850 2889 1170 14319 13136 4876 1764 830 934 1183 1001 4377 2750 1382 1557 1258 1094 299 1368 1627
is_linear=0
shrinkage=0.0640495


Tree=53
num_leaves=38
num_cat=0
split_feature=10 10 0 11 11 6 11 10 0 11 8 6 0 8 11 11 8 8 0 0 11 0 11 11 6 6 11 10 8 11 6 6 11 8 8 11 8
split_gain=1026.19 334.996 216.535 196.588 184.427 152.98 145.347 136.853 135.753 139.2 128.587 126.816 124.345 124.267 120.484 134.325 117.699 112.351 162.258 142.823 171.422 157.36 117.867 104.327 96.9436 96.8583 96.5273 104.217 137.187 93.8816 97.1866 93.6665 93.5155 91.7631 91.3497 90.1572 150.471
threshold=6.5000000000000009 12.500000000000002 11.500000000000002 -1.2353086322459708 -1.4138345662614997 415.00000000000006 0.47615938525245194 2.5000000000000004 12.500000000000002 0.55378936400267842 8.3491858361333708 541.00000000000011 10.500000000000002 8.6257796257796269 1.1347762130393593 1.011404729883171 9.3750000000000018 7.9291598023064251 14.500000000000002 11.500000000000002 0.084706253826124275 9.5000000000000018 -1.4782289744364718 2.6441154546989658 481.00000000000006 445.00000000000006 1.5118471148718469 13.500000000000002 7.807363790586658 -1.3328459982997494 501.00000000000006 445.00000000000006 -1.3127955598683403 8.8929345346715341 6.7695441920444415 -0.23897597330546724 5.9960656443102627
decision_type=2 2 2 2 2 2 2 2 2 2 2 2 2 2 2 2 2 2 2 2 2 2 2 2 2 2 2 2 2 2 2 2 2 2 2 2 2
left_child=2 17 5 32 10 -1 16 29 12 -10 -4 31 25 -12 15 -11 35 18 19 21 34 -2 -20 -19 26 -5 27 -16 -29 -7 -31 -9 -3 -27 -21 36 -6
right_child=1 3 4 8 6 7 -8 11 9 14 13 -13 -14 -15 24 -17 -18 23 22 20 -22 -23 -24 -25 -26 33 -28 28 -30 30 -32 -33 -34 -35 -36 -37 -38
leaf_value=0.022563687939799768 -0.01840321704347167 -0.0096033745687586249 0.012635357817020318 0.033294373332308287 -0.040988479285689911 0.0075988268258756677 0.0013039310049701846 -0.00030222270963356821 0.0024696907439982602 0.030847087452861809 0.13795396492547382 0.067667576051072181 0.036037011618451124 0.018108258858913266 -0.0022304761678027286 0.098078324497566566 0.038844270971766966 0.0072195918762579126 0.065431960489930205 -0.022020811417644573 0.0087204955853205281 0.0071485068606005741 0.0083541585625399508 0.082943899948321825 -0.014876640187148363 -0.00074763184774088293 -0.01047131942993758 0.10772302049234146 0.01639891329778892 -0.029280461826661875 -0.066174089776783532 -0.01814331388157896 -0.082295128411039808 0.048741380862248322 -0.006987302216782048 -0.018357801245367008 -0.0057154810122884182
leaf_weight=398 1124 466 784 781 521 235 6962 1524 3021 600 72 78 2465 70 133 153 201 15461 152 2121 2440 8217 6301 75 380 1263 196 151 122 1909 346 5807 86 175 7598 4290 10395
leaf_count=398 1124 466 784 781 521 235 6962 1524 3021 600 72 78 2465 70 133 153 201 15461 152 2121 2440 8217 6301 75 380 1263 196 151 122 1909 346 5807 86 175 7598 4290 10395
internal_value=0 0.0056482 -0.00863591 0.0162237 -0.00521701 -0.0163705 -0.00637654 -0.0179359 0.0183961 0.0107737 0.0227931 -0.0135701 0.0261357 0.0788751 0.0252328 0.0445076 -0.00984713 0.00321839 0.000791386 -0.00188203 -0.00645757 0.00407387 0.00969862 0.00758515 0.0104528 0.0151367 0.0264415 0.0442616 0.0669115 -0.0309265 -0.0349413 -0.0144344 -0.0209285 0.00527502 -0.0102681 -0.0104908 -0.00739899
internal_weight=0 53481 33592 9992 23295 10297 22369 9899 9440 4756 926 7409 4684 142 1735 753 15407 43489 27953 21500 12159 9341 6453 15536 982 2219 602 406 273 2490 2255 7331 552 1438 9719 15206 10916
internal_count=87073 53481 33592 9992 23295 10297 22369 9899 9440 4756 926 7409 4684 142 1735 753 15407 43489 27953 21500 12159 9341 6453 15536 982 2219 602 406 273 2490 2255 7331 552 1438 9719 15206 10916
is_linear=0
shrinkage=0.0640495


Tree=54
num_leaves=38
num_cat=0
split_feature=10 7 10 10 11 10 7 10 10 6 11 11 6 11 7 11 7 7 11 10 6 7 6 6 6 7 6 7 11 10 7 6 7 11 7 6 11
split_gain=904.317 505.887 206.5 162.579 122.3 109.302 105.086 115.487 191.599 100.169 99.2565 118.476 98.7363 98.3094 164.47 126.348 96.1167 94.2281 108.59 85.8501 81.557 103.085 84.4737 80.7593 80.2029 103.41 116.867 81.1099 77.7259 72.9765 109.629 71.876 71.5765 83.6368 82.0073 69.6481 64.7169
threshold=7.3095206087166948 6.7337896253602318 13.500000000000002 3.5000000000000004 -0.91118825844799023 1.5000000000000002 7.8940880467893084 7.8095206087166948 9.5000000000000018 497.00000000000006 -0.89439442200710972 -0.42834086985802294 397.00000000000006 1.2332822534011452 6.8363354858881396 1.4615956989840002 9.2103015278488876 4.9520000000000008 0.011586566268920144 8.5000000000000018 487.00000000000006 8.5453328872532648 455.00000000000006 519.00000000000011 511.00000000000006 8.1677565217391326 517.00000000000011 8.5524319645079281 2.485941344448277 11.500000000000002 8.4460580397470668 507.00000000000006 8.3615603062827528 0.084706253826124275 8.4784737907936769 537.00000000000011 -0.68586973745291868
decision_type=2 2 2 2 2 2 2 2 2 2 2 2 2 2 2 2 2 2 2 2 2 2 2 2 2 2 2 2 2 2 2 2 2 2 2 2 2
left_child=3 17 6 5 -4 -1 9 16 24 19 -10 36 -5 -7 -15 -16 31 18 -2 -3 21 -17 -23 29 -9 -26 -27 -28 35 30 -13 -8 33 -31 -34 -14 -12
right_child=1 2 4 12 -6 13 7 8 10 -11 11 23 28 14 15 20 -18 -19 -20 -21 -22 22 -24 -25 25 26 27 -29 -30 32 -32 -33 34 -35 -36 -37 -38
leaf_value=-0.00450722230774023 -0.034446272013357863 -0.0067304533201490236 -0.0034340479750470513 0.051126551033936457 0.024614239840258421 -0.017876216814517686 0.01001826252495985 -0.001252113367275928 0.029446542056829807 0.01467562144125043 0.007505247332342607 0.024831802154249787 -0.0046872742607356986 0.02550523933956866 0.01400688231232807 -0.03950589662216826 0.028917389409308793 -0.0041241729967132741 0.024394474319713325 0.0059636520324596737 -0.068401220647240024 0.066306383521536408 -0.024273519667487246 0.057709456962868493 0.03590935112597448 -0.12161904698901356 -0.082606161766964836 0.0020377861330528831 0.033884447316906173 -0.042834981105838742 -0.0034894126660657779 0.034584346922553764 0.071198421733139214 0.016279756696403067 0.024091262884382486 0.023685575460010534 -0.015266752762792171
leaf_weight=5612 809 4495 734 135 4863 9767 5132 4415 1219 2220 1083 848 21087 608 369 336 1926 10265 153 4254 188 86 83 176 71 71 70 138 222 129 1655 540 170 411 1401 361 971
leaf_count=5612 809 4495 734 135 4863 9767 5132 4415 1219 2220 1083 848 21087 608 369 336 1926 10265 153 4254 188 86 83 176 71 71 70 138 222 129 1655 540 170 411 1401 361 971
internal_value=0 0.00598797 0.00960217 -0.00714282 0.0209359 -0.0118284 0.00758162 0.0102971 0.00659066 0.00252492 0.0126082 0.00960904 -0.00347928 -0.0154207 -0.0010599 -0.0162686 0.0165549 -0.00592049 -0.025088 -0.000558237 -0.0323893 -0.0189828 0.0218204 0.0151274 -0.00359175 -0.0331046 -0.0506673 -0.0264482 -0.00381946 0.0135031 0.00610563 0.0123571 0.0222742 0.0021579 0.0291888 -0.00420972 -0.0032599
internal_weight=0 48219 36992 38854 5597 17049 31395 20426 12828 10969 8063 6844 21805 11437 1670 1062 7598 11227 962 8749 693 505 169 4790 4765 350 279 208 21670 4614 2503 5672 2111 540 1571 21448 2054
internal_count=87073 48219 36992 38854 5597 17049 31395 20426 12828 10969 8063 6844 21805 11437 1670 1062 7598 11227 962 8749 693 505 169 4790 4765 350 279 208 21670 4614 2503 5672 2111 540 1571 21448 2054
is_linear=0
shrinkage=0.0640495


Tree=55
num_leaves=38
num_cat=0
split_feature=10 7 10 6 0 1 6 0 7 11 1 6 0 0 0 6 11 7 11 7 0 11 11 10 6 0 0 11 0 11 6 6 7 11 11 6 11
split_gain=911.52 476.112 205.773 195.002 174.566 129.659 130.819 173.161 115.007 113.122 112.546 171.148 158.925 171.862 340.996 154.896 126.646 125.871 143.63 125.283 123.777 138.096 115.504 111.724 104.162 94.9313 219.931 180.107 158.855 165.196 156.206 146.388 128.024 120.946 118.445 98.669 96.9421
threshold=5.5000000000000009 6.9573650195233618 14.500000000000002 393.00000000000006 13.500000000000002 7.6195132788424278 457.00000000000006 13.500000000000002 9.7733688917622992 1.9008441617411609 7.6195132788424278 525.00000000000011 9.5000000000000018 11.500000000000002 10.500000000000002 477.00000000000006 -0.58949330751005224 8.6582209199469293 2.2877867930873359 10.454119850187267 12.500000000000002 -0.41779364065141966 -1.0616295943214662 2.5000000000000004 449.00000000000006 13.500000000000002 15.500000000000002 -1.2844490045860411 11.500000000000002 0.12830511036513664 449.00000000000006 523.00000000000011 8.7617098531110766 0.29512317060792764 -1.4782289744364718 481.00000000000006 -0.72649647405993723
decision_type=2 2 2 2 2 2 2 2 2 2 2 2 2 2 2 2 2 2 2 2 2 2 2 2 2 2 2 2 2 2 2 2 2 2 2 2 2
left_child=3 5 10 -1 23 9 -7 -8 -6 -2 11 12 -3 14 15 -14 -17 18 -15 25 -13 -22 -16 -5 -19 27 34 -12 30 -30 -29 -28 33 -31 -27 36 -36
right_child=1 2 -4 4 8 6 7 -9 -10 -11 19 20 13 17 22 16 -18 24 -20 -21 21 -23 -24 -25 -26 26 31 28 29 32 -32 -33 -34 -35 35 -37 -38
leaf_value=0.092990818713727399 -0.01001479516442862 -0.034106273746155526 0.023889120446006742 -0.021439196155450174 -0.0047210859614656257 0.018823516584702181 -0.010348186728325531 0.011636883332606205 0.044621999177567852 0.06694824067100541 -0.041382391035341186 0.12005581430780923 -0.0058213457607335208 0.0023428793286111339 -0.022732991507703765 0.11417614631426876 0.0187556551932722 0.0037692501179473095 0.07630492038100059 0.035453441210481801 -0.03620781104280326 0.071592228599951763 0.044162899562439531 -0.010219895236425509 0.025530043616361565 0.089123218332316068 -0.0020706528674396775 0.018607103729194326 -0.016164628401380034 0.081354546210683235 0.00092824816220145984 -0.070752959261589296 -0.019728552188727662 0.013496339882122718 0.038392749945174248 0.027246912527582681 -0.0038864693083122798
leaf_weight=76 9461 330 3193 5576 11849 1490 4001 2323 197 79 412 93 1513 9108 112 80 199 1476 109 500 78 130 1939 10494 2322 99 1799 2938 3254 121 6786 137 446 984 280 1956 1083
leaf_count=76 9461 330 3193 5576 11849 1490 4001 2323 197 79 412 93 1513 9108 112 80 199 1476 109 500 78 130 1939 10494 2322 99 1799 2938 3254 121 6786 137 446 984 280 1956 1083
internal_value=0 0.00454083 0.00826786 -0.00946633 -0.00974328 -0.00436698 0.00175025 -0.00227239 -0.00391413 -0.00937747 0.006965 0.0107518 0.0099133 0.010775 0.0226762 0.00226494 0.0461164 0.00726088 0.00321755 0.00378026 0.0586311 0.0311672 0.0405099 -0.0141128 0.0170732 0.00299994 0.0103177 0.000377678 0.00156187 -0.00796552 0.00626972 -0.00693092 0.00923621 0.020927 0.0200875 0.0180283 0.00479892
internal_weight=0 58831 41477 28192 28116 17354 7814 6324 12046 9540 38284 17489 17188 16858 3843 1792 279 13015 9217 20795 301 208 2051 16070 3798 20295 5354 14941 14529 4805 9724 1936 1551 1105 3418 3319 1363
internal_count=87023 58831 41477 28192 28116 17354 7814 6324 12046 9540 38284 17489 17188 16858 3843 1792 279 13015 9217 20795 301 208 2051 16070 3798 20295 5354 14941 14529 4805 9724 1936 1551 1105 3418 3319 1363
is_linear=0
shrinkage=0.0640495


Tree=56
num_leaves=38
num_cat=0
split_feature=7 1 7 0 7 6 0 6 6 7 6 7 1 0 6 7 0 0 6 7 7 7 6 7 6 7 7 6 6 0 7 7 7 7 6 6 6
split_gain=493.401 246.452 209.933 180.732 144.064 124.115 113.189 114.155 109.064 100.351 120.68 116.591 107.374 133.283 112.312 102.373 93.0312 231.18 113.549 111.761 102.501 238.337 90.2754 87.5756 137.165 88.2865 91.0529 125.025 84.6109 123.122 145.606 87.3981 99.6927 92.4943 82.346 107.776 81.5602
threshold=8.249497991967873 7.6195132788424278 5.4291044776119408 9.5000000000000018 10.454119850187267 527.00000000000011 14.500000000000002 457.00000000000006 397.00000000000006 6.6660897158517249 521.00000000000011 7.4783359914938865 7.6195132788424278 11.500000000000002 451.00000000000006 7.270293142763113 11.500000000000002 10.500000000000002 483.00000000000006 10.207730467135182 10.370786516853935 10.051245210727972 533.00000000000011 8.6582209199469293 459.00000000000006 8.6456745853877202 8.5767622686181682 483.00000000000006 449.00000000000006 11.500000000000002 6.8288034558369777 7.9838650329634566 7.9949537426408757 7.7329940417080447 461.00000000000006 445.00000000000006 465.00000000000006
decision_type=2 2 2 2 2 2 2 2 2 2 2 2 2 2 2 2 2 2 2 2 2 2 2 2 2 2 2 2 2 2 2 2 2 2 2 2 2
left_child=2 3 -1 -2 8 16 9 -8 -3 12 28 15 -4 14 -14 -12 17 18 19 -5 21 36 -13 25 -25 26 -18 -28 29 30 -11 33 -33 -32 35 -15 -19
right_child=1 4 6 5 -6 -7 7 -9 -10 10 11 22 13 34 -16 -17 23 20 -20 -21 -22 -23 -24 24 -26 -27 27 -29 -30 -31 31 32 -34 -35 -36 -37 -38
leaf_value=-0.019280947629679957 -0.041786851816298223 0.070163101072282089 -0.014152817772415735 0.004815215005440872 0.03168694520294954 0.071689460262449281 0.0146257473524489 -0.00024038125857051571 0.00022464660681039466 0.046050407680380524 0.010612295351558504 0.059015675865010969 0.01294748370436956 -0.0048732171744133267 -0.016460216971103545 -0.055966937035251053 0.0032721394325759007 0.033898751267725721 0.061639014043550461 -0.062910215809522801 0.11378309700626379 -0.07958707377412555 0.0094958103198074378 0.0059314479615974547 0.026629824525298836 -0.021326960434461854 0.056793665624655279 -0.034620179152428487 -0.0050752354541824026 -0.0051958834972435849 0.0039398298276097591 -0.079230686277276641 -0.0042272984308237664 0.031325008951103954 0.0025098543284851095 0.054167284700650131 0.069206647084650005
leaf_weight=3219 235 92 7050 1095 637 156 2592 11612 15905 442 498 346 656 211 2836 117 2704 1014 130 110 76 68 268 2648 2606 515 288 78 19271 3597 1568 82 641 747 2230 318 365
leaf_count=3219 235 92 7050 1095 637 156 2592 11612 15905 442 498 346 656 211 2836 117 2704 1014 130 110 76 68 268 2648 2606 515 288 78 19271 3597 1568 82 641 747 2230 318 365
internal_value=0 0.00687402 -0.00338221 0.0138338 0.00181632 0.0149366 -0.00245308 0.00247245 0.000626868 -0.00416457 -0.00196063 0.0176575 -0.00873401 -0.00262257 -0.0109357 -0.002054 0.0141797 0.024225 0.00476825 -0.00136719 0.0412799 0.0374719 0.0374011 0.0109316 0.0161979 0.00321358 0.00733031 0.037312 -0.00287572 0.00311368 0.0117026 0.00670534 -0.0127339 0.0127764 0.00789921 0.030618 0.0432442
internal_weight=0 28722 58301 12088 16634 11853 55082 14204 15997 40878 27577 1229 13301 6251 3492 615 11697 2858 1335 1205 1523 1447 614 8839 5254 3585 3070 366 26348 7077 3480 3038 723 2315 2759 529 1379
internal_count=87023 28722 58301 12088 16634 11853 55082 14204 15997 40878 27577 1229 13301 6251 3492 615 11697 2858 1335 1205 1523 1447 614 8839 5254 3585 3070 366 26348 7077 3480 3038 723 2315 2759 529 1379
is_linear=0
shrinkage=0.0640495


Tree=57
num_leaves=38
num_cat=0
split_feature=10 10 0 0 1 11 11 0 11 10 0 11 10 11 11 11 11 11 0 1 0 10 11 11 0 11 11 11 11 11 11 0 11 0 11 10 11
split_gain=778.001 250.84 148.506 98.1374 159.848 204.382 170.19 152.674 161.53 207.588 141.052 193.625 124.045 97.8854 105.572 93.2086 132.839 119.669 91.954 89.4528 161.682 130.598 85.162 80.5365 125.489 90.1234 101.09 74.5284 94.7968 83.0688 74.1081 124.733 166.151 83.9982 73.547 73.5025 72.6743
threshold=5.5000000000000009 8.5000000000000018 10.500000000000002 12.500000000000002 7.6195132788424278 -0.71927831989015434 -1.3328459982997494 10.500000000000002 0.89307852292118239 11.500000000000002 14.500000000000002 -0.3991421325265983 15.500000000000002 -0.53747780328808226 0.52725551348790967 0.47615938525245194 0.39972391905953714 0.52725551348790967 11.500000000000002 7.6195132788424278 13.500000000000002 11.500000000000002 -0.31008004747684909 -1.2656630642006543 10.500000000000002 -0.89439442200710972 -0.84519824720581027 1.5793802258642813 1.1998722264346511 1.0241753677634946 -1.0616295943214662 11.500000000000002 -1.3879996605992078 13.500000000000002 -0.54513538997370292 9.5000000000000018 -0.23897597330546724
decision_type=2 2 2 2 2 2 2 2 2 2 2 2 2 2 2 2 2 2 2 2 2 2 2 2 2 2 2 2 2 2 2 2 2 2 2 2 2
left_child=2 30 -1 4 5 6 -3 27 9 22 11 19 23 -11 -15 16 36 -17 -14 34 21 -21 -9 24 -6 -25 -27 28 29 -7 31 -2 33 -33 -5 -10 -4
right_child=1 3 15 10 12 7 -8 8 35 13 -12 -13 18 14 -16 17 -18 -19 -20 20 -22 -23 -24 25 -26 26 -28 -29 -30 -31 -32 32 -34 -35 -36 -37 -38
leaf_value=-0.018505675875648296 -0.038043340566013016 -0.0010296231588138266 -0.0058278612366107225 -0.017648096102113747 0.016818453309984053 -0.014294931982966259 0.053518267345173801 0.012616442506813662 0.10550748783964974 -0.010034368324488343 0.011862614915863406 0.0085097010658870854 0.0450530357157874 0.049786103095398722 -0.025111026496178385 0.056186482214817042 -0.049130805455503516 -0.0014837473789105914 -0.031330413168304649 0.0016892516719127658 0.021008397939885227 -0.044477740861977602 -0.025383392328410873 0.026970128463564867 -0.069116305033657385 -0.030015826502687394 0.0055668520559170927 0.03686142831337362 -0.072957795392072172 0.056806185029414286 0.0010866408789868343 -0.0057319258165227788 -0.020267998268902257 0.050235800960703368 -0.058244001653952326 0.041389971161478058 -0.01584089687616223
leaf_weight=5213 541 296 11965 1476 131 666 1132 439 85 179 6634 4061 512 755 86 151 334 6572 74 576 730 446 539 758 149 347 5840 131 102 75 30144 178 717 288 209 535 3957
leaf_count=5213 541 296 11965 1476 131 666 1132 439 85 179 6634 4061 512 755 86 151 334 6572 74 576 730 446 539 758 149 347 5840 131 102 75 30144 178 717 288 209 535 3957
internal_value=0 0.00419495 -0.00874573 0.00874174 0.012797 0.0217145 0.0422114 0.0135659 0.0216201 0.0127576 0.00505979 -0.000959139 0.00706592 0.0329733 0.0421272 -0.00653159 -0.00915493 -0.000188462 0.0354073 -0.0121471 -0.00201366 -0.018458 -0.00832621 0.00476722 -0.0289111 0.00612502 0.00357119 -0.00808297 -0.0150672 -0.00709846 0.000347989 -0.0125673 -0.00091676 0.0288576 -0.0226834 0.0501803 -0.00831634
internal_weight=0 58831 28192 26963 12831 5020 1428 3592 2618 1998 14132 7498 7811 1020 841 22979 16256 6723 586 3437 1752 1022 978 7225 280 6945 6187 974 843 741 31868 1724 1183 466 1685 620 15922
internal_count=87023 58831 28192 26963 12831 5020 1428 3592 2618 1998 14132 7498 7811 1020 841 22979 16256 6723 586 3437 1752 1022 978 7225 280 6945 6187 974 843 741 31868 1724 1183 466 1685 620 15922
is_linear=0
shrinkage=0.0640495


Tree=58
num_leaves=38
num_cat=0
split_feature=10 7 6 10 0 7 7 10 7 10 6 0 0 6 7 6 0 7 10 6 6 10 10 7 10 10 6 6 6 7 7 7 7 6 7 10 6
split_gain=681.532 373.698 169.066 161.54 138.746 109.282 96.6632 96.289 94.2358 88.8928 89.0408 88.1614 119.502 105.575 95.4227 91.2533 79.1317 85.9253 76.4672 93.485 75.9493 112.586 96.485 72.8447 74.2751 68.4949 74.1651 68.0222 67.0478 65.4808 95.8877 66.7415 107.773 106.503 83.9918 64.3093 83.5329
threshold=5.5000000000000009 6.9573650195233618 393.00000000000006 15.500000000000002 13.500000000000002 4.0962030443866464 9.7733688917622992 2.5000000000000004 9.3471964543393131 8.5000000000000018 471.00000000000006 12.500000000000002 14.500000000000002 457.00000000000006 6.9787935909519332 537.00000000000011 15.500000000000002 5.2282097649186268 9.5000000000000018 471.00000000000006 419.00000000000006 7.3095206087166948 9.5000000000000018 7.4022332506203483 7.8095206087166948 1.5000000000000002 419.00000000000006 423.00000000000006 509.00000000000006 7.9539072563331912 8.0242656711519533 8.7617098531110766 9.052387116424276 499.00000000000006 8.1561424657534261 7.8095206087166948 533.00000000000011
decision_type=2 2 2 2 2 2 2 2 2 2 2 2 2 2 2 2 2 2 2 2 2 2 2 2 2 2 2 2 2 2 2 2 2 2 2 2 2
left_child=2 5 -1 8 7 -2 16 25 9 10 23 13 15 -11 -14 -13 -6 -18 -16 -20 21 -7 -23 -3 -25 -4 -27 -22 -10 -21 -31 34 33 -33 -32 -29 -37
right_child=1 3 4 -5 6 20 -8 -9 28 11 -12 12 14 -15 18 -17 17 -19 19 29 27 22 -24 24 -26 26 -28 35 -30 30 31 32 -34 -35 -36 36 -38
leaf_value=0.087215118651065029 -0.033909126915320588 -0.018730995174610646 -0.0098947894642326707 0.027618044916869748 -0.0011941971119250796 0.081143179175991259 0.041250574455398308 -0.0087249475344064048 0.012438302856776506 0.021826580929466412 0.0071013606021980424 -0.0015909301966639097 0.079321976372458844 0.0067341003700010687 0.031112749243074524 -0.072366340991839112 -0.06261966304304066 -0.011047676979801753 -0.0081032896539354939 0.0024400988442084227 -0.040913649553155615 -0.016462868122202792 0.046009321099361108 0.0024694182584021735 -0.0130570439676191 0.033807783197230712 -0.026076008812992792 -0.0074039302224525299 0.03990713127962052 0.09956613152896597 -0.027266387787595773 -0.077940841602353997 0.04246478225724995 0.024248367632502658 0.03996345227343253 -0.00050368523393174997 0.036972015020009796
leaf_weight=76 486 941 2068 1535 9224 102 197 10494 4726 3545 8545 4485 86 4101 645 76 140 2485 1099 891 201 277 160 7837 1507 87 3421 8190 395 68 87 104 118 70 616 7686 252
leaf_count=76 486 941 2068 1535 9224 102 197 10494 4726 3545 8545 4485 86 4101 645 76 140 2485 1099 891 201 277 160 7837 1507 87 3421 8190 395 68 87 104 118 70 616 7686 252
internal_value=0 0.00392627 -0.00818557 0.00722821 -0.00844345 -0.00396555 -0.00324665 -0.0123389 0.00644461 0.00525154 0.00226931 0.00876323 0.00421103 0.0137316 0.0126258 -0.00277026 -0.00398645 -0.0137982 0.0110748 0.0068414 -0.00310282 0.0205527 0.00641024 -0.00174526 -3.4689e-05 -0.0191405 -0.0245909 -0.00388366 0.0145571 0.0152468 0.0259814 0.0209525 -0.00478636 -0.0368302 0.0316434 -0.00342216 0.00068602
internal_weight=0 58831 28192 41477 28116 17354 12046 16070 39942 34821 18830 15991 8345 7646 3784 4561 11849 2625 3698 3053 16868 539 437 10285 9344 5576 3508 16329 5121 1954 1063 995 292 174 703 16128 7938
internal_count=87023 58831 28192 41477 28116 17354 12046 16070 39942 34821 18830 15991 8345 7646 3784 4561 11849 2625 3698 3053 16868 539 437 10285 9344 5576 3508 16329 5121 1954 1063 995 292 174 703 16128 7938
is_linear=0
shrinkage=0.0640495


Tree=59
num_leaves=38
num_cat=0
split_feature=10 7 6 10 11 10 11 7 11 11 10 11 11 10 7 6 7 11 11 7 11 7 7 6 6 7 10 7 7 6 11 11 7 6 11 7 7
split_gain=599.821 308.756 169.251 152.574 97.5651 79.2417 90.1901 141.405 94.0763 114.146 80.9105 122.713 75.6429 73.2541 82.3615 78.0963 73.1271 88.1124 263.691 71.1811 69.5101 78.9895 68.9741 64.9095 73.8447 127.588 150.805 140.396 99.0974 85.2674 83.0537 149.035 81.1073 78.7347 94.7945 72.1329 224.822
threshold=6.5000000000000009 6.7091590834883101 391.00000000000006 13.500000000000002 -0.91118825844799023 4.5000000000000009 -1.4138345662614997 6.691934374886416 -1.0393213428170125 -1.0732367229190538 1.5000000000000002 -0.78808633583155208 2.2877867930873359 2.5000000000000004 3.9385382059800667 419.00000000000006 7.0559823193659854 1.1501564794524815 0.91653124705791045 9.4193446949779904 2.485941344448277 10.223706609429355 4.0962030443866464 547.00000000000011 471.00000000000006 7.4569185155122666 3.5000000000000004 7.4022332506203483 8.4960526315789497 451.00000000000006 0.21087429178101161 -0.21170539704336669 8.1391722529874695 457.00000000000006 -0.50012583383776532 7.8630584729902404 7.6713783201192962
decision_type=2 2 2 2 2 2 2 2 2 2 2 2 2 2 2 2 2 2 2 2 2 2 2 2 2 2 2 2 2 2 2 2 2 2 2 2 2
left_child=2 12 -1 -3 -5 6 7 -4 9 -8 11 -10 22 15 -15 -12 17 18 -13 -17 21 23 -2 24 25 26 29 33 30 -16 31 32 -27 -28 -35 36 -32
right_child=1 3 5 4 -6 -7 8 -9 10 -11 13 16 -14 14 20 19 -18 -19 -20 -21 -22 -23 -24 -25 -26 28 27 -29 -30 -31 35 -33 -34 34 -36 -37 -38
leaf_value=0.085197102183052278 -0.030018717844790571 0.0053552782441127385 -0.01038137921301039 -0.0050846824135837854 0.020009486689734547 -0.0024394782348388447 -0.017179932719729611 0.036705512571479151 0.024384036613690718 -0.063565620952269308 0.038038893683795538 -0.014166955692473716 0.0628044315957417 -0.07826534483742259 0.01034443543002179 -0.019790665371506731 0.0033266822805225445 -0.039279077496514984 0.075056516618404567 0.029155524946173475 0.040512727941660033 -0.076924888503108718 -0.0040297233973597526 0.055172294233606131 -0.013600493318081833 -0.0086473989783893458 0.0058381828498726114 0.11020701112041095 0.0030806687874889009 -0.022848635292434957 -0.038257279820331107 -0.094807534139290425 -0.060442427928270155 0.08877111796875474 0.020420456409243015 -0.022740086984958441 0.090583015879703507
leaf_weight=82 434 35294 637 731 4870 10869 1158 444 639 268 102 1797 68 68 601 4895 2014 436 147 125 122 68 12063 67 4898 420 678 74 929 673 118 153 176 122 262 416 105
leaf_count=82 434 35294 637 731 4870 10869 1158 444 639 268 102 1797 68 68 601 4895 2014 436 147 125 122 68 12063 67 4898 420 678 74 929 673 118 153 176 122 262 416 105
internal_value=0 0.00421568 -0.00670875 0.00691377 0.0167344 -0.00693384 -0.00909417 0.00895866 -0.0100005 -0.0258976 -0.008873 -0.00184166 -0.0045657 -0.011221 -0.00801726 -0.0174445 -0.00565554 -0.0132565 -0.00742012 -0.0185719 -0.00753387 -0.00813445 -0.00493228 -0.00765181 -0.00808913 -0.0023784 0.0079393 0.0249066 -0.0131102 -0.00719005 -0.0239469 -0.0384183 -0.0239426 0.0189628 0.042136 -0.00698438 0.0224074
internal_weight=0 53460 33563 40895 5601 33481 22612 1081 21531 1426 20105 5033 12565 15072 9950 5122 4394 2380 1944 5020 9882 9760 12497 9692 9625 4727 2410 1136 2317 1274 1388 749 596 1062 384 639 223
internal_count=87023 53460 33563 40895 5601 33481 22612 1081 21531 1426 20105 5033 12565 15072 9950 5122 4394 2380 1944 5020 9882 9760 12497 9692 9625 4727 2410 1136 2317 1274 1388 749 596 1062 384 639 223
is_linear=0
shrinkage=0.0640495


Tree=60
num_leaves=38
num_cat=0
split_feature=10 7 10 10 6 6 8 8 7 8 8 8 8 10 10 8 7 6 6 10 10 7 6 7 6 6 7 7 7 7 7 8 8 7 8 8 7
split_gain=501.738 279.847 147.777 123.109 130.532 116.54 112.485 104.166 105.038 97.0261 87.0717 120.514 85.7609 84.1076 148.026 107.255 79.3501 79.1928 76.2787 71.5711 78.6451 69.7581 65.9936 65.9223 77.8841 65.2172 127.546 102.914 175.712 125.562 89.375 73.2489 64.6391 64.2241 62.3935 61.3048 88.9677
threshold=7.3095206087166948 7.8419448476052258 14.500000000000002 7.8095206087166948 501.00000000000006 391.00000000000006 9.2376543209876569 7.1958634551131624 6.9787935909519332 7.0116314976839949 7.4351124343188397 8.1611061565669569 6.9112912393988326 7.8095206087166948 9.5000000000000018 7.7293087535218126 7.6134077424476674 523.00000000000011 505.00000000000006 3.5000000000000004 1.5000000000000002 9.2103015278488876 511.00000000000006 6.4577528837337956 435.00000000000006 437.00000000000006 7.6571645740280472 7.1381313131313133 7.3058918482647304 7.4257552483358946 7.0559823193659854 7.2921076380342944 9.7615533354817945 7.3058918482647304 8.1707303732977721 7.3985454877724619 7.9949537426408757
decision_type=2 2 2 2 2 2 2 2 2 2 2 2 2 2 2 2 2 2 2 2 2 2 2 2 2 2 2 2 2 2 2 2 2 2 2 2 2
left_child=5 3 13 4 6 -1 23 9 10 12 -9 -12 -6 18 15 17 -10 -15 21 20 33 -3 -11 24 -2 26 -25 30 -29 31 -27 -30 -22 34 -7 -4 -37
right_child=1 2 35 -5 7 19 -8 8 16 22 11 -13 -14 14 -16 -17 -18 -19 -20 -21 32 -23 -24 25 -26 27 -28 28 29 -31 -32 -33 -34 -35 -36 36 -38
leaf_value=0.061708686568039045 -0.05502295858507588 0.0066936652625578215 0.040300154055128018 0.0023711290053789898 -0.0033762533643973145 -0.010994004266390071 0.064052200020480385 0.055224440471234856 0.099451902319782848 -0.0049802119255366257 -0.033634669364138781 0.050697709907156552 0.072734026805929025 0.008477267884351181 0.0086982140807230473 -0.012802213154246428 0.02359062573215899 -0.051599560375858416 0.030594698462882541 -0.0034228814187411121 -0.012438517829663895 0.021343190794066613 -0.086935726035991576 -0.0014360297380051124 -0.017095766533092419 -0.0060969314668438152 0.07418134718705198 -0.078505308278166194 0.077407193286508122 -0.024306687493598995 0.043718860603972752 -0.00074371299564280182 0.043300013486615406 0.0054351080058303077 0.022347036507911928 0.058066079593184772 0.012662664589232547
leaf_weight=105 252 5592 650 14322 507 3059 80 127 120 73 223 101 69 2122 10156 2889 107 94 837 21727 11337 1751 90 632 1873 1929 107 211 82 1045 160 123 86 2309 249 198 1673
leaf_count=105 252 5592 650 14322 507 3059 80 127 120 73 223 101 69 2122 10156 2889 107 94 837 21727 11337 1751 90 632 1873 1929 107 211 82 1045 160 123 86 2309 249 198 1673
internal_value=0 0.00410296 0.0086195 -0.0011711 -0.00758391 -0.00567755 -0.0114271 0.0100289 0.0281591 -0.00660471 0.0102737 -0.00734587 0.00574112 0.00703479 0.00422593 -0.00467134 0.0636935 0.00592888 0.0122751 -0.00586007 -0.00896762 0.010187 -0.0502317 -0.0123685 -0.0215935 -0.00779793 0.00951263 -0.0114015 -0.0244416 -0.0153157 -0.00228146 0.0305166 -0.0120189 -0.00276243 -0.00848436 0.0233546 0.0174675
internal_weight=0 48195 25962 22233 7911 38872 6494 1417 678 739 451 324 576 23441 15261 5105 227 2216 8180 38767 17040 7343 163 6414 2125 4289 739 3550 1461 1250 2089 205 11423 5617 3308 2521 1871
internal_count=87067 48195 25962 22233 7911 38872 6494 1417 678 739 451 324 576 23441 15261 5105 227 2216 8180 38767 17040 7343 163 6414 2125 4289 739 3550 1461 1250 2089 205 11423 5617 3308 2521 1871
is_linear=0
shrinkage=0.0640495


Tree=61
num_leaves=38
num_cat=0
split_feature=7 1 11 8 7 8 7 7 7 8 8 11 11 11 11 7 11 11 11 8 7 7 7 11 7 11 8 11 8 11 11 11 8 11 11 8 8
split_gain=282.02 158.838 133.102 127.542 123.625 132.351 119.159 117.821 109.784 109.747 144.116 137.942 107.155 159.825 102.265 136.863 102.101 179.851 87.8734 85.2278 123.304 81.2765 144.829 78.0591 77.2912 100.7 91.2307 74.9746 70.8403 78.0434 70.4171 84.0212 134.794 70.237 100.605 69.4145 134.418
threshold=7.8276805118062178 7.6195132788424278 -1.8468383406761342 8.8929345346715341 7.8713247679485541 7.2867869369652576 10.454119850187267 7.8713247679485541 5.4291044776119408 7.0459749214476917 7.2921076380342944 1.3048506925053427 -1.0393213428170125 -1.3589921278676007 1.4615956989840002 8.6335099849570121 -0.71927831989015434 -0.32048273017100287 -0.63473571012524765 7.3123473748473762 7.8687823804102885 7.9539072563331912 7.9949537426408757 2.485941344448277 7.8940880467893084 -0.32048273017100287 7.9443899982136132 1.2172903989140984 7.1278335872073226 -0.087539220166836768 -0.81017342396517078 0.95194266623719626 8.7318022225154479 1.9984160609121566 2.6441154546989658 8.2858319460264624 7.8024042950513541
decision_type=2 2 2 2 2 2 2 2 2 2 2 2 2 2 2 2 2 2 2 2 2 2 2 2 2 2 2 2 2 2 2 2 2 2 2 2 2
left_child=3 4 -3 8 5 -2 7 -4 18 12 11 28 13 -6 -13 -16 -14 -18 -1 -7 27 24 30 -10 25 -12 -27 -21 29 -11 -23 32 -32 -9 -35 36 -26
right_child=1 2 6 -5 9 19 -8 33 23 10 21 14 16 -15 15 -17 17 -19 -20 20 -22 22 -24 -25 35 26 -28 -29 -30 -31 31 -33 -34 34 -36 -37 -38
leaf_value=-0.031864197406070827 0.017452241493152023 0.069147962644022259 0.018626616458902404 0.015917430998739438 0.01868640390559443 -0.094972277468812552 0.027304965427034516 -0.0014882267945855406 -0.0035812288301770934 0.023717103238887892 0.05137344571389281 0.13218338856900128 0.035520559273118917 -0.087184391907394659 0.1004674588058036 -0.014183340265070647 -0.036676515535041074 0.006561965169694749 -0.0087353699267423875 -0.039322765885452179 0.038002013342647252 0.034966588062678279 0.0096588625762571469 0.033595177078673162 0.055504276113550188 0.025362609979638927 -0.065806666580450729 0.031883893895562523 0.029905428371080442 -0.033333712933722587 -0.026883775557726329 0.029634733563574652 -0.12147087664604402 -0.039034004105655939 0.022918441438384233 0.081967883477069736 -0.03021263444441423
leaf_weight=962 433 114 1187 1324 101 68 627 20496 41435 223 111 81 328 139 88 83 501 1859 2250 562 125 68 10585 233 246 80 103 68 1141 176 284 69 79 443 142 145 108
leaf_count=962 433 114 1187 1324 101 68 627 20496 41435 223 111 81 328 139 88 83 501 1859 2250 562 125 68 10585 233 246 80 103 68 1141 176 284 69 79 443 142 145 108
internal_value=0 0.00362941 0.000111806 -0.00367487 0.00816266 -0.011212 -0.000231943 -0.0010073 -0.00425286 0.00962878 0.0120392 0.0289705 -0.00162459 -0.0426304 0.0728999 0.0448182 0.00203665 -0.00261705 -0.0156625 -0.026293 -0.0201073 0.00948478 0.00806769 -0.00337335 0.0292936 0.00324277 -0.0259512 -0.031637 0.021782 -0.00144817 -0.0256173 -0.0351537 -0.0474688 -0.00211282 -0.023996 0.0446421 0.0293534
internal_weight=0 40863 23009 46204 17854 1256 22895 22268 44880 16598 13670 1792 2928 240 252 171 2688 2360 3212 823 755 11878 11085 41668 793 294 183 630 1540 399 500 432 363 21081 585 499 354
internal_count=87067 40863 23009 46204 17854 1256 22895 22268 44880 16598 13670 1792 2928 240 252 171 2688 2360 3212 823 755 11878 11085 41668 793 294 183 630 1540 399 500 432 363 21081 585 499 354
is_linear=0
shrinkage=0.0640495


Tree=62
num_leaves=38
num_cat=0
split_feature=7 1 0 8 8 7 1 8 6 6 8 7 7 7 8 0 0 6 7 0 8 7 7 7 8 7 6 8 6 8 0 8 0 0 6 7 8
split_gain=253.698 145.768 166.353 141.573 122.773 122.289 130.877 132.184 113.395 105.617 103.68 99.6836 161.38 102.834 99.5986 98.9094 272.362 110.236 102.311 96.7267 95.9039 103.084 96.2836 102.109 119.521 95.6377 85.0154 82.7726 87.0058 86.0281 81.8898 102.829 81.6457 92.5877 139.862 87.9706 86.5632
threshold=8.242422520269761 7.6195132788424278 9.5000000000000018 6.3917250241232066 9.5828282828282845 5.9386913719588668 7.6195132788424278 7.2336996336996346 437.00000000000006 527.00000000000011 8.4838790548905845 6.8363354858881396 7.2222189815084885 7.4783359914938865 5.5894777265745015 11.500000000000002 10.500000000000002 465.00000000000006 8.4132246199915386 13.500000000000002 7.9630416828604753 7.5961589198417014 8.0992347048985085 7.8713247679485541 6.8896451497583042 10.454119850187267 397.00000000000006 7.3944368961352671 423.00000000000006 7.3215782414099868 10.500000000000002 7.5928607474277392 14.500000000000002 11.500000000000002 415.00000000000006 6.6660897158517249 7.2056564780767731
decision_type=2 2 2 2 2 2 2 2 2 2 2 2 2 2 2 2 2 2 2 2 2 2 2 2 2 2 2 2 2 2 2 2 2 2 2 2 2
left_child=4 2 -2 -4 5 6 7 -1 11 15 -9 32 19 -14 -8 16 -5 18 -18 -13 21 -15 23 24 -23 26 -3 29 -29 -28 31 -10 33 34 -7 -34 -36
right_child=1 25 3 9 -6 8 14 10 30 -11 -12 12 13 20 -16 -17 17 -19 -20 -21 -22 22 -24 -25 -26 -27 27 28 -30 -31 -32 -33 35 -35 36 -37 -38
leaf_value=-0.008908186413611914 -0.043143181540156506 0.061905430993500071 -0.028510413370848881 0.00067784528629715932 0.021908150177465124 0.078675974138132015 0.062849470438684954 -0.035135501590595385 -0.015511359680215794 0.065137003868506543 0.012505956044035402 -0.011525584284900766 0.033072562727741985 -0.045177141521406554 -0.0025053767722169264 0.0081722537306956004 0.090724843172488773 0.069683417214453938 0.023979026463680803 -0.062515176453456556 -0.014645288621956862 -0.041960130002368277 -0.015864030844092478 0.04510473526610078 0.022351240734691517 0.025287554733476266 0.0045272177668662771 0.020045142884496193 -0.004567373497795831 0.038641296849794372 -0.0015184378695098173 -0.00044503274655519136 0.020324150850118478 -0.001725206931396229 0.041989143000184179 0.094445366813134091 -0.0081235437084586862
leaf_weight=3635 237 90 360 1311 822 181 98 1675 4226 153 211 589 538 122 4006 8641 104 395 1001 206 893 154 309 534 515 629 3875 622 11176 329 34475 3317 155 796 254 114 319
leaf_count=3635 237 90 360 1311 822 181 98 1675 4226 153 211 589 538 122 4006 8641 104 395 1001 206 893 154 309 534 515 629 3875 622 11176 329 34475 3317 155 796 254 114 319
internal_value=0 0.0046711 0.00999391 0.0110464 -0.00266943 -0.00302187 -0.00960746 -0.0160468 -0.00169294 0.0122735 -0.0298055 0.0068018 0.000976544 0.00764638 -0.000944759 0.0115673 0.0220036 0.0406422 0.030261 -0.024738 0.00223313 0.0114574 0.0160271 0.0242186 0.00754713 0.000786821 -0.000170858 -0.000519993 -0.00326978 0.00719694 -0.00284105 -0.00888601 0.0191632 0.0135103 0.0295944 0.0517361 0.0140905
internal_weight=0 28923 12202 11965 58144 57322 9625 5521 47697 11605 1886 5679 3860 3065 4104 11452 2811 1500 1105 795 2527 1634 1512 1203 669 16721 16092 16002 11798 4204 42018 7543 1819 1550 754 269 573
internal_count=87067 28923 12202 11965 58144 57322 9625 5521 47697 11605 1886 5679 3860 3065 4104 11452 2811 1500 1105 795 2527 1634 1512 1203 669 16721 16092 16002 11798 4204 42018 7543 1819 1550 754 269 573
is_linear=0
shrinkage=0.0640495


Tree=63
num_leaves=38
num_cat=0
split_feature=10 0 11 0 1 1 11 11 11 8 0 8 0 0 8 11 1 8 10 10 1 0 11 11 11 11 8 8 11 11 8 11 8 11 11 1 11
split_gain=415.335 146.934 174.024 209.516 305.458 178.497 157.166 146.026 141.841 186.483 167.173 165.224 134.627 136.362 127.742 104.826 101.198 101.163 90.9109 102.607 126.382 172.151 119.356 90.3113 130.343 121.987 136.201 87.103 93.2442 88.1496 84.8907 83.6027 83.3034 82.616 88.6515 77.2328 103.372
threshold=7.3095206087166948 11.500000000000002 -1.3328459982997494 10.500000000000002 7.6195132788424278 7.6195132788424278 -0.58949330751005224 -1.8468383406761342 0.053316241292160671 6.6631205673758878 14.500000000000002 6.7695441920444415 14.500000000000002 15.500000000000002 6.3612394064091964 1.9008441617411609 7.6195132788424278 6.9112912393988326 2.5000000000000004 1.5000000000000002 7.6195132788424278 11.500000000000002 -1.3127955598683403 1.011404729883171 0.76540596573045117 1.3191819723020894 6.4664575289575295 7.4351124343188397 2.485941344448277 1.5118471148718469 8.6599402092675657 -1.9391554377684914 9.0145719489981797 -1.1251648948823225 1.2332822534011452 7.6195132788424278 -1.3589921278676007
decision_type=2 2 2 2 2 2 2 2 2 2 2 2 2 2 2 2 2 2 2 2 2 2 2 2 2 2 2 2 2 2 2 2 2 2 2 2 2
left_child=12 2 -2 5 -5 6 -4 16 10 23 11 -9 18 32 -6 -7 -3 -8 19 20 22 -22 -1 24 -10 -25 -27 28 29 -11 -12 -21 35 -23 -35 -14 -37
right_child=1 7 3 4 14 15 17 8 9 27 30 -13 13 -15 -16 -17 -18 -19 -20 31 21 33 -24 25 -26 26 -28 -29 -30 -31 -32 -33 -34 34 -36 36 -38
leaf_value=0.033101538619860815 -0.028341011178315462 0.017219769818877937 0.032228079464153563 0.034498380374747395 -0.057895718753346495 0.0095375465232374473 -0.052441922934254981 -0.022230593933721666 0.037924674621138979 -0.0017415938729405797 0.004535199080200533 -0.0030312484980133791 0.011095194376775371 -0.0086357928547421605 0.0089297375799347618 -0.044526644737653998 0.1051639142762919 -0.011808163952652106 -0.0052045574770981477 0.048138702697196896 -0.029114148736861301 -0.049845701824382284 -0.023435845019624677 0.118357085931509 -0.047184063025347271 -0.033712643576361702 0.089662695123758282 0.0098097520592697919 0.068380173306603731 -0.03642343768577349 0.032734579285632566 -0.02098744158453246 0.065424899133479805 0.029440365719555335 -0.021578660126488975 0.069190272248721749 -0.0063440853050247808
leaf_weight=171 513 133 300 2794 121 7671 290 2138 391 2486 5908 13139 4131 3675 3890 150 90 1886 21073 73 403 68 1470 114 91 71 76 5057 71 342 473 4274 98 1057 161 77 2141
leaf_count=171 513 133 300 2794 121 7671 290 2138 391 2486 5908 13139 4131 3675 3890 150 90 1886 21073 73 403 68 1470 114 91 71 76 5057 71 342 473 4274 98 1057 161 77 2141
internal_value=0 0.00375672 0.00841637 0.00951897 0.0182395 0.00375581 -0.0112318 0.00107262 0.00069327 0.00760142 -0.00208141 -0.00571818 -0.0051419 0.00121066 0.00691381 0.00850064 0.0527129 -0.0172235 -0.00737845 -0.0133457 -0.00488545 0.00741373 -0.0175444 0.0382884 0.0218564 0.068634 0.0300732 0.00473561 -0.0041157 -0.00593579 0.00662552 -0.0198266 0.00682346 0.0188606 0.0226965 0.00591892 -0.00372184
internal_weight=0 48195 17615 17102 6805 10297 2476 30580 30357 8699 21658 15277 38872 10122 4011 7821 223 2176 28750 7677 3330 1689 1641 743 482 261 147 7956 2899 2828 6381 4347 6447 1286 1218 6349 2218
internal_count=87067 48195 17615 17102 6805 10297 2476 30580 30357 8699 21658 15277 38872 10122 4011 7821 223 2176 28750 7677 3330 1689 1641 743 482 261 147 7956 2899 2828 6381 4347 6447 1286 1218 6349 2218
is_linear=0
shrinkage=0.0640495


Tree=64
num_leaves=38
num_cat=0
split_feature=7 6 7 1 11 11 1 6 6 7 7 8 8 11 7 7 6 11 8 6 7 6 8 11 8 7 7 8 8 6 6 6 8 8 7 8 6
split_gain=219.942 115.949 106.623 85.9593 103.352 94.3774 83.6994 98.9728 82.3528 76.9849 74.4353 127.584 108.024 72.5861 68.5472 152.038 144.34 121.08 96.0388 90.6961 138.674 70.9687 65.2001 101.087 85.1364 100.956 77.0433 63.434 69.9616 84.3608 63.2186 128.343 74.9566 112.026 66.7296 61.0218 59.0027
threshold=8.5975543478260885 413.00000000000006 5.4291044776119408 7.6195132788424278 0.053316241292160671 1.3679584899547421 7.6195132788424278 397.00000000000006 531.00000000000011 10.454119850187267 8.5524319645079281 9.7890805974918145 8.1799415782539366 -0.90241866703952145 8.6456745853877202 8.6582209199469293 451.00000000000006 -0.74667748698855574 8.3267392085487995 459.00000000000006 8.8593939393939412 483.00000000000006 8.5372539351571373 1.6514131487820507 8.7318022225154479 9.4816666666666674 8.9153523201793252 5.2994667415099643 5.5894777265745015 491.00000000000006 417.00000000000006 441.00000000000006 8.0985446760823869 7.2172588206266974 8.7408222842748646 7.5819075324501624 459.00000000000006
decision_type=2 2 2 2 2 2 2 2 2 2 2 2 2 2 2 2 2 2 2 2 2 2 2 2 2 2 2 2 2 2 2 2 2 2 2 2 2
left_child=1 -1 3 4 -3 13 8 -8 14 -9 27 12 -12 -5 21 16 -16 -18 -19 20 30 -2 26 24 25 -24 -22 36 29 -29 -17 -32 33 -33 -35 -28 -4
right_child=6 2 10 5 -6 -7 7 9 -10 -11 11 -13 -14 -15 15 19 17 18 -20 -21 22 -23 23 -25 -26 -27 35 28 -30 -31 31 32 -34 34 -36 -37 -38
leaf_value=0.015219301933008326 0.046548963958845752 -0.029915225551850892 0.018389075297342235 -0.034444833888319058 0.0058159334014440201 -0.064668971750662607 0.078092423314391216 0.00048768910433440171 0.075997754497574066 0.023620992584065904 -0.0041496550948376485 0.059571602275067387 -0.046863189194293553 0.010718571011961419 0.024643091117311073 -0.0085863774530040189 0.031489950188350081 -0.073153372526325672 -0.002666275993063948 0.019269767082171773 -0.045823057630916778 -0.024892371695025044 -0.082368361985707642 0.053072480747032288 -0.0092314978865256792 0.0034936899339001134 -0.0067401834598308881 0.0013668384132666848 -0.0015057954484201143 0.08190136305569122 0.06345040394424141 0.052520982803261521 0.047687222720185093 -0.0045253339387963899 -0.08212065814368108 0.016828018234166815 -0.049803347379720316
leaf_weight=1570 354 1532 70 171 424 88 70 11192 78 623 496 79 476 998 206 171 82 291 109 3232 115 68 162 84 740 86 714 129 60382 91 344 83 145 109 78 1222 203
leaf_count=1570 354 1532 70 171 424 88 70 11192 78 623 496 79 476 998 206 171 82 291 109 3232 115 68 162 84 740 86 714 129 60382 91 344 83 145 109 78 1222 203
internal_value=0 -0.00198068 -0.00239524 -0.0137715 -0.0221698 -0.000703104 0.00562499 0.00215739 0.010489 0.0017075 -0.00180498 -0.018705 -0.025067 0.00411212 0.0098803 0.00854878 -0.020232 -0.039411 -0.0539456 0.0112669 0.00488506 0.0350371 -0.00158013 -0.014381 -0.0201159 -0.0525936 0.00511053 -0.00151321 -0.00137444 0.0346788 0.0265956 0.0345219 0.0105427 -0.0094053 -0.0368913 0.00813603 -0.0323181
internal_weight=0 66709 65139 3213 1956 1257 20358 11885 8473 11815 61926 1051 972 1169 8395 7973 688 482 400 7285 4053 422 3123 1072 988 248 2051 60875 60602 220 930 759 415 270 187 1936 273
internal_count=87067 66709 65139 3213 1956 1257 20358 11885 8473 11815 61926 1051 972 1169 8395 7973 688 482 400 7285 4053 422 3123 1072 988 248 2051 60875 60602 220 930 759 415 270 187 1936 273
is_linear=0
shrinkage=0.0640495


Tree=65
num_leaves=38
num_cat=0
split_feature=10 10 0 6 6 6 6 6 0 6 0 6 6 6 6 0 10 6 6 6 0 1 0 1 6 10 10 0 6 6 6 1 6 6 10 10 10
split_gain=387.314 146.658 110.41 107.499 78.6152 89.8476 107.605 73.3947 77.2791 171.87 77.1612 256.418 105.599 88.8951 72.3731 97.4142 131.625 137.355 95.8755 68.7657 122.074 61.6458 61.3185 60.045 58.3822 54.3161 66.0103 51.4236 99.0955 55.6087 67.2845 84.2176 50.5487 50.2737 45.9856 45.7492 47.9851
threshold=8.5000000000000018 4.5000000000000009 11.500000000000002 441.00000000000006 459.00000000000006 445.00000000000006 437.00000000000006 501.00000000000006 14.500000000000002 499.00000000000006 11.500000000000002 447.00000000000006 429.00000000000006 411.00000000000006 471.00000000000006 10.500000000000002 6.5000000000000009 475.00000000000006 475.00000000000006 497.00000000000006 15.500000000000002 7.6195132788424278 13.500000000000002 7.6195132788424278 491.00000000000006 7.8095206087166948 7.3095206087166948 9.5000000000000018 497.00000000000006 551.00000000000011 533.00000000000011 7.6195132788424278 415.00000000000006 559.00000000000011 1.5000000000000002 7.8095206087166948 7.3095206087166948
decision_type=2 2 2 2 2 2 2 2 2 2 2 2 2 2 2 2 2 2 2 2 2 2 2 2 2 2 2 2 2 2 2 2 2 2 2 2 2
left_child=1 2 21 22 5 6 34 8 10 19 11 13 -12 -3 -13 24 17 -17 -18 -10 -21 -1 -2 -20 -16 26 -26 28 -5 30 -29 -32 -23 -31 -4 36 -9
right_child=3 7 4 27 -6 -7 -8 35 9 -11 12 14 -14 -15 15 16 18 -19 23 20 -22 32 -24 -25 25 -27 -28 29 -30 33 31 -33 -34 -35 -36 -37 -38
leaf_value=-0.0056702836292833085 0.018528111699898268 0.037610631899457563 0.024969797289252856 -0.02074201238296831 -0.0065900868513450884 0.013142449271344491 -0.023000304561703985 0.0026162007177934193 0.0059570437690346853 -0.057511407363269235 -0.021463599360113932 -0.011780118371304429 -0.0041369603912460575 0.010221823618168393 -0.0021738532349360922 -0.10125504405157994 0.06700759604011268 -0.0023331511672547026 0.038501165674174352 0.085491929922931281 -0.019012386994833635 0.034176018569967014 0.00013524845236540106 0.005327099638891334 -0.039407989220307728 -0.073708016803174362 0.0076538173566916643 0.0049532713300972893 0.046497253813091464 -0.073890710818980548 0.075686769780781635 0.013707378737558139 -0.019607799010568337 0.0018645333695797705 -0.0014565592971039491 -0.0078970339299885735 0.015030204592600831
leaf_weight=2388 4007 567 375 664 11974 2063 869 2670 5278 173 1636 4057 12231 3409 1702 69 174 348 325 118 75 73 913 719 265 83 227 20705 104 69 120 359 3985 75 966 802 2449
leaf_count=2388 4007 567 375 664 11974 2063 869 2670 5278 173 1636 4057 12231 3409 1702 69 174 348 325 118 75 73 913 719 265 83 227 20705 104 69 120 359 3985 75 966 802 2449
internal_value=0 -0.00268103 -0.00674262 0.00655282 -0.00392857 0.00352966 -0.00544372 -0.000215076 -0.00144646 0.00534265 -0.00293095 0.000842191 -0.00618112 0.0141276 -0.00578635 0.000429572 0.0123571 -0.0187015 0.0229905 0.00733018 0.0448814 -0.0138354 0.015115 0.0156543 -0.00813499 -0.0257799 -0.0176945 0.00464633 -0.0116367 0.00523266 0.00550231 0.0292346 -0.0186403 -0.0344349 0.00593336 0.00632677 0.00855523
internal_weight=0 60070 22693 27016 16247 4273 2210 37377 31456 5644 25812 11945 13867 3976 7969 3912 1635 417 1218 5471 193 6446 4920 1044 2277 575 492 22096 768 21328 21184 479 4058 144 1341 5921 5119
internal_count=87086 60070 22693 27016 16247 4273 2210 37377 31456 5644 25812 11945 13867 3976 7969 3912 1635 417 1218 5471 193 6446 4920 1044 2277 575 492 22096 768 21328 21184 479 4058 144 1341 5921 5119
is_linear=0
shrinkage=0.0640495


Tree=66
num_leaves=38
num_cat=0
split_feature=10 7 1 7 10 7 10 11 10 10 11 11 11 11 11 7 7 11 11 11 11 11 11 11 7 11 7 7 11 11 7 11 11 11 7 11 11
split_gain=339.288 137.179 118.466 113.701 110.373 99.6036 73.6662 73.3428 71.2599 70.6608 68.2018 105.168 97.5427 131.408 91.53 83.8739 78.4471 65.0432 89.8238 72.2476 128.575 67.4517 63.0187 108.579 90.0283 77.3946 60.9715 59.7106 66.545 82.1719 65.1108 59.6157 85.8759 61.5724 83.1542 58.6961 208.78
threshold=8.5000000000000018 8.5975543478260885 7.6195132788424278 8.5524319645079281 5.5000000000000009 6.9573650195233618 3.5000000000000004 -0.6476743265999455 7.8095206087166948 15.500000000000002 0.84798662565740357 1.1199080598478302 -0.69850407043165474 -0.61497569839829336 0.78882981021332021 10.181898325007348 8.3615603062827528 1.2433309458161206 1.2332822534011452 1.3191819723020894 1.3358494873934255 1.3048506925053427 -1.3127955598683403 -1.0393213428170125 6.007751937984497 -0.84082575549096228 7.0559823193659854 6.7337896253602318 -1.2844490045860411 -1.0732367229190538 6.4577528837337956 1.4817261777209236 0.57682822648253296 0.93274476399846551 8.8460606060606075 -1.199133676478481 -1.3127955598683403
decision_type=2 2 2 2 2 2 2 2 2 2 2 2 2 2 2 2 2 2 2 2 2 2 2 2 2 2 2 2 2 2 2 2 2 2 2 2 2
left_child=1 3 -3 6 7 -2 22 -4 31 10 12 -12 35 -14 -15 17 -16 18 -13 21 -21 -19 24 26 -1 -25 27 28 -24 30 -30 32 -6 -34 -35 36 -7
right_child=5 2 4 -5 8 9 -8 -9 -10 -11 11 15 13 14 16 -17 -18 19 -20 20 -22 -23 23 25 -26 -27 -28 -29 29 -31 -32 -33 33 34 -36 -37 -38
leaf_value=-0.017879815341899408 -0.0004821056954885168 0.01089110343125428 0.0035978500547391512 -0.030573374843380602 0.0094870378061609247 0.012928620554789029 -0.0019758490732669819 -0.020017924144051454 -0.013505665697823925 0.02157475145428971 0.02705083962133259 -0.0052796556585360021 -0.02023115157087501 0.0051030036436097853 -0.071721775888796468 0.053104519761193049 0.0021435831243859079 0.021190672994755466 -0.082671405502800333 -0.081519973659898548 0.0074633044098066197 0.08784701722083782 -0.0847324957534724 0.010159560780671451 0.023606398136986555 -0.0085603994978595641 -0.058112594282678585 0.033348967889757115 0.025171641781485808 -0.068446357663288659 -0.043960726714500908 0.050489483473428839 -0.07930943493773368 0.042410106023181585 -0.035896444803583775 0.015740653706455218 -0.056791554811187243
leaf_weight=335 6939 5192 785 654 3218 885 32466 1725 773 1546 1642 508 1058 7411 120 154 116 309 70 69 1927 78 72 979 597 12152 250 75 167 93 84 130 68 82 173 3964 220
leaf_count=335 6939 5192 785 654 3218 885 32466 1725 773 1546 1642 508 1058 7411 120 154 116 309 70 69 1927 78 72 979 597 12152 250 75 167 93 84 130 68 82 173 3964 220
internal_value=0 -0.00250931 0.00357052 -0.0040502 -0.00189518 0.00613311 -0.00368324 -0.0126321 0.00416911 0.00841946 0.00732194 0.0139339 0.00503844 0.000925427 0.00385254 0.00701956 -0.0354151 0.00462271 -0.0146524 0.0092979 0.00438723 0.0346253 -0.00742764 -0.00851082 0.00869451 -0.00716471 -0.0323647 -0.0192548 -0.0287387 -0.017019 0.00203571 0.00789088 0.00632697 -0.0251563 -0.0107155 0.0121017 -0.000952319
internal_weight=0 60070 12146 47924 6954 27016 47270 2510 4444 20077 18531 4757 13774 8705 7647 3115 236 2961 578 2383 1996 387 14804 13872 932 13131 741 491 416 344 251 3671 3541 323 255 5069 1105
internal_count=87086 60070 12146 47924 6954 27016 47270 2510 4444 20077 18531 4757 13774 8705 7647 3115 236 2961 578 2383 1996 387 14804 13872 932 13131 741 491 416 344 251 3671 3541 323 255 5069 1105
is_linear=0
shrinkage=0.0640495


Tree=67
num_leaves=38
num_cat=0
split_feature=10 10 7 7 10 0 7 1 0 7 6 7 6 6 7 7 6 0 6 6 7 0 6 6 7 6 6 0 6 6 6 6 7 7 7 6 6
split_gain=297.842 129.351 110.726 122.753 102.234 101.203 100.864 105.968 97.3749 89.4692 151.661 116.236 95.4034 87.7897 99.7681 83.3761 81.1303 70.0655 147.928 84.2845 87.3309 101.035 94.9318 87.3778 79.2585 69.2831 68.7414 89.4994 74.3363 68.3136 78.5489 93.4278 74.166 107.369 101.538 61.5828 86.1711
threshold=9.5000000000000018 4.5000000000000009 8.1561424657534261 8.1106861719696166 13.500000000000002 9.5000000000000018 6.6660897158517249 7.6195132788424278 11.500000000000002 7.4569185155122666 417.00000000000006 7.6571645740280472 487.00000000000006 437.00000000000006 7.6571645740280472 6.691934374886416 427.00000000000006 14.500000000000002 527.00000000000011 499.00000000000006 8.5524319645079281 15.500000000000002 503.00000000000006 505.00000000000006 8.9625390837411647 539.00000000000011 457.00000000000006 12.500000000000002 453.00000000000006 459.00000000000006 445.00000000000006 437.00000000000006 6.4860767326732676 6.9787935909519332 8.249497991967873 483.00000000000006 509.00000000000006
decision_type=2 2 2 2 2 2 2 2 2 2 2 2 2 2 2 2 2 2 2 2 2 2 2 2 2 2 2 2 2 2 2 2 2 2 2 2 2
left_child=1 8 3 13 -5 -4 7 -3 9 10 -1 -11 16 14 -2 -8 -12 18 -17 -19 22 -22 -21 -24 -23 -25 28 -28 -9 30 31 -10 -32 -34 -35 -13 -37
right_child=2 6 5 4 -6 -7 15 26 29 11 12 35 -14 -15 -16 17 -18 19 -20 20 21 24 23 25 -26 -27 27 -29 -30 -31 32 -33 33 34 -36 36 -38
leaf_value=0.068897829787767886 0.0056507457951130652 -0.011654479664053993 -0.016854902864915169 -0.014364640331400473 -0.10440520453773165 0.012956075317072959 0.032187009083808296 0.010107977767972781 0.00587656802447129 -0.061028628122996767 -0.050409659070534116 -0.023151947336852028 -0.023783217574622102 0.0013117860370658787 0.041179968223946747 -0.00085853859341796304 0.0011645542615575136 0.0117038721590219 0.028967050287299276 -0.050593732939280142 0.056451171684371922 0.027668077063561308 0.054842289512910626 -0.0051977821985681677 -0.060625172595584753 -0.066047354578282438 -0.012034975756450015 0.0092238865320785172 0.062401919851177802 -0.0057678109825899226 0.033654128553410836 -0.021083800332622263 -0.021517799924674105 0.032442973985783448 -0.0067690195745793704 0.014320971970412773 -0.04048944157577565
leaf_weight=107 909 5385 491 162 76 9624 365 641 1341 275 132 1763 1147 10432 504 25419 2403 4744 701 231 178 91 91 792 77 85 1722 1538 135 11974 517 869 431 651 464 461 158
leaf_count=107 909 5385 491 162 76 9624 365 641 1341 275 132 1763 1147 10432 504 25419 2403 4744 701 231 178 91 91 792 77 85 1722 1538 135 11974 517 869 431 651 464 461 158
internal_value=0 -0.00203007 0.00656489 0.00242605 -0.0431171 0.011509 6.70966e-05 -0.00577367 -0.00592952 -0.0125905 -0.00627156 -0.0216015 -0.008456 0.00334114 0.0183236 0.00174605 -0.00152097 0.00140321 -5.80892e-05 0.00747241 -0.00552052 0.0228265 -0.0137007 -0.00489672 -0.0127997 -0.0110954 0.00207274 -0.00200549 0.0192055 -0.00328679 0.00366563 -0.00472459 0.0126537 0.00563091 0.0161252 -0.0170496 0.000330592
internal_weight=0 64888 22198 12083 238 10115 42195 9421 22693 6446 3789 2657 3682 11845 1413 32774 2535 32409 26120 6289 1545 346 1199 968 168 877 4036 3260 776 16247 4273 2210 2063 1546 1115 2382 619
internal_count=87086 64888 22198 12083 238 10115 42195 9421 22693 6446 3789 2657 3682 11845 1413 32774 2535 32409 26120 6289 1545 346 1199 968 168 877 4036 3260 776 16247 4273 2210 2063 1546 1115 2382 619
is_linear=0
shrinkage=0.0640495


Tree=68
num_leaves=38
num_cat=0
split_feature=7 11 1 0 8 11 11 6 6 8 8 7 7 6 11 11 11 11 8 7 6 11 8 1 7 8 8 11 0 11 6 7 7 11 7 7 6
split_gain=171.22 143.657 124.044 133.466 127.271 114.345 106.883 103.208 96.2537 90.1688 176.566 118.739 87.9841 87.1456 84.9869 89.5072 81.7794 141.912 85.348 80.9545 97.7203 145.366 103.289 87.5909 112.01 105.151 117.073 101.388 88.571 102.599 98.2431 87.6752 86.8702 115.614 177.787 172.474 88.5823
threshold=8.242422520269761 2.485941344448277 7.6195132788424278 9.5000000000000018 6.3917250241232066 0.54061507609818749 0.4561276614901662 491.00000000000006 443.00000000000006 7.9717007376844213 7.8944076018544109 9.8614210286008657 8.4255317736850852 533.00000000000011 1.9984160609121566 2.6441154546989658 -0.68586973745291868 -0.97868312599491414 6.9787620152284155 5.9386913719588668 437.00000000000006 -0.97868312599491414 7.3985454877724619 7.6195132788424278 5.6890640426824648 7.2336996336996346 8.4962399683478331 -1.0393213428170125 12.500000000000002 0.379415898124698 483.00000000000006 4.0962030443866464 6.8288034558369777 0.9952919124279519 8.0992347048985085 7.6330105738226459 413.00000000000006
decision_type=2 2 2 2 2 2 2 2 2 2 2 2 2 2 2 2 2 2 2 2 2 2 2 2 2 2 2 2 2 2 2 2 2 2 2 2 2
left_child=1 19 3 -2 8 6 13 -3 -5 10 11 12 -7 16 -4 -16 17 18 -6 23 21 -21 -22 25 31 -1 -27 -26 30 -30 -29 -25 -23 -34 35 36 -35
right_child=2 7 14 4 5 9 -8 -9 -10 -11 -12 -13 -14 -15 15 -17 -18 -19 -20 20 22 32 -24 24 27 26 -28 28 29 -31 -32 -33 33 34 -36 -37 -38
leaf_value=-0.0063622989160870089 -0.038623068325266206 0.021100920078125376 0.001365923990302755 -0.088672308462182672 -0.052487194343251761 0.056248899002328122 -0.038116642658553919 0.10569959208212892 -0.0096710217217423431 0.010782149502243391 0.11119545494223536 0.09640823694682614 0.013759135133097041 0.075533469854129232 -0.0422848624885694 0.02233421818413112 0.0040793847856057117 0.032714167293436382 0.0070205725863876356 -0.033659683304884433 -0.0052231678071595266 0.021833948369844227 0.0011031260908934452 -0.016914303428664818 -0.063814655178012464 -0.030510152608308611 0.020857560506256222 -0.0016581829614011889 0.027261315781467392 -0.025724785391811333 -0.051464033188538712 0.01302410447208103 0.0094761160352427737 0.01531679813611592 -0.09515704426871037 0.025486022866951143 -0.064457829433800143
leaf_weight=3639 236 312 16234 81 111 247 206 73 289 1476 110 94 1049 79 354 117 6094 1256 905 343 21483 1606 20875 493 154 1689 204 339 411 236 312 2157 3096 79 107 334 206
leaf_count=3639 236 312 16234 81 111 247 206 73 289 1476 110 94 1049 79 354 117 6094 1256 905 343 21483 1606 20875 493 154 1689 204 339 411 236 312 2157 3096 79 107 334 206
internal_value=0 -0.00185302 0.00417627 0.00907661 0.0100149 0.0111918 0.00746635 0.0371417 -0.0269659 0.0220212 0.0330805 0.0268987 0.0218571 0.00857827 0.000587768 -0.026233 0.00794601 0.0183171 0.000519232 -0.00211293 -0.00104015 0.00677878 -0.00210542 -0.00747227 -0.000380001 -0.0127312 -0.0249745 -0.0146784 -0.00884865 0.00793408 -0.0255283 0.00745443 0.00933412 0.00408171 -0.0189225 -0.00574468 -0.0423449
internal_weight=0 58148 28938 12233 11997 11627 8651 385 370 2976 1500 1390 1296 8445 16705 471 8366 2272 1016 57763 48129 5771 42358 9634 4102 5532 1893 1452 1298 647 651 2650 5428 3822 726 619 285
internal_count=87086 58148 28938 12233 11997 11627 8651 385 370 2976 1500 1390 1296 8445 16705 471 8366 2272 1016 57763 48129 5771 42358 9634 4102 5532 1893 1452 1298 647 651 2650 5428 3822 726 619 285
is_linear=0
shrinkage=0.0640495


Tree=69
num_leaves=38
num_cat=0
split_feature=7 11 1 0 11 11 11 6 7 11 11 7 11 7 0 6 6 7 6 11 6 1 7 11 0 11 6 6 7 7 7 11 7 7 6 6 6
split_gain=149.989 125.844 108.663 116.917 93.5917 101.119 130.31 90.4102 84.5894 76.8648 87.1035 77.522 75.3081 78.7221 74.71 72.4514 93.2449 70.9164 85.6033 127.341 77.393 76.7299 98.1214 88.8159 77.5885 89.8767 86.0613 83.3293 81.7238 76.8037 76.0985 101.278 155.742 153.878 111.598 109.421 88.1808
threshold=8.242422520269761 2.485941344448277 7.6195132788424278 9.5000000000000018 0.55378936400267842 -0.68586973745291868 -0.97868312599491414 491.00000000000006 10.133962264150945 -1.8468383406761342 -1.6514238655903182 10.207730467135182 2.1633738893808596 8.9265926249454051 13.500000000000002 475.00000000000006 481.00000000000006 5.9386913719588668 437.00000000000006 -0.97868312599491414 423.00000000000006 7.6195132788424278 5.6890640426824648 -1.0393213428170125 12.500000000000002 0.379415898124698 483.00000000000006 491.00000000000006 5.7271371221407223 4.0962030443866464 6.8288034558369777 0.9952919124279519 8.0992347048985085 7.6940919879955638 413.00000000000006 425.00000000000006 423.00000000000006
decision_type=2 2 2 2 2 2 2 2 2 2 2 2 2 2 2 2 2 2 2 2 2 2 2 2 2 2 2 2 2 2 2 2 2 2 2 2 2
left_child=1 17 3 -2 5 6 -5 14 -7 -4 -11 12 -12 -14 -3 -8 -17 21 19 20 -19 -1 29 -24 26 -26 28 -27 -25 -23 -21 -32 33 34 -33 -36 -35
right_child=2 7 9 4 -6 8 15 -9 -10 10 11 -13 13 -15 -16 16 -18 18 -20 30 -22 22 23 24 25 27 -28 -29 -30 -31 31 32 -34 36 35 -37 -38
leaf_value=-0.011915791248817661 -0.036149279984638946 -0.0096440237896613362 0.059581831427622745 0.00087710025581813839 0.019148608838697734 0.0039980591139027397 0.020118654440901589 0.098929582839789337 -0.024338505886761588 -0.062963166636929802 0.00017232137825889864 0.017837516535460535 -0.048329825352325856 0.013077047367051101 0.053169352906416681 0.11220235965548113 0.037657348211472354 0.013375060840184118 -0.0019705726978856745 0.020435494051713236 -0.052128972756023684 -0.015830950747089019 -0.059727356241899288 -0.018457139128632765 0.025515240689361438 -0.060867268471705316 -0.048167786035196287 0.015294784242861331 0.056948779201579029 0.012189916319892868 0.0088691749655491099 0.026680162350096445 -0.089062280298182764 -0.014597172970692405 -0.11528078318019856 -0.025698034294162998 0.058319193840717286
leaf_weight=5532 236 166 90 1082 3010 6121 872 73 465 89 15134 1002 263 127 146 85 362 108 42358 1606 235 493 154 263 411 122 312 114 76 2157 3096 89 107 113 86 160 171
leaf_count=5532 236 166 90 1082 3010 6121 872 73 465 89 15134 1002 263 127 146 85 362 108 42358 1606 235 493 154 263 411 122 312 114 76 2157 3096 89 107 113 86 160 171
internal_value=0 -0.00173434 0.00390878 0.00849525 0.00937348 0.00609952 0.0173518 0.0347628 0.00199738 0.000550122 0.000230359 0.000570685 -0.000543806 -0.0283332 0.0197494 0.0308663 0.0518326 -0.0019776 -0.000973526 0.0063446 -0.0315038 -0.00699368 -0.000355663 -0.0137382 -0.0082819 0.00742591 -0.0238932 -0.0240771 -0.00155198 0.00697698 0.00873628 0.00382028 -0.0177106 -0.00537673 -0.03478 -0.0570156 0.0293067
internal_weight=0 58148 28938 12233 11997 8987 2401 385 6586 16705 16615 16526 15524 390 312 1319 447 57763 48129 5771 343 9634 4102 1452 1298 647 651 236 339 2650 5428 3822 726 619 335 246 284
internal_count=87086 58148 28938 12233 11997 8987 2401 385 6586 16705 16615 16526 15524 390 312 1319 447 57763 48129 5771 343 9634 4102 1452 1298 647 651 236 339 2650 5428 3822 726 619 335 246 284
is_linear=0
shrinkage=0.0640495


Tree=70
num_leaves=38
num_cat=0
split_feature=10 7 7 11 10 10 11 11 8 8 7 11 11 11 8 11 7 8 7 8 8 7 8 11 7 7 11 8 8 11 11 11 11 11 11 7 11
split_gain=223.925 151.67 76.4176 88.3019 64.1357 109.969 95.2251 114.637 74.1479 91.6184 68.7571 63.5016 62.9785 56.0199 54.7518 61.2093 54.3467 53.6968 64.0513 47.5593 84.5163 62.9268 66.4589 143.6 121.468 61.0543 66.6611 57.7594 68.9945 49.948 47.2276 98.6313 81.1075 44.8464 84.7354 82.7005 52.8612
threshold=7.3095206087166948 6.5975751800084721 9.3471964543393131 -1.9391554377684914 11.500000000000002 7.8095206087166948 0.51110339884106015 0.23021231752163265 7.5053459119496866 7.1481692030537438 9.4816666666666674 1.5975450368276241 1.4978668889908853 -0.049630497620945131 8.7406597774244847 1.4615956989840002 10.009578544061304 9.9068376068376089 8.0992347048985085 6.4243421052631584 6.2349907584370756 6.4860767326732676 6.5827604726100981 -0.55203444771873811 5.7250858113811374 6.4577528837337956 0.23924416621024966 6.6199670385395546 6.593790707772472 -0.019959933744776764 -0.22598141579264003 -0.0314602928843917 -0.35894212785732194 2.6441154546989658 2.1633738893808596 8.5524319645079281 0.84798662565740357
decision_type=2 2 2 2 2 2 2 2 2 2 2 2 2 2 2 2 2 2 2 2 2 2 2 2 2 2 2 2 2 2 2 2 2 2 2 2 2
left_child=17 11 3 -3 5 10 7 16 9 -7 -4 12 19 -11 15 -8 -6 -1 -19 20 -2 22 23 -21 -25 27 -27 28 -24 -23 32 -32 -29 34 36 -36 -5
right_child=1 2 4 33 6 8 14 -9 -10 13 -12 -13 -14 -15 -16 -17 -18 18 -20 21 -22 29 25 24 -26 26 -28 30 -30 -31 31 -33 -34 -35 35 -37 -38
leaf_value=-0.0035264131257625804 -0.0075674382951214291 0.054525659033911274 0.047588888430610127 0.0026524452962056995 0.032769576666602372 -0.011499317085177657 0.071892413441086545 -0.049068971502871997 -0.010707019898036648 0.10170575887179401 0.01299359173461672 0.042963591830585401 -0.062363419208465269 0.02442606347121213 0.01580531074822869 0.010460538003069527 -2.3682770069897322e-06 0.073197730352957957 0.0049319526477585723 -0.043900060791794204 -0.050026722563506189 -0.070588355469647729 -0.0006052499116590192 0.013697753824724324 0.097493084086573742 0.030711157026372407 -0.023789824556397634 0.00042511740425604935 -0.090541255842497032 -0.013400142342784851 -0.060467972018508939 -0.0066115645370007246 0.056799931523376188 0.039107628476869848 -0.0054377673911638232 -0.074518335762498084 0.0095063873749998765
leaf_weight=38531 792 140 294 29992 496 150 294 115 1338 69 1188 111 80 87 189 86 357 80 191 98 254 95 69 188 114 385 121 1605 71 184 146 3133 112 145 201 110 5456
leaf_count=38531 792 140 294 29992 496 150 294 115 1338 69 1188 111 80 87 189 86 357 80 191 98 254 95 69 188 114 385 121 1605 71 184 146 3133 112 145 201 110 5456
internal_value=0 0.00320849 0.00475559 0.00375744 0.0124711 0.0072039 0.0231835 0.0109607 -0.00420202 0.0242414 0.0198566 -0.00512412 -0.00584088 0.0586075 0.0439775 0.0579894 0.0190538 -0.00332659 0.0250842 -0.00522709 -0.0178778 -0.00313364 -0.00176038 0.023468 0.0453291 -0.00354899 0.0176783 -0.00564031 -0.0462157 -0.0328728 -0.00450329 -0.00900956 0.00410245 0.00355948 0.00341534 -0.0298714 0.00370737
internal_weight=0 48265 40707 36044 4663 3126 1537 968 1644 306 1482 7558 7447 156 569 380 853 38802 271 7367 1046 6321 6042 400 302 5642 506 5136 140 279 4996 3279 1717 35904 35759 311 35448
internal_count=87067 48265 40707 36044 4663 3126 1537 968 1644 306 1482 7558 7447 156 569 380 853 38802 271 7367 1046 6321 6042 400 302 5642 506 5136 140 279 4996 3279 1717 35904 35759 311 35448
is_linear=0
shrinkage=0.0640495


Tree=71
num_leaves=38
num_cat=0
split_feature=10 7 0 6 0 1 0 6 0 1 6 1 0 0 8 8 7 6 8 7 6 7 7 6 7 7 10 7 7 6 6 0 6 8 10 8 7
split_gain=197.527 124.377 136.296 193.328 150.601 301.217 131.447 115.891 103.075 118.542 92.6044 91.8747 237.782 154.537 149.489 173.293 142.616 104.571 128.611 94.3757 83.0187 162.592 100.765 110.804 86.1647 84.599 82.0135 81.9408 143.384 131.62 131.063 81.2694 92.3181 81.0826 80.858 80.2592 106.731
threshold=6.5000000000000009 6.4034943328787106 11.500000000000002 451.00000000000006 10.500000000000002 7.6195132788424278 14.500000000000002 391.00000000000006 11.500000000000002 7.6195132788424278 483.00000000000006 7.6195132788424278 14.500000000000002 15.500000000000002 6.6199670385395546 6.5085137493514464 7.3058918482647304 441.00000000000006 9.2204441760601199 7.270293142763113 501.00000000000006 8.1106861719696166 7.7567841447284218 505.00000000000006 8.4583615627822955 9.3107979042733202 13.500000000000002 7.8630584729902404 7.9539072563331912 471.00000000000006 481.00000000000006 14.500000000000002 549.00000000000011 7.13818688981869 4.5000000000000009 7.1572434187264964 7.7329940417080447
decision_type=2 2 2 2 2 2 2 2 2 2 2 2 2 2 2 2 2 2 2 2 2 2 2 2 2 2 2 2 2 2 2 2 2 2 2 2 2
left_child=7 6 3 -3 20 26 10 -1 9 -9 -2 12 16 -14 15 34 19 -18 -19 -10 -5 22 23 -22 -23 -26 35 29 -29 -7 -31 -4 -33 -25 -13 36 -6
right_child=1 2 31 4 5 27 -8 8 11 -11 -12 14 13 -15 -16 -17 17 18 -20 -21 21 24 -24 33 25 -27 -28 28 -30 30 -32 32 -34 -35 -36 -37 -38
leaf_value=0.073907592385681273 -0.017868884303333856 0.017118643603739724 -0.0011402253933915495 -0.0060591212108766371 0.095764323997620124 -0.047360027818979182 0.010605797131989491 0.00011963287950328653 -0.018564147235564862 -0.014266782710116227 -0.00020164685911978994 -0.0024007851465659624 0.012416879539213764 -0.013319685459470527 0.00045639031520423607 0.065246436805872415 -0.023321999171833648 0.00072202195508467887 0.079395502045571414 -0.087537401517314192 0.075617154016702742 0.089174684296623036 -0.061622294075798584 -0.059665037265067868 0.0055219231447103442 0.065792836411705871 0.078675852247447109 0.073590052172159706 0.004443090934618572 0.052619989408105285 -0.012227907432869984 0.0065226154935502309 -0.061310436266200058 0.01044867883104289 0.046764648780241287 0.021933453920517161 0.014454438412049348
leaf_weight=79 2958 6485 19828 5518 160 318 1575 3659 4176 6566 2068 588 3751 1285 9267 319 780 2720 88 83 72 108 128 101 292 142 181 133 1640 163 593 9856 83 205 179 807 113
leaf_count=79 2958 6485 19828 5518 160 318 1575 3659 4176 6566 2068 588 3751 1285 9267 319 780 2720 88 83 72 108 128 101 292 142 181 133 1640 163 593 9856 83 205 179 807 113
internal_value=0 0.00269201 0.00384998 0.00839644 0.00309725 0.0127156 -0.00553992 -0.00357684 -0.00375977 -0.00911863 -0.0105995 -0.00140161 -0.00501203 0.00584986 0.0030911 0.0255735 -0.0119829 -0.00257538 0.00318757 -0.0199083 -0.00292047 0.0136054 -0.0125048 0.00412763 0.0379813 0.0252419 0.0387758 0.00117301 0.00963009 -0.0127882 0.00175385 0.0012292 0.00595615 -0.0126934 0.00907329 0.0320888 0.0621086
internal_weight=0 53527 46926 17159 10674 4108 6601 33540 33461 10225 5026 23236 12883 5036 10353 1086 7847 3588 2808 4259 6566 1048 506 378 542 434 1261 2847 1773 1074 756 29767 9939 306 767 1080 273
internal_count=87067 53527 46926 17159 10674 4108 6601 33540 33461 10225 5026 23236 12883 5036 10353 1086 7847 3588 2808 4259 6566 1048 506 378 542 434 1261 2847 1773 1074 756 29767 9939 306 767 1080 273
is_linear=0
shrinkage=0.0640495


Tree=72
num_leaves=38
num_cat=0
split_feature=0 0 8 11 11 6 6 8 11 6 11 8 6 11 8 8 8 8 8 8 8 8 11 11 8 8 11 11 8 11 6 8 6 6 0 0 1
split_gain=90.9375 121.795 168.191 144.808 128.788 138.385 109.495 102.211 97.0353 96.6358 108.464 96.7744 94.6779 106.296 87.9474 235.147 173.393 126.517 125.153 87.235 134.716 79.5097 79.4412 84.4432 80.7083 222.507 156.438 146.002 119.574 93.3361 117.005 83.6454 78.3957 70.2249 211.89 87.3774 123.994
threshold=14.500000000000002 15.500000000000002 9.9068376068376089 -1.3328459982997494 1.6514131487820507 473.00000000000006 467.00000000000006 6.3137839628893309 2.6441154546989658 487.00000000000006 0.56625364871757944 5.2994667415099643 527.00000000000011 0.27167616592775284 7.2172588206266974 7.1823775963809062 7.1278335872073226 6.4664575289575295 7.3273436157415377 7.0797513760900506 7.7402880224798043 7.4526895775466127 -1.3879996605992078 1.7373101823902763 7.9744877395819556 7.8024042950513541 0.36180959598510198 0.76540596573045117 8.4356324469076807 -1.2656630642006543 433.00000000000006 8.0760395878304099 499.00000000000006 451.00000000000006 11.500000000000002 10.500000000000002 7.6195132788424278
decision_type=2 2 2 2 2 2 2 2 2 2 2 2 2 2 2 2 2 2 2 2 2 2 2 2 2 2 2 2 2 2 2 2 2 2 2 2 2
left_child=7 2 9 -3 6 -6 -5 -1 12 11 -11 -2 33 -14 15 16 17 -12 -16 -15 -21 -20 -13 24 25 29 31 -28 -29 -24 -31 -26 -19 34 35 36 -9
right_child=1 3 -4 4 5 -7 -8 8 -10 10 14 22 13 19 18 -17 -18 32 21 20 -22 -23 23 -25 26 -27 27 28 -30 30 -32 -33 -34 -35 -36 -37 -38
leaf_value=-0.012899265540658192 -0.066889262233599922 0.046955746178172178 0.10907635492634259 0.0087441717324339887 -0.072982948913533643 0.00294183950123809 -0.0078512190103508794 -0.0080795969718861875 0.033125836702972325 0.0085579632440288631 -0.010252296791591967 0.037559165924778419 0.020702325422147679 -0.077335625769066149 -0.050549335104917319 0.14524156418534775 -0.047852517261291055 0.034075763427920056 0.085087924350092201 0.053412479948900131 -0.040022813938056886 0.016308479244176881 -0.050815358131202665 0.03701676094853909 -0.040267503196864493 0.06578574524923772 -0.11541229256571073 0.013710862692460897 -0.067352324388211357 0.039341853003468034 -0.0003055223971573217 0.011088395519004136 0.096059197369036731 -0.0024112999485802499 -0.0047070006790229674 0.016986420604769105 0.010997485637279864
leaf_weight=2784 82 237 67 2542 222 177 4551 2153 353 4284 115 264 1548 80 105 86 94 155 79 109 151 542 139 267 161 227 98 155 144 328 4423 678 182 42874 9127 3500 3984
leaf_count=2784 82 237 67 2542 222 177 4551 2153 353 4284 115 264 1548 80 105 86 94 155 79 109 151 542 139 267 161 227 98 155 144 328 4423 678 182 42874 9127 3500 3984
internal_value=0 0.00400087 0.00786508 -0.00233616 -0.00389545 -0.039302 -0.00190374 -0.000885815 -0.00036224 0.00732724 0.0135579 0.00228078 -0.000548325 0.0135799 0.0293311 0.0468009 0.0312955 0.0477555 0.0141232 -0.018848 -0.000851864 0.0250582 0.00310471 0.0017307 0.000247716 0.00379575 -0.014441 -0.0475666 -0.0253296 0.000918092 0.00243166 0.00123345 0.0675505 -0.00098108 0.00228684 0.00891056 0.00430481
internal_weight=0 20404 12675 7729 7492 399 7093 66663 63879 12608 5642 6966 63526 1888 1358 632 546 452 726 340 260 621 6884 6620 6353 5117 1236 397 299 4890 4751 839 337 61638 18764 9637 6137
internal_count=87067 20404 12675 7729 7492 399 7093 66663 63879 12608 5642 6966 63526 1888 1358 632 546 452 726 340 260 621 6884 6620 6353 5117 1236 397 299 4890 4751 839 337 61638 18764 9637 6137
is_linear=0
shrinkage=0.0640495


Tree=73
num_leaves=38
num_cat=0
split_feature=10 0 7 0 8 6 0 7 6 6 0 10 8 10 10 7 7 6 10 7 6 7 8 7 8 8 8 7 7 7 0 8 6 10 7 6 8
split_gain=171.497 124.657 134.203 140.576 151.018 121.384 101.933 119.054 99.5467 90.4656 89.9615 89.7589 85.4724 84.9535 77.1734 123.897 76.6697 75.6272 111.362 74.7434 73.3049 101.354 89.524 93.9357 77.8578 70.0447 84.5041 84.8103 69.4044 73.7468 69.0604 68.6329 67.7884 102.132 130.078 90.2857 92.8944
threshold=7.3095206087166948 11.500000000000002 6.1949399148569286 9.5000000000000018 7.9841695306590958 451.00000000000006 14.500000000000002 4.3781138790035596 435.00000000000006 549.00000000000011 13.500000000000002 15.500000000000002 8.0985446760823869 2.5000000000000004 16.500000000000004 8.1391722529874695 10.578520337354545 507.00000000000006 11.500000000000002 4.1561054579093435 501.00000000000006 6.4860767326732676 6.4243421052631584 9.3107979042733202 8.4838790548905845 7.4797373407727141 6.3917250241232066 7.8713247679485541 5.7271371221407223 6.8776650189377717 10.500000000000002 6.6631205673758878 459.00000000000006 8.5000000000000018 6.4860767326732676 429.00000000000006 6.5375285706243327
decision_type=2 2 2 2 2 2 2 2 2 2 2 2 2 2 2 2 2 2 2 2 2 2 2 2 2 2 2 2 2 2 2 2 2 2 2 2 2
left_child=10 2 8 4 31 -5 7 -3 -2 17 13 20 -6 25 16 -16 32 -8 28 -12 -7 30 -23 24 -24 26 27 -1 -19 -30 -22 -4 33 -9 -35 -36 -37
right_child=1 6 3 5 12 11 9 14 -10 -11 19 -13 -14 -15 15 -17 -18 18 -20 -21 21 22 23 -25 -26 -27 -28 -29 29 -31 -32 -33 -34 34 35 36 -38
leaf_value=-0.020502252166661909 -0.063770386322240774 -0.03634117300406825 0.028694797239167822 0.018818513000277537 0.070013376763044255 0.0023791818753943791 0.0035667130156348927 -0.013891915578804917 -0.0057421583274399378 -0.062323241091248947 -0.018804212346398015 0.038072978403476447 0.006320193745322885 -0.0032858345266815973 -0.090343602283734767 0.01673645001577467 0.042127097456071877 0.047850062517595701 0.039468370904335012 0.0017535006401997334 0.02131091004544694 -0.059227008126147507 0.016613503788485858 0.058520913412731745 -0.028007247103981361 -0.021232703454032196 -0.0023335370172392939 -0.097999013875718563 -0.029978651439152661 0.010396754534504445 0.11023695113133782 -0.027119567302045029 0.0013346595727244119 -0.03663316550234174 0.022290088358608472 0.056306348767719477 -0.0042227615017719905
leaf_weight=428 132 413 99 5208 100 6980 8475 3727 1493 80 762 355 637 17309 101 79 166 140 640 15159 67 68 1002 185 191 2211 2866 67 254 689 77 1038 12241 338 907 109 2274
leaf_count=428 132 413 99 5208 100 6980 8475 3727 1493 80 762 355 637 17309 101 79 166 140 640 15159 67 68 1002 185 191 2211 2866 67 254 689 77 1038 12241 338 907 109 2274
internal_value=0 0.00279152 0.00708195 0.00886236 -0.00762114 0.011048 0.000321992 -0.00230341 -0.0104558 0.00552146 -0.00292759 0.00651372 0.0149624 -0.00550015 -0.00159849 -0.0433474 -0.00121823 0.00605368 0.0182864 0.000769581 0.00520642 0.0176178 0.0125147 0.0160549 0.0094697 -0.0123787 -0.00655424 -0.0309917 0.00576897 -0.000478487 0.0688616 -0.0222597 -0.00158541 -0.00644531 0.0012045 0.00509178 -0.00145412
internal_weight=0 48265 17632 16007 1874 14133 30633 20355 1625 10278 38802 8925 737 22881 19942 180 19762 10198 1723 15921 8570 1590 1446 1378 1193 5572 3361 495 1083 943 144 1137 19596 7355 3628 3290 2383
internal_count=87067 48265 17632 16007 1874 14133 30633 20355 1625 10278 38802 8925 737 22881 19942 180 19762 10198 1723 15921 8570 1590 1446 1378 1193 5572 3361 495 1083 943 144 1137 19596 7355 3628 3290 2383
is_linear=0
shrinkage=0.0640495


Tree=74
num_leaves=38
num_cat=0
split_feature=10 10 11 6 8 11 11 11 10 6 8 6 11 8 11 8 1 10 11 6 11 6 8 8 8 11 11 8 8 10 8 11 6 8 8 6 11
split_gain=151.614 81.6823 120.402 93.3715 75.4406 90.7011 75.36 68.6454 80.7684 93.1051 102.604 78.878 63.6168 91.8403 78.3032 86.7939 63.4397 100.337 63.2163 71.6145 66.9563 88.3905 64.5726 62.1448 75.2983 92.6033 61.903 71.1424 59.1968 59.0261 61.3321 55.2204 52.0617 57.6317 110.681 82.3073 118.97
threshold=4.5000000000000009 12.500000000000002 -1.2656630642006543 501.00000000000006 8.0628775000904209 0.053316241292160671 1.1049596122186494 0.14388351285342607 10.500000000000002 511.00000000000006 7.9116347018279898 509.00000000000006 -1.4138345662614997 8.2540279365267875 -1.4782289744364718 7.1870690884669619 7.6195132788424278 9.5000000000000018 -1.0238291873062908 529.00000000000011 -1.0732367229190538 497.00000000000006 6.3917250241232066 7.8343577242547999 7.7402880224798043 -0.67290478874379611 -1.3127955598683403 7.1823775963809062 8.1955959278931285 3.5000000000000004 6.8605188340293486 -1.2988424697965353 399.00000000000006 8.2109701346867094 8.2923959357587691 541.00000000000011 -0.53747780328808226
decision_type=2 2 2 2 2 2 2 2 2 2 2 2 2 2 2 2 2 2 2 2 2 2 2 2 2 2 2 2 2 2 2 2 2 2 2 2 2
left_child=12 3 26 -2 5 23 16 -7 9 -9 -11 -10 13 14 -1 -16 17 -6 19 20 22 -22 -14 24 -5 -26 27 -3 -18 30 -24 -31 -20 35 -35 -34 -37
right_child=1 2 -4 4 6 7 -8 8 11 10 -12 -13 18 -15 15 -17 28 -19 32 -21 21 -23 29 -25 25 -27 -28 -29 -30 31 -32 -33 33 34 -36 36 -38
leaf_value=-0.007694759464508677 -0.00031781634583993374 -0.051672809410828004 0.0088246512005254931 0.0083261081729108215 0.053285896672341966 -0.067297165148235444 0.05853979718199262 0.0062724581412908478 -0.020006632858225598 -0.020928470390554336 -0.10221371268028502 0.048015544601155584 -0.054553379516206903 0.047206079234049833 0.094670990162177532 -0.0032052690486676283 0.042486641225790468 -0.018027501086798535 0.046534183836437176 0.046586540381466209 -0.062584120418776881 0.014068320926974996 0.023215797715998351 -0.013527371821211656 -0.00091186536584796606 0.078877224758822279 -0.075798162839114905 0.002890517013419061 0.001388722556293956 -0.021535228637731559 -0.02526110465021442 0.042034746279514694 -0.0033780461269752372 -0.053270341614111406 -0.0088027385679683504 -0.018712110788705487 0.081258432549851961
leaf_weight=701 45802 140 9439 4452 323 80 174 537 110 620 71 192 134 226 71 78 166 108 83 68 270 80 131 500 104 140 76 327 1074 86 586 161 16920 252 2586 86 113
leaf_count=701 45802 140 9439 4452 323 80 174 537 110 620 71 192 134 226 71 78 166 108 83 68 270 80 131 500 104 140 76 327 1074 86 586 161 16920 252 2586 86 113
internal_value=0 0.00181122 0.00713747 0.000834849 0.00693754 0.0038234 0.0184252 -0.00945965 -0.00643546 -0.0137333 -0.0292805 0.0232393 -0.0042826 0.0109165 0.00126777 0.0434338 0.0142481 0.0354162 -0.00504128 -0.0176522 -0.0206689 -0.0450636 -0.0128928 0.00793921 0.0102248 0.0448688 -0.0221909 -0.0134668 0.00689054 -0.00710184 -0.0164041 0.0199011 -0.00408729 -0.00429782 -0.0127512 -0.00289641 0.0380551
internal_weight=0 64435 9982 54453 8651 6806 1845 1610 1530 1228 691 302 22632 1076 850 149 1671 431 21556 1516 1448 350 1098 5196 4696 244 543 467 1240 964 717 247 20040 19957 2838 17119 199
internal_count=87067 64435 9982 54453 8651 6806 1845 1610 1530 1228 691 302 22632 1076 850 149 1671 431 21556 1516 1448 350 1098 5196 4696 244 543 467 1240 964 717 247 20040 19957 2838 17119 199
is_linear=0
shrinkage=0.0640495


Tree=75
num_leaves=38
num_cat=0
split_feature=8 10 7 6 6 8 6 10 6 6 10 8 8 7 7 6 7 7 6 10 8 6 7 7 7 7 6 10 6 7 8 8 7 6 6 7 7
split_gain=158.877 132.449 76.7657 135.794 70.0685 74.8211 69.9392 105.205 68.401 67.9193 66.4103 63.7043 96.8036 89.1832 83.8649 93.4543 89.4981 76.2733 75.8068 72.1273 72.4593 103.494 66.8123 97.9597 61.2752 83.1415 57.9551 55.6011 150.286 107.471 96.4513 54.084 53.9535 51.6864 63.3593 57.6787 51.1563
threshold=10.751467710371822 10.500000000000002 10.780769230769232 475.00000000000006 541.00000000000011 8.3267392085487995 391.00000000000006 7.8095206087166948 383.00000000000006 539.00000000000011 7.3095206087166948 6.3917250241232066 6.5687351093783848 8.4960526315789497 5.6780753968253981 457.00000000000006 5.7076156299840521 8.1958395245170887 479.00000000000006 3.5000000000000004 8.7406597774244847 461.00000000000006 8.4960526315789497 7.6330105738226459 9.4103938907515943 8.6882800389919641 485.00000000000006 4.5000000000000009 479.00000000000006 6.4577528837337956 6.5375285706243327 8.7150620129180947 8.7617098531110766 549.00000000000011 533.00000000000011 4.0962030443866464 10.370786516853935
decision_type=2 2 2 2 2 2 2 2 2 2 2 2 2 2 2 2 2 2 2 2 2 2 2 2 2 2 2 2 2 2 2 2 2 2 2 2 2
left_child=1 2 4 -4 6 32 7 8 -1 11 -7 24 13 14 15 -13 -16 27 -15 20 31 -22 23 -23 25 -8 -17 28 29 -18 -30 -14 -6 34 35 -3 -37
right_child=-2 33 3 -5 5 10 9 -9 -10 -11 -12 12 19 18 16 26 17 -19 -20 -21 21 22 -24 -25 -26 -27 -28 -29 30 -31 -32 -33 -34 -35 -36 36 -38
leaf_value=0.016935956092315279 0.098520383060732117 -0.04900813251179191 0.093778718912992748 -0.02459916257787859 0.032249178507012553 -0.068843880381150468 -0.0093140930033172413 -0.032441704394749221 0.086234341530444805 -0.044785412886751197 0.0187592392074146 0.042563507797484447 -0.0062339420683305384 -0.073701583980378141 0.084902718969160726 -0.070654450450425538 0.067631707822576229 0.083781139789844458 0.015748169095867872 -0.00051672075076307814 -0.016669815402262769 0.054474027398867336 0.077289792143949099 -0.033885947690367409 -0.051328059719482823 0.044748932076180484 -0.0094426676312701196 0.0052742336517162388 0.038149764517576339 -0.019066396769870767 0.11761926620107087 -0.048895261410110843 -0.02793891764708737 -0.035284098261553369 0.033796789971769083 0.0042813118224579502 0.026808763183723071
leaf_weight=121 67 82 92 70 602 71 4236 86 113 151 71 95 13731 89 86 98 76 69 69 46657 225 124 122 88 137 120 180 953 192 257 93 123 68 131 310 16746 424
leaf_count=121 67 82 92 70 602 71 4236 86 113 151 71 95 13731 89 86 98 76 69 69 46657 225 124 122 88 137 120 180 953 192 257 93 123 68 131 310 16746 424
internal_value=0 -0.000147475 -0.00141084 0.0426278 -0.00151408 0.0171898 -0.00173648 0.0281367 0.0504006 -0.00187712 -0.0250423 -0.00178158 -0.00125871 0.0117674 0.0152605 -0.0122796 0.0212121 0.0178723 -0.0346381 -0.00174013 -0.00570047 0.0169078 0.0395275 0.0177963 -0.00915125 -0.00782475 -0.0310209 0.0149775 0.0299406 0.000720558 0.0640819 -0.0066127 0.0261405 0.00479839 0.00509738 0.00458168 0.00483761
internal_weight=0 86958 69265 162 69103 812 68291 320 234 67971 142 67820 63327 2257 2099 373 1726 1640 158 61070 14413 559 334 212 4493 4356 278 1571 618 333 285 13854 670 17693 17562 17252 17170
internal_count=87025 86958 69265 162 69103 812 68291 320 234 67971 142 67820 63327 2257 2099 373 1726 1640 158 61070 14413 559 334 212 4493 4356 278 1571 618 333 285 13854 670 17693 17562 17252 17170
is_linear=0
shrinkage=0.0640495


Tree=76
num_leaves=38
num_cat=0
split_feature=8 10 11 11 8 0 0 11 10 10 11 11 11 11 10 1 0 11 8 8 8 11 11 11 1 1 0 8 11 11 11 11 8 8 11 11 8
split_gain=139.176 116.026 76.5211 177.515 82.283 76.4348 171.974 134.067 119.089 95.6077 110.617 90.8491 88.6443 116.947 86.3003 117.785 121.872 79.452 76.1925 71.006 121.016 71.4174 94.7251 69.3563 66.2266 65.998 99.4147 66.8933 66.468 64.2261 60.0767 73.9702 60.2675 83.0778 73.9102 58.8432 71.9294
threshold=10.751467710371822 10.500000000000002 -1.4477954272585394 -1.2656630642006543 7.9291598023064251 14.500000000000002 15.500000000000002 1.3358494873934255 2.5000000000000004 2.5000000000000004 -1.3328459982997494 1.5793802258642813 -1.0510038753468349 -0.86268125848232147 1.5000000000000002 7.6195132788424278 11.500000000000002 -1.3328459982997494 8.2858319460264624 8.4356324469076807 7.807363790586658 1.5793802258642813 1.9984160609121566 2.820113275186007 7.6195132788424278 7.6195132788424278 13.500000000000002 8.1611061565669569 -1.0732367229190538 1.4433737494779446 1.2332822534011452 1.0487167347901585 7.9239253624966421 7.0116314976839949 -0.47656417104844667 -0.45242272007108764 8.3381646655231574
decision_type=2 2 2 2 2 2 2 2 2 2 2 2 2 2 2 2 2 2 2 2 2 2 2 2 2 2 2 2 2 2 2 2 2 2 2 2 2
left_child=1 5 -3 4 -4 9 7 -7 24 10 -1 17 25 -14 15 35 -17 -8 -6 20 21 -10 -23 -15 29 28 -27 -28 -11 -9 31 32 33 34 -18 -12 -37
right_child=-2 2 3 -5 18 6 11 8 19 12 14 -13 13 23 -16 16 30 -19 -20 -21 -22 22 -24 -25 -26 26 27 -29 -30 -31 -32 -33 -34 -35 -36 36 -38
leaf_value=0.020438506215106296 0.092210198349240838 0.029933804833129928 -0.048090050448281671 0.0050302988938077343 0.050882610404598939 0.0049625721977235868 0.039906783895268597 -0.03021265090081799 0.054991074826570195 -0.01535606398358284 -0.00030154150403156215 -0.033128199129011923 0.012820170996029171 -0.0015431935470663685 -0.017267401944511079 -0.022978665155937685 0.062287496901758867 -0.0050911452164952272 -0.027999689792811963 -0.0075981886133156514 0.11027150520674957 -0.017040068352760705 0.072040647891147086 0.046433590554335193 -0.037928574811602292 -0.0091030414784681081 0.048467747590505816 -0.01842018234205928 -0.061973949183351279 0.039362782797627345 -0.01841561926404842 0.072676701107997829 0.049791955526881496 -0.0062839743073603588 -0.001678126212824399 -0.031648934298753928 0.037338422845838194
leaf_weight=487 67 472 386 16620 80 8755 166 79 370 1971 578 468 2527 39365 4056 383 182 5315 135 105 111 163 70 124 134 1249 235 83 134 175 160 113 196 488 125 831 67
leaf_count=487 67 472 386 16620 80 8755 166 79 370 1971 578 468 2527 39365 4056 383 182 5315 135 105 111 163 70 124 134 1249 235 83 134 175 160 113 196 488 125 831 67
internal_value=0 -0.00013803 0.00449105 0.00379371 -0.0304028 -0.00132048 0.0025757 0.00772143 0.0277329 -0.00248238 -0.00910143 -0.00604117 -0.00137177 -0.000537735 -0.0111053 -0.00310232 0.00867295 -0.00372832 0.00135186 0.0415804 0.0488125 0.0374992 0.00972238 -0.00139254 -0.00149676 -0.010915 -0.000962765 0.0310096 -0.0183237 0.0177232 0.0182636 0.0235794 0.017981 0.0101383 0.0362429 -0.0162418 -0.0265018
internal_weight=0 86958 17693 17221 601 69265 15911 9962 1207 53354 7666 5949 45688 42016 7179 3123 1647 5481 215 819 714 603 233 39489 388 3672 1567 318 2105 254 1264 1104 991 795 307 1476 898
internal_count=87025 86958 17693 17221 601 69265 15911 9962 1207 53354 7666 5949 45688 42016 7179 3123 1647 5481 215 819 714 603 233 39489 388 3672 1567 318 2105 254 1264 1104 991 795 307 1476 898
is_linear=0
shrinkage=0.0640495


Tree=77
num_leaves=38
num_cat=0
split_feature=10 0 0 7 11 6 7 6 11 11 6 11 7 11 6 10 11 6 11 11 11 7 6 11 10 11 7 6 6 7 7 11 7 11 11 0 11
split_gain=100.653 71.293 154.781 157.955 118.407 114.751 112.779 95.8653 156.488 175.11 93.6152 93.3544 91.62 86.4352 104.934 82.8591 96.4024 86.2189 106.484 81.8142 95.343 91.4423 78.4192 90.8625 95.2774 128.712 101.605 85.8084 82.0461 79.0854 94.2264 68.2104 112.784 125.655 139.898 88.1472 140.881
threshold=10.500000000000002 14.500000000000002 15.500000000000002 8.5524319645079281 1.7373101823902763 433.00000000000006 8.5359977324263063 457.00000000000006 1.5118471148718469 1.3679584899547421 443.00000000000006 0.80929473469693758 10.207730467135182 0.82726858612629417 459.00000000000006 2.5000000000000004 -1.3328459982997494 527.00000000000011 0.12830511036513664 -1.0510038753468349 -0.86268125848232147 10.780769230769232 495.00000000000006 -1.0393213428170125 1.5000000000000002 -0.50012583383776532 9.4193446949779904 419.00000000000006 477.00000000000006 8.8376470588235314 8.4583615627822955 0.33244231066623897 10.370786516853935 1.1809250355447687 1.2433309458161206 12.500000000000002 -1.8468383406761342
decision_type=2 2 2 2 2 2 2 2 2 2 2 2 2 2 2 2 2 2 2 2 2 2 2 2 2 2 2 2 2 2 2 2 2 2 2 2 2
left_child=1 15 3 4 5 11 -7 8 9 -4 -10 -3 -9 -5 -15 16 -1 19 -19 -17 -21 -22 23 -18 25 -25 27 -26 -29 30 -24 35 33 -33 -35 -2 -37
right_child=31 2 7 13 -6 6 -8 12 10 -11 -12 -13 -14 14 -16 17 22 18 -20 20 21 -23 29 24 26 -27 -28 28 -30 -31 -32 32 -34 34 -36 36 -38
leaf_value=0.01912942843975941 0.0069234497978677484 0.05590301828531697 0.01153543533000218 0.020346083502820064 0.047640769398265725 0.0027790217177408819 -0.058046756544901851 -0.0089567435391534854 -0.092135239333210647 0.11805270551300051 -0.00099916418814168244 -0.028320460467685077 -0.082803302994719719 -0.0065914822312515007 0.086381383273351278 -0.011157770778528095 -0.044128245816348506 0.022485726191966746 -0.023360738610077179 0.01141854013211537 -0.0018954423145279152 0.053872176681955763 -0.023587768889198349 0.0258862581717581 0.043519910783577719 -0.006182598467350405 0.059870525974574922 -0.023204865646854159 0.00087532156270337942 -0.07422187967739588 0.032408153781892803 0.015249031262099831 0.059018939176305941 -0.0451850180807871 0.002287152876995875 0.078373288715084269 -0.0056958386187917053
leaf_weight=487 5561 278 1151 845 255 8144 127 4478 91 67 94 67 70 67 194 3493 253 1164 253 2408 38282 121 1420 794 102 1453 78 2017 815 113 135 3862 183 288 2200 83 5532
leaf_count=487 5561 278 1151 845 255 8144 127 4478 91 67 94 67 70 67 194 3493 253 1164 253 2408 38282 121 1420 794 102 1453 78 2017 815 113 135 3862 183 288 2200 83 5532
internal_value=0 -0.00116365 0.00259701 0.00747331 0.00462771 0.00335469 0.00184505 -0.00557821 0.00905815 0.0173948 -0.0458283 0.0395466 -0.0100933 0.0302973 0.0625148 -0.00228562 -0.00844744 -0.00125233 0.0143 -0.00174975 -0.000944523 -0.00171973 -0.0103179 -0.0066357 -0.00483201 0.00514925 -0.0122782 -0.0141962 -0.016275 -0.022486 -0.0187264 0.00424686 0.00944599 0.00801736 -0.00320802 0.00120767 -0.00445314
internal_weight=0 69316 15928 9977 8871 8616 8271 5951 1403 1218 185 345 4548 1106 261 53388 7667 45721 1417 44304 40811 38403 7180 5512 5259 2247 3012 2934 2832 1668 1555 17709 6533 6350 2488 11176 5615
internal_count=87025 69316 15928 9977 8871 8616 8271 5951 1403 1218 185 345 4548 1106 261 53388 7667 45721 1417 44304 40811 38403 7180 5512 5259 2247 3012 2934 2832 1668 1555 17709 6533 6350 2488 11176 5615
is_linear=0
shrinkage=0.0640495


Tree=78
num_leaves=38
num_cat=0
split_feature=10 11 11 6 7 7 6 10 6 6 6 7 11 10 6 7 6 10 7 6 11 6 6 6 11 7 11 6 7 10 11 7 11 6 11 11 11
split_gain=88.1723 63.3575 146.329 77.6315 77.1437 98.7686 59.7211 91.926 60.0358 58.8524 61.2994 58.751 88.9032 116.222 55.8156 54.5008 81.1625 53.6934 50.322 99.4359 50.1074 56.4382 48.8484 94.6087 167.239 119.275 65.508 76.3895 67.4739 49.5686 50.2495 118.244 100.202 45.034 48.7958 48.3388 133.317
threshold=10.500000000000002 -1.4477954272585394 -1.2353086322459708 551.00000000000011 6.691934374886416 6.9573650195233618 391.00000000000006 7.8095206087166948 383.00000000000006 541.00000000000011 539.00000000000011 4.1561054579093435 0.053316241292160671 3.5000000000000004 461.00000000000006 7.4783359914938865 489.00000000000006 11.500000000000002 10.780769230769232 475.00000000000006 2.485941344448277 465.00000000000006 523.00000000000011 517.00000000000011 0.4561276614901662 7.0559823193659854 -1.0859781222493761 459.00000000000006 6.6989633749303552 14.500000000000002 -0.087539220166836768 8.1677565217391326 -0.79918858033056706 397.00000000000006 0.34547497469346417 1.1809250355447687 0.91653124705791045
decision_type=2 2 2 2 2 2 2 2 2 2 2 2 2 2 2 2 2 2 2 2 2 2 2 2 2 2 2 2 2 2 2 2 2 2 2 2 2
left_child=6 15 4 20 -3 -6 7 8 -1 10 11 12 -8 -14 -15 16 -2 -17 -13 -20 22 -22 23 26 25 -25 27 -4 -29 30 32 -32 -24 34 -28 36 -35
right_child=1 2 3 -5 5 -7 9 -9 -10 -11 -12 18 13 14 -16 17 -18 -19 19 -21 21 -23 29 24 -26 -27 33 28 -30 -31 31 -33 -34 35 -36 -37 -38
leaf_value=0.016125349651669747 -0.031008581577212153 -0.070539004906473093 0.077770396024750582 -0.053554063856794863 0.050720547638682431 -0.027805300442696784 -0.020142057894689185 -0.030260597108623419 0.080792771659843984 0.015913295749245059 -0.042185578044482558 -0.0010813745487055001 -0.012734638373275577 0.088353332466759429 0.022135651080009842 0.091602797322809321 0.049429174088157363 0.02790237047165274 0.075863095905239583 -0.022881009961684823 0.077026189626442546 -0.0010575102374053146 0.034933641370518895 -0.12847388030291745 0.038391109737067157 -0.029205886456966822 0.00012832304005428371 0.06676446386228288 -0.0030105992735239263 0.055110668944829182 0.069278018450046039 -0.031720491948292094 -0.039624854959122761 0.0026184909803847701 0.064350795656773666 -0.005189360130511236 0.023646212755767247
leaf_weight=123 122 132 102 94 78 417 1520 86 113 813 151 65706 397 78 158 77 89 184 98 73 83 70 139 72 102 160 91 75 235 142 144 71 158 11101 104 2275 1392
leaf_count=123 122 132 102 94 78 417 1520 86 113 813 151 65706 397 78 158 77 89 184 98 73 83 70 139 72 102 160 91 75 235 142 144 71 158 11101 104 2275 1392
internal_value=0 0.00397485 0.00334089 0.00448746 -0.0270331 -0.0154315 -0.00108911 0.0264304 0.047089 -0.00121755 -0.00142182 -0.00133134 -0.011743 0.0084255 0.0440212 0.0271263 0.00292014 0.0466952 -0.000991067 0.0337092 0.0048178 0.0413016 0.00447666 0.00376262 -0.0299616 -0.0600132 0.00449523 0.0296904 0.0138705 0.0216279 0.0123417 0.035925 -0.00473047 0.00380149 0.0343803 0.00339772 0.00496145
internal_weight=0 17709 17237 16610 627 495 69316 322 236 68994 68181 68030 2153 633 236 472 211 261 65877 171 16516 153 16363 15709 334 232 15375 412 310 654 512 215 297 14963 195 14768 12493
internal_count=87025 17709 17237 16610 627 495 69316 322 236 68994 68181 68030 2153 633 236 472 211 261 65877 171 16516 153 16363 15709 334 232 15375 412 310 654 512 215 297 14963 195 14768 12493
is_linear=0
shrinkage=0.0640495


Tree=79
num_leaves=38
num_cat=0
split_feature=8 10 0 7 11 7 7 11 0 6 11 7 7 8 11 11 0 7 11 6 11 11 6 10 10 11 6 11 8 7 7 8 6 6 7 7 8
split_gain=118.874 78.0895 71.3086 122.34 96.967 86.4062 73.9113 91.7567 83.0423 74.9568 86.6111 114.183 77.1833 68.4077 75.9434 146.973 126.213 126.185 90.46 93.7346 94.4597 89.5809 86.7644 82.6341 87.1606 77.3244 86.9662 79.3113 71.7065 85.6331 69.703 68.4962 105.053 75.2479 67.8611 90.1622 84.4378
threshold=10.751467710371822 10.500000000000002 10.500000000000002 10.925595238095239 1.9008441617411609 8.5767622686181682 10.454119850187267 1.7373101823902763 9.5000000000000018 447.00000000000006 -0.84082575549096228 5.7076156299840521 8.4255317736850852 6.3137839628893309 1.7878345068563493 1.5793802258642813 15.500000000000002 8.0097202166065014 1.3358494873934255 429.00000000000006 1.4073077586230505 1.8407303951908018 513.00000000000011 2.5000000000000004 8.5000000000000018 1.4615956989840002 479.00000000000006 1.5118471148718469 6.2349907584370756 9.2103015278488876 4.3781138790035596 7.9841695306590958 463.00000000000006 489.00000000000006 5.8784722222222232 6.4860767326732676 7.5053459119496866
decision_type=2 2 2 2 2 2 2 2 2 2 2 2 2 2 2 2 2 2 2 2 2 2 2 2 2 2 2 2 2 2 2 2 2 2 2 2 2
left_child=1 2 4 13 6 -6 7 9 -9 34 11 -11 -13 28 15 18 21 -18 30 -20 23 -16 -17 -21 31 26 -22 -27 29 -4 -15 32 -25 -34 36 -36 -1
right_child=-2 -3 3 -5 5 -7 -8 8 -10 10 -12 12 -14 14 16 22 17 -19 19 20 25 -23 -24 24 -26 27 -28 -29 -30 -31 -32 -33 33 -35 35 -37 -38
leaf_value=0.0017605531097498015 0.085226567622726873 0.0036770542652230058 -0.004506241492358439 0.071451625716043257 -0.053972072729695605 0.0076990131051684358 -0.042848733765842535 -0.020318357092442719 0.065467740958250129 -0.051569898474743962 -0.0099043612490684971 0.02162547612591088 -0.011944169949608299 -0.014219431283612648 0.081691180921043424 -0.019316057214080737 0.024363738117107056 -0.068050625177600063 -0.038401969991363333 -0.0088047246986878679 0.011014828570190521 0.018520507527116498 -0.090287342215087121 0.15353630313014166 0.00074470525610801904 0.037992361487152938 -0.049924585768994008 0.0038881341305566871 -0.039642486876601518 -0.075205342741445344 0.00029447587980469783 0.019253374781730895 0.022749458338543659 0.10864817748652715 0.046186818982677735 0.0031706932414889404 -0.071739573671646489
leaf_weight=160 67 17693 2946 98 301 135 200 68 145 126 8106 992 392 1399 101 859 110 135 137 115 213 1044 77 68 102 442 175 762 288 72 45673 85 98 73 213 3248 107
leaf_count=160 67 17693 2946 98 301 135 200 68 145 126 8106 992 392 1399 101 859 110 135 137 115 213 1044 77 68 102 442 175 762 288 72 45673 85 98 73 213 3248 107
internal_value=0 -0.000120585 -0.00109065 -4.7369e-05 -0.00513882 -0.0348767 -0.00419634 -0.00362612 0.0380806 -0.00429185 -0.0072808 0.00680301 0.0121173 -0.000174827 0.000396691 -1.15986e-05 0.015165 -0.0265585 0.000465353 0.0129537 0.0162522 0.0240928 -0.0251545 0.0393737 0.0523796 0.00839494 -0.0164707 0.0164081 -0.00910684 -0.0061929 -0.000136884 0.0686351 0.0861976 0.0594197 0.00341785 0.00581803 -0.0276946
internal_weight=0 86958 69265 55072 14193 436 13757 13557 213 13344 9616 1510 1384 54974 51668 50278 1390 245 49342 2270 2133 1145 936 541 426 1592 388 1204 3306 3018 47072 324 239 171 3728 3461 267
internal_count=87025 86958 69265 55072 14193 436 13757 13557 213 13344 9616 1510 1384 54974 51668 50278 1390 245 49342 2270 2133 1145 936 541 426 1592 388 1204 3306 3018 47072 324 239 171 3728 3461 267
is_linear=0
shrinkage=0.0640495


Tree=80
num_leaves=38
num_cat=0
split_feature=10 7 11 10 10 8 7 11 7 7 8 8 8 11 8 11 8 10 8 7 8 8 7 1 8 7 8 8 8 8 8 7 7 8 7 8 8
split_gain=105.822 111.648 112.002 105.786 105.483 68.5464 157.702 123.386 76.6238 93.8641 95.5992 66.8522 88.3953 112.962 101.714 109.82 64.8318 59.292 60.2771 57.5074 84.6518 72.2445 71.2974 91.2202 160.765 77.494 75.8956 193.461 121.697 61.3375 52.2369 50.6684 49.8836 53.6382 84.7348 74.7493 62.0572
threshold=7.3095206087166948 7.9222649399703231 2.485941344448277 7.8095206087166948 8.5000000000000018 7.7849144003247304 8.0097202166065014 -0.65412426540711233 9.333099250936332 9.7698982586577987 8.6496837990111555 8.9671532846715341 8.5959516478503826 -0.010742078143090821 8.6496837990111555 -0.90241866703952145 8.3267392085487995 7.8095206087166948 8.4985590778097997 9.7698982586577987 8.1743811988791037 8.1611061565669569 8.2195763707415335 7.6195132788424278 7.4808815615400146 8.3461820851688717 7.3985454877724619 7.6306657429305176 7.1793270908990712 7.7029672783218892 6.2349907584370756 7.9949537426408757 9.9415849673202636 9.0441035172262865 8.7454819277108449 8.8186383928571441 9.7615533354817945
decision_type=2 2 2 2 2 2 2 2 2 2 2 2 2 2 2 2 2 2 2 2 2 2 2 2 2 2 2 2 2 2 2 2 2 2 2 2 2
left_child=-1 2 11 16 5 31 -7 -8 -9 -10 -11 12 17 14 -14 -16 19 18 -2 20 21 22 23 26 -25 -24 28 -28 -3 -26 -27 -5 33 35 36 -18 -35
right_child=1 3 -4 4 -6 6 7 8 9 10 -12 -13 13 -15 15 -17 32 -19 -20 -21 -22 -23 25 24 29 30 27 -29 -30 -31 -32 -33 -34 34 -36 -37 -38
leaf_value=-0.002422827266316859 -0.0063440673325920686 0.039108626008578368 0.062933386410454331 0.053751540928058103 0.0044343292678859702 -0.10286834985611432 -0.045421010498475363 0.01177349803615717 -0.076589161839758668 0.053240112449192842 -0.050455341980127397 0.01658938042397165 -0.057080674192759036 -0.045077970053166598 -0.033773124891545804 0.063366608942132641 0.028644772989235574 0.0012689863595043253 0.030927894904398078 0.031340788952181113 -0.022154883203670053 0.06444362563003557 -0.029122708974193438 -0.027744816494794197 0.08545900120807344 -0.048079920497481186 -0.056495329286761653 0.060854201234678169 0.13624094916864418 0.018554939122997494 0.0068040803746446405 -0.0019058229183428141 0.0013923934133130784 -0.033595317363083965 0.033375334561010474 0.085169220282042463 0.02332911559596269
leaf_weight=38843 8099 227 112 72 13999 88 361 597 105 75 71 831 75 425 73 138 1015 14492 182 387 410 92 294 310 85 73 97 142 69 166 2793 986 443 206 346 106 127
leaf_count=38843 8099 227 112 72 13999 88 361 597 105 75 71 831 75 425 73 138 1015 14492 182 387 410 92 294 310 85 73 97 142 69 166 2793 986 443 206 346 106 127
internal_value=0 0.00207034 -0.000969718 0.00519811 0.00232453 -0.0102169 -0.0200862 -0.0140607 -0.000710383 -0.0304031 0.00281287 -0.00126407 -0.00189583 -0.0241351 0.00698638 0.029759 0.011559 -0.00120149 -0.0055249 0.00759745 0.00566624 0.00828967 0.00707581 0.0211522 0.00310738 0.00219363 0.0400739 0.013227 0.061751 0.0412117 0.00540613 0.00188182 0.0206461 0.0253847 0.0111782 0.0339896 -0.0118854
internal_weight=0 48169 24427 23742 16354 2355 1297 1209 848 251 146 24315 23484 711 286 211 7388 22773 8281 5145 4758 4348 4256 1096 561 3160 535 239 296 251 2866 1058 2243 1800 679 1121 333
internal_count=87012 48169 24427 23742 16354 2355 1297 1209 848 251 146 24315 23484 711 286 211 7388 22773 8281 5145 4758 4348 4256 1096 561 3160 535 239 296 251 2866 1058 2243 1800 679 1121 333
is_linear=0
shrinkage=0.0640495


Tree=81
num_leaves=38
num_cat=0
split_feature=8 0 11 6 0 6 11 11 11 6 8 8 6 6 6 11 11 11 11 8 8 8 8 8 8 11 6 1 6 6 6 1 11 8 8 6 6
split_gain=93.0052 78.8159 148.536 181.167 110.734 118.382 91.6666 81.4839 78.3084 103.192 77.0464 86.7383 86.9539 144.765 76.7075 74.7905 84.0682 109.441 75.0137 92.4565 71.5403 76.7866 68.4525 185.524 176.288 118.935 100.079 91.5461 65.4984 64.4043 63.7676 120.65 114.377 59.6416 84.1761 82.0528 58.5395
threshold=10.751467710371822 14.500000000000002 -1.4477954272585394 457.00000000000006 15.500000000000002 481.00000000000006 -1.5607396997260747 2.6441154546989658 1.5793802258642813 443.00000000000006 7.9717007376844213 8.0358260675162096 517.00000000000011 507.00000000000006 485.00000000000006 -0.58949330751005224 -0.45242272007108764 -0.074758017545033986 -1.0000000180025095e-35 7.4020206525558896 5.9960656443102627 5.7098958333333343 7.9744877395819556 8.0760395878304099 7.8024042950513541 -0.76075147524506681 459.00000000000006 7.6195132788424278 487.00000000000006 391.00000000000006 461.00000000000006 7.6195132788424278 1.1049596122186494 6.9112912393988326 6.2349907584370756 509.00000000000006 441.00000000000006
decision_type=2 2 2 2 2 2 2 2 2 2 2 2 2 2 2 2 2 2 2 2 2 2 2 2 2 2 2 2 2 2 2 2 2 2 2 2 2
left_child=1 7 3 -3 5 22 -5 10 14 -10 -1 12 13 -12 -6 20 -17 33 19 -19 21 -7 24 26 30 -25 -24 -26 -16 -13 31 32 -4 34 -18 -35 -34
right_child=-2 2 4 6 8 15 -8 -9 9 -11 11 29 -14 -15 28 16 17 18 -20 -21 -22 -23 23 25 27 -27 -28 -29 -30 -31 -32 -33 36 35 -36 -37 -38
leaf_value=-0.0027624346971087598 0.074936880744085374 0.1323505186628802 0.008205645246081408 0.0045843738990194735 0.0038491107120351854 0.0072164097021940555 0.065445908325960062 0.029409736419456243 -0.087991057852599988 -0.014350202985502186 0.018406295309393264 0.038943249113741765 0.083629967285648296 -0.069823169541837912 -0.049660715580838566 0.043340728816279137 -0.044149623462564146 0.024075265816169398 0.015485329773012327 0.1088580813360138 0.0053548081516831712 -0.08576141433497092 -0.026439264724380133 0.047725049414771577 0.030757013030466272 -0.012579294909556185 -0.11643635132046753 0.12247243270652121 -0.0074544756518139937 0.00046063153167330643 -0.0061442948283161897 -0.025841635190303306 0.010254703868037554 -0.052363257640511203 0.043344587942408204 0.017320869550604662 0.070452243078644547
leaf_weight=44375 68 70 1210 350 4161 70 143 358 93 486 1312 180 76 81 160 442 68 155 3303 80 1886 76 105 161 130 805 98 68 2634 20189 2527 326 96 221 134 101 214
leaf_count=44375 68 70 1210 350 4161 70 143 358 93 486 1312 180 76 81 160 442 68 155 3303 80 1886 76 105 161 130 805 98 68 2634 20189 2527 326 96 221 134 101 214
internal_value=0 1.8499e-06 0.00348778 0.0359287 0.00256581 0.00631726 0.0222379 -0.00106496 -0.00354686 -0.0261785 -0.00122973 0.00188473 0.0169158 0.0132759 -0.00166278 0.0122115 0.0168135 0.013927 0.017973 0.0529375 0.00201105 -0.041183 -0.000394406 -0.0142254 0.00314277 -0.00252857 -0.0698861 0.0622552 -0.00987144 0.000800701 0.000466283 0.00951554 0.0170987 -0.013391 0.0138911 -0.0305058 0.0518104
internal_weight=0 86944 20373 563 19810 12276 493 66571 7534 579 66213 21838 1469 1393 6955 6536 4504 4062 3538 235 2032 146 5740 1169 4571 966 203 198 2794 20369 4373 1846 1520 524 202 322 310
internal_count=87012 86944 20373 563 19810 12276 493 66571 7534 579 66213 21838 1469 1393 6955 6536 4504 4062 3538 235 2032 146 5740 1169 4571 966 203 198 2794 20369 4373 1846 1520 524 202 322 310
is_linear=0
shrinkage=0.0640495


Tree=82
num_leaves=38
num_cat=0
split_feature=10 7 0 7 8 6 11 0 0 1 1 7 6 11 6 10 10 7 6 8 8 8 11 6 11 6 7 11 8 8 11 11 6 10 11 11 1
split_gain=91.3588 101.257 93.2932 107.96 130.502 90.7239 73.5471 64.8242 128.066 274.022 135.659 122.535 121.214 146.622 115.319 112.833 110.039 109.269 106.523 116.088 106.013 99.5733 87.9161 79.1629 72.8517 63.9883 63.2231 62.4742 83.4595 119.611 63.9736 78.2563 92.8885 75.448 61.1175 123.483 123.903
threshold=7.3095206087166948 6.7337896253602318 10.500000000000002 9.333099250936332 7.7293087535218126 537.00000000000011 -0.10305363557601036 11.500000000000002 10.500000000000002 7.6195132788424278 7.6195132788424278 6.9573650195233618 477.00000000000006 -0.58949330751005224 451.00000000000006 15.500000000000002 7.8095206087166948 6.9271966662012536 433.00000000000006 8.3119300370475937 6.4243421052631584 6.8402069231005092 -1.199133676478481 443.00000000000006 -1.1251648948823225 407.00000000000006 8.9885807504078326 -1.4138345662614997 7.3010872595483702 7.8669238765392615 0.89307852292118239 1.1347762130393593 509.00000000000006 10.500000000000002 0.28145575576035048 -0.23897597330546724 7.6195132788424278
decision_type=2 2 2 2 2 2 2 2 2 2 2 2 2 2 2 2 2 2 2 2 2 2 2 2 2 2 2 2 2 2 2 2 2 2 2 2 2
left_child=2 -2 3 5 -5 -1 -6 8 10 15 11 -3 21 -14 16 17 18 -10 19 -12 -11 -13 -19 -18 -22 -24 -20 28 -9 -30 -29 32 33 -32 35 -4 -37
right_child=1 7 34 4 6 -7 -8 27 9 20 14 12 13 -15 -16 -17 23 22 26 -21 24 -23 25 -25 -26 -27 -28 30 29 -31 31 -33 -34 -35 -36 36 -38
leaf_value=-0.0074693367348077858 -0.0033986267027801219 -0.086110113463219604 -0.00017291093517844008 -0.097682323428808976 -0.054217619379871157 0.056891714385582735 0.0053878182404890349 -0.014139056094870619 0.086835339913956699 -0.076667740424903708 0.098151822622324789 -0.075649644045952855 0.10308372959260481 0.0012359820382435022 0.00026638518249349965 0.099991985178746648 0.001187934179100225 -0.041810535807496031 -0.0026520677147505614 0.017638710230419213 -0.045729548273535002 -0.011903398890597798 -0.013530973123953823 0.032600284932198083 0.0066545198214230982 0.032025120832102676 0.056396300912599819 -0.00058693162086276263 0.0849897358429553 0.011974518492783649 -0.005122324402623322 0.0032501306028889314 0.092188505578165422 0.034145674591091642 0.0032750586533134632 -0.019892911497726068 0.0031860166097256934
leaf_weight=7096 11253 89 16339 115 144 91 207 178 128 67 192 108 79 218 4298 98 1272 76 239 119 113 1452 137 444 3010 1648 108 18786 145 252 331 2742 77 510 10518 2914 1419
leaf_count=7096 11253 89 16339 115 144 91 207 178 128 67 192 108 79 218 4298 98 1272 76 239 119 113 1452 137 444 3010 1648 108 18786 145 252 331 2742 77 510 10518 2914 1419
internal_value=0 0.00192023 -0.00225461 -0.00859151 -0.0384668 -0.00665441 -0.0190657 0.00354157 0.00699626 0.0148543 0.00218461 -0.0126951 -0.00917654 0.0283268 0.00652452 0.032899 0.0178545 0.0295933 0.0401233 0.0673446 0.00304888 -0.0163166 0.0256561 0.00931561 0.0047591 0.0285287 0.0157261 0.00145638 0.0223032 0.0386425 0.000922351 0.00866917 0.0248555 0.0186906 -0.000699747 -0.00272214 -0.0123349
internal_weight=0 48169 38843 7653 466 7187 351 36916 13895 5277 8618 1946 1857 297 6672 2087 2374 1989 658 311 3190 1560 1861 1716 3123 1785 347 23021 575 397 22446 3660 918 841 31190 20672 4333
internal_count=87012 48169 38843 7653 466 7187 351 36916 13895 5277 8618 1946 1857 297 6672 2087 2374 1989 658 311 3190 1560 1861 1716 3123 1785 347 23021 575 397 22446 3660 918 841 31190 20672 4333
is_linear=0
shrinkage=0.0640495


Tree=83
num_leaves=38
num_cat=0
split_feature=8 10 7 1 6 7 8 6 1 6 6 7 7 8 6 8 8 8 6 8 6 6 7 7 8 6 6 7 8 8 7 8 7 8 10 10 7
split_gain=81.5457 82.2236 69.6158 119.969 229.325 111.583 82.8296 80.1826 85.6143 74.7379 62.0522 52.3956 82.8305 76.3327 116.23 100.8 74.3585 69.4304 86.1237 68.7019 50.9513 50.3099 70.5967 125.173 123.005 56.2222 101.785 49.5298 106.451 84.5201 76.3778 71.5094 51.722 72.5695 47.4812 52.8976 50.8982
threshold=10.751467710371822 9.5000000000000018 8.6582209199469293 7.6195132788424278 459.00000000000006 8.7017440912795454 9.7890805974918145 547.00000000000011 7.6195132788424278 455.00000000000006 413.00000000000006 10.109609609609612 9.6626924987580747 8.0485417243656681 487.00000000000006 7.9717007376844213 8.5552914558419459 8.7478991596638682 481.00000000000006 8.0628775000904209 451.00000000000006 449.00000000000006 8.8593939393939412 8.9153523201793252 8.296855044699873 437.00000000000006 419.00000000000006 8.281609396955437 7.4808815615400146 7.1870690884669619 8.5767622686181682 8.4799603480821073 7.8419448476052258 8.0283730158730169 5.5000000000000009 6.5000000000000009 9.3308161459135004
decision_type=2 2 2 2 2 2 2 2 2 2 2 2 2 2 2 2 2 2 2 2 2 2 2 2 2 2 2 2 2 2 2 2 2 2 2 2 2
left_child=1 2 7 4 5 -4 -5 10 -9 21 27 12 13 15 16 34 -15 18 -13 -14 -8 22 24 -24 25 26 -7 28 29 -1 -29 32 33 -30 36 -36 -6
right_child=-2 -3 3 6 11 9 20 8 -10 -11 -12 17 19 14 -16 -17 -18 -19 -20 -21 -22 -23 23 -25 -26 -27 -28 30 31 -31 -32 -33 -34 -35 35 -37 -38
leaf_value=0.013643651728817197 0.07016490941940709 0.0033679049027171325 0.053651318335581767 -0.0037135007412981372 0.015233368727859107 -0.041985097339897637 0.073090495561685592 0.082641505033274901 0.010814581953263713 -0.038626259439096866 -0.0026834828340738669 -0.0129305576242427 0.11734720735077869 0.050186193662539749 0.088774688984613659 -0.05454055806004738 -0.00038241420836945253 -0.042921717848289222 0.078575666479866454 0.035348959409413509 0.013116146485420518 0.020819798367600284 -0.078558668841838514 -0.0062093573726727568 0.079577064733898292 -0.044077628947786801 0.060449978100846055 0.062367327601350386 0.020184825421818244 0.080869457374469225 -0.015946884253547948 0.021382820076623312 -0.064530664741969765 -0.052555713425881556 0.076532459756717464 0.024020371048122907 -0.041563623726273063
leaf_weight=367 68 22140 142 6381 294 67 87 87 313 241 51632 104 77 262 170 78 219 99 71 92 175 361 105 1493 103 90 98 165 124 97 74 155 122 103 91 582 83
leaf_count=367 68 22140 142 6381 294 67 87 87 313 241 51632 104 77 262 170 78 219 99 71 92 175 361 105 1493 103 90 98 165 124 97 74 155 122 103 91 582 83
internal_value=0 -1.91456e-06 -0.0011532 0.00335094 0.0109295 -0.00161229 -0.00226429 -0.00213162 0.0264369 -0.00468009 -0.00234789 0.0261694 0.0298581 0.0257874 0.0432515 0.0157083 0.0271622 -5.53129e-05 0.0241948 0.0727091 0.0330313 -0.00114922 -0.00520383 -0.0109632 0.0205043 -0.00335643 0.0188551 0.0120078 0.00556078 0.0276973 0.0381194 -0.0148189 -0.030897 -0.0128208 0.0209268 0.0311208 0.00272899
internal_weight=0 86944 64804 11565 4922 2700 6643 53239 400 2558 52839 2222 1948 1779 651 1128 481 274 175 169 262 2317 1956 1598 358 255 165 1207 968 464 239 504 349 227 1050 673 377
internal_count=87012 86944 64804 11565 4922 2700 6643 53239 400 2558 52839 2222 1948 1779 651 1128 481 274 175 169 262 2317 1956 1598 358 255 165 1207 968 464 239 504 349 227 1050 673 377
is_linear=0
shrinkage=0.0640495


Tree=84
num_leaves=38
num_cat=0
split_feature=0 11 0 8 11 11 11 8 8 11 11 0 8 11 0 11 11 11 8 0 11 8 8 11 11 0 11 8 8 8 0 11 11 8 8 11 11
split_gain=73.7166 124.35 101.577 104.106 97.6785 70.0781 69.7454 65.5672 60.5668 54.8327 82.2056 81.486 138.362 74.5025 64.965 94.3188 64.849 118.39 97.2452 84.9809 84.6146 72.1227 70.7709 120.108 100.654 66.5044 73.8268 130.114 91.5879 64.2552 64.2038 132.683 103.253 81.8743 74.2786 68.2767 63.3853
threshold=14.500000000000002 -1.4477954272585394 15.500000000000002 9.7890805974918145 -1.5607396997260747 1.5793802258642813 2.6441154546989658 6.3917250241232066 7.4838631318676985 -1.0510038753468349 -0.87488251127017036 12.500000000000002 8.2188267568343516 -1.0859781222493761 13.500000000000002 -1.8468383406761342 -0.51096253519919299 -0.6667223348692507 6.5687351093783848 12.500000000000002 -0.82518662496359119 9.6969899028386379 7.13818688981869 -0.087539220166836768 -0.48912680181828927 9.5000000000000018 1.1049596122186494 7.4858461491046944 7.339405080213905 7.5266707758335345 13.500000000000002 0.61807584254459214 0.19882929003955671 7.3097824042729265 7.8809493809493816 2.1633738893808596 0.66431220772538069
decision_type=2 2 2 2 2 2 2 2 2 2 2 2 2 2 2 2 2 2 2 2 2 2 2 2 2 2 2 2 2 2 2 2 2 2 2 2 2
left_child=6 4 3 -3 -2 -4 7 -1 -6 13 11 -11 -13 14 -9 29 17 19 -19 21 -21 -12 23 -18 -24 26 27 28 -26 -16 35 32 33 -32 -35 -27 -29
right_child=1 2 5 -5 8 -7 -8 9 -10 10 16 12 -14 -15 15 -17 22 18 -20 20 -22 -23 24 -25 25 30 -28 36 -30 -31 31 -33 -34 34 -36 -37 -38
leaf_value=-0.0097589965861240927 0.015850702060356412 0.0056295007967229437 -0.001496336002327923 0.070925095094507271 0.03793559736939553 -0.024687622374605998 0.02717295083232913 -0.0087544305061479488 0.11545289438034172 0.016862985872917454 0.0069447405540804799 -0.015323027778007857 0.035026975908413388 -0.028813798757387415 0.011206633023797477 0.0018610179821088671 0.011345254381958056 0.037917186789929426 -0.014314253958833975 -0.026620449901842872 -0.0014779397884754418 -0.045558239830395322 0.043915871414614768 -0.0079473243575084954 -0.010838670609106914 0.003929227247307673 -0.034111320563842883 0.00082861658938747362 -0.072652859248124285 0.096645275749604603 0.018910990162052648 0.010643245087973676 -0.037104467288176859 -0.026950888017922704 -0.0011222592996921485 -0.020729194177190186 0.040466196888689618
leaf_weight=3429 397 12191 6958 101 88 579 359 3575 78 2215 4428 960 292 565 68 1189 1610 151 4629 771 1908 110 232 7447 266 25884 409 896 156 77 414 1477 581 822 1028 469 203
leaf_count=3429 397 12191 6958 101 88 579 359 3575 78 2215 4428 960 292 565 68 1189 1610 151 4629 771 1908 110 232 7447 266 25884 409 896 156 77 414 1477 581 822 1028 469 203
internal_value=0 0.00341916 0.00257638 0.00616602 0.0331019 -0.00327791 -0.000981891 -0.00113443 0.0743594 -0.000663756 -7.92339e-05 0.00948061 -0.00358006 -0.00678853 -0.00425353 0.00780846 -0.000694253 -0.00484617 -0.0126643 0.000331942 -0.0087138 0.00567208 0.000494715 -0.00451782 0.00187726 0.00157813 -0.00995409 -0.00345816 -0.0336894 0.0565775 0.00230371 -0.00493193 -0.0130179 -0.00683664 -0.0125985 0.00349039 0.00815021
internal_weight=0 20392 19829 12292 563 7537 66620 66261 166 62832 57358 3467 1252 5474 4909 1334 53891 11997 4780 7217 2679 4538 41894 9057 32837 32605 1930 1521 422 145 30675 4322 2845 2264 1850 26353 1099
internal_count=87012 20392 19829 12292 563 7537 66620 66261 166 62832 57358 3467 1252 5474 4909 1334 53891 11997 4780 7217 2679 4538 41894 9057 32837 32605 1930 1521 422 145 30675 4322 2845 2264 1850 26353 1099
is_linear=0
shrinkage=0.0640495


Tree=85
num_leaves=38
num_cat=0
split_feature=11 6 8 8 6 6 6 6 6 8 8 6 8 8 8 11 11 8 6 6 8 11 8 8 8 11 8 11 11 8 11 11 11 6 8 8 11
split_gain=59.8363 60.0106 167.108 83.1783 54.3727 64.0619 45.5903 45.5484 83.7198 43.7443 39.8081 34.0664 112.419 78.4691 65.9922 89.5119 49.7431 77.5574 49.4084 142.226 101.919 84.8826 71.0372 122.041 155.099 87.2487 80.7586 77.4611 68.6398 68.3428 62.5471 83.7361 275.887 114.01 107.672 116.084 164.597
threshold=2.6441154546989658 455.00000000000006 7.2921076380342944 7.9116347018279898 371.00000000000006 377.00000000000006 391.00000000000006 541.00000000000011 539.00000000000011 8.5552914558419459 6.7522865413205997 529.00000000000011 7.182897780805316 7.807363790586658 6.9112912393988326 0.49207203810500139 -0.21170539704336669 8.4356324469076807 511.00000000000006 509.00000000000006 9.1546112043474803 1.5793802258642813 6.4243421052631584 7.0459749214476917 6.9923728068934405 1.011404729883171 6.9112912393988326 -1.0000000180025095e-35 1.7373101823902763 6.2349907584370756 -0.87488251127017036 0.24859687125089069 0.63644401799098171 527.00000000000011 7.9630416828604753 7.7029672783218892 1.0241753677634946
decision_type=2 2 2 2 2 2 2 2 2 2 2 2 2 2 2 2 2 2 2 2 2 2 2 2 2 2 2 2 2 2 2 2 2 2 2 2 2
left_child=4 3 -3 -2 -1 -6 -7 8 11 10 -9 18 14 -14 15 -13 -15 -18 19 -8 21 22 29 24 25 26 -24 -26 -23 -20 -25 33 -33 -32 35 36 -34
right_child=1 2 -4 -5 5 6 7 9 -10 -11 -12 12 13 16 -16 -17 17 -19 20 -21 -22 28 23 30 27 -27 -28 -29 -30 -31 31 32 34 -35 -36 -37 -38
leaf_value=0.057141101690465615 -0.03639245763643794 0.1242433530617653 0.010166553762015617 0.039648647291180832 -0.062759826704993402 0.024333222534707814 -0.00031542804922160377 -0.006457095214082895 -0.042064319459328196 -0.026635358194586428 0.024505975201970405 0.019429753787738684 0.042680812796656246 0.024791766570529939 -0.0439166683765626 -0.055947701191552186 -0.056536302949843451 0.025324501847748617 -0.013891906350219533 0.024153956229384047 0.046502209721199297 -0.095042036420269177 0.0066265071626660432 -0.025886454142511905 0.03594292150603251 0.074718014402332972 -0.052203284609405314 0.12402406034418771 -0.015266858681363004 -0.064540173440454235 -0.0019572089623597459 -0.064777073266254537 0.082713678706044264 0.059732040083576389 0.049957743115271347 -0.077072811413429976 -0.02285170235567071
leaf_weight=68 126 75 177 111 67 312 76717 222 197 103 732 292 448 219 186 83 106 86 389 987 147 80 786 741 103 68 109 68 99 152 1988 362 85 131 168 86 211
leaf_count=68 126 75 177 111 67 312 76717 222 197 103 732 292 448 219 186 83 106 86 389 987 147 80 786 741 103 68 109 68 99 152 1988 362 85 131 168 86 211
internal_value=0 0.0223584 0.044118 -0.000778269 -0.000109659 -0.00015465 -0.000106137 -0.000194646 -0.000358784 0.0130194 0.0173007 -0.000262008 0.0095752 0.0241391 -0.0127249 0.00274621 0.00392812 -0.0198695 -0.000429346 -4.61674e-06 -0.00614616 -0.00752179 -0.00609561 -0.00366668 0.0147574 0.00477581 -0.000538238 0.0709693 -0.0509206 -0.0281221 -0.00920562 -0.0051276 -0.0213549 0.00185652 0.00722471 -0.0115689 0.00746268
internal_weight=0 489 252 237 86598 86530 86463 86151 85094 1057 954 84897 1420 859 561 375 411 192 83477 77704 5773 5626 5447 4906 1134 963 895 171 179 541 3772 3031 912 2119 550 382 296
internal_count=87087 489 252 237 86598 86530 86463 86151 85094 1057 954 84897 1420 859 561 375 411 192 83477 77704 5773 5626 5447 4906 1134 963 895 171 179 541 3772 3031 912 2119 550 382 296
is_linear=0
shrinkage=0.0640495


Tree=86
num_leaves=38
num_cat=0
split_feature=11 7 0 6 11 6 6 8 0 11 11 6 0 8 6 11 8 8 8 6 8 6 8 7 11 6 8 7 8 11 6 8 8 7 11 8 11
split_gain=52.4168 53.0001 68.2462 82.4327 82.0536 57.4442 73.1301 70.6415 66.9824 65.8283 127.424 55.499 88.8577 103.237 87.5365 80.5027 62.6448 54.2427 133.61 90.4845 73.7274 73.2628 59.1906 69.8594 52.5916 52.5695 146.387 127.986 72.8645 51.8528 49.0176 67.3861 47.6205 46.2921 45.0242 50.1814 44.7438
threshold=2.6441154546989658 9.4193446949779904 12.500000000000002 415.00000000000006 -1.2988424697965353 493.00000000000006 477.00000000000006 8.6257796257796269 10.500000000000002 -0.66045941632488425 -0.010742078143090821 541.00000000000011 12.500000000000002 6.6707122216556192 539.00000000000011 -0.81976034766480277 8.2109701346867094 8.2188267568343516 8.2923959357587691 439.00000000000006 7.0603115767589459 439.00000000000006 8.9671532846715341 11.226293103448278 0.9952919124279519 455.00000000000006 7.2921076380342944 8.0097202166065014 7.9116347018279898 0.011586566268920144 435.00000000000006 9.3750000000000018 7.1958634551131624 7.4257552483358946 0.87067275772404673 8.1611061565669569 -0.40826481176998408
decision_type=2 2 2 2 2 2 2 2 2 2 2 2 2 2 2 2 2 2 2 2 2 2 2 2 2 2 2 2 2 2 2 2 2 2 2 2 2
left_child=1 11 4 -4 -3 6 7 8 -6 -8 -11 14 13 -13 -1 -15 36 20 -19 -20 -5 -22 -21 -24 29 28 -27 -28 -2 -10 31 -9 -23 -17 35 -12 -14
right_child=25 2 3 17 5 -7 9 30 24 10 34 12 16 15 -16 33 -18 18 19 22 21 32 23 -25 -26 26 27 -29 -30 -31 -32 -33 -34 -35 -36 -37 -38
leaf_value=-0.00059771836091121878 -0.034061538032044307 -0.055681067287351081 -0.04765504959396781 -0.0037891988231869393 -0.0026692824541756687 0.024470751929433352 0.021033606271801838 -0.065279886710694415 0.024274547749705114 -0.1194941322975516 -0.079337878855625127 -0.023452264233097941 -0.013613211852245011 0.0039030114272265485 -0.044354122013204281 0.10485105727533892 -0.050466875262398063 -0.072900587534479852 0.063853033405249907 -0.0097497729748189498 -0.019359647698917196 0.086963225035540007 0.036448067294841895 -0.035417704652543153 -0.012831049573663402 0.116285623201482 0.074523201943941159 -0.036115091162105706 0.037109169958448616 0.073410153917278856 -9.4766437022831898e-05 -0.0054229319518859023 0.036611347134122493 0.047665864421071569 0.022438027995464987 -0.0063801139893070258 0.024746341613261204
leaf_weight=79978 126 105 84 247 689 402 89 138 499 67 69 91 229 95 188 107 91 80 126 464 88 87 323 67 124 75 73 104 111 107 553 175 674 127 73 88 274
leaf_count=79978 126 105 84 247 689 402 89 138 499 67 69 91 229 95 188 107 91 80 126 464 88 87 323 67 124 75 73 104 111 107 553 175 674 127 73 88 274
internal_value=0 -0.000102636 0.00603082 0.0145931 -4.25317e-06 0.00189814 -0.00149916 0.00285674 0.0116545 -0.0272847 -0.041764 -0.000511986 0.0143785 0.0369268 -0.000700333 0.0536274 -0.00156467 0.0170183 0.006688 0.013185 0.0270094 0.0359696 0.00570942 0.0241019 0.0251737 0.0209264 0.0412922 0.00951539 -0.000728422 0.0329503 -0.0115589 -0.0318135 0.0423677 0.0738146 -0.0191208 -0.0384444 0.00728245
internal_weight=0 86598 5418 2240 3178 3073 2671 2285 1419 386 297 81180 1014 420 80166 329 594 2156 1060 980 1096 849 854 390 730 489 252 177 237 606 866 313 761 234 230 157 503
internal_count=87087 86598 5418 2240 3178 3073 2671 2285 1419 386 297 81180 1014 420 80166 329 594 2156 1060 980 1096 849 854 390 730 489 252 177 237 606 866 313 761 234 230 157 503
is_linear=0
shrinkage=0.0640495


Tree=87
num_leaves=38
num_cat=0
split_feature=6 6 7 8 8 7 6 7 6 6 8 7 7 6 8 8 6 8 7 6 6 8 6 6 6 8 8 7 8 7 6 8 7 7 8 8 6
split_gain=46.6305 45.0186 45.7445 48.6803 77.2713 59.5172 56.0753 65.0029 45.2407 84.3545 43.1617 41.5824 40.7497 66.4977 92.3236 55.2364 42.9732 43.8503 53.2576 41.8906 40.789 38.7948 107.847 44.7989 54.6094 37.6726 43.7652 48.0194 47.248 38.1619 46.1601 35.2752 44.0732 41.2419 50.3259 34.7874 113.716
threshold=371.00000000000006 377.00000000000006 9.4193446949779904 8.2188267568343516 7.0055970149253737 10.207730467135182 481.00000000000006 9.654701631178165 541.00000000000011 539.00000000000011 8.5552914558419459 6.7000563057272444 4.3781138790035596 441.00000000000006 8.0405009968486727 5.2994667415099643 537.00000000000011 5.5894777265745015 7.4257552483358946 389.00000000000006 457.00000000000006 7.4062310061392242 487.00000000000006 515.00000000000011 509.00000000000006 7.0966391804097961 7.9841695306590958 9.7698982586577987 8.0760395878304099 10.454119850187267 453.00000000000006 6.6707122216556192 8.6335099849570121 6.7091590834883101 7.2672182468694109 8.2923959357587691 501.00000000000006
decision_type=2 2 2 2 2 2 2 2 2 2 2 2 2 2 2 2 2 2 2 2 2 2 2 2 2 2 2 2 2 2 2 2 2 2 2 2 2
left_child=-1 -2 8 4 5 6 7 -4 9 12 31 -11 13 -3 21 20 17 18 -17 -19 -14 23 -23 24 -15 -6 29 -28 -29 -27 -31 -10 33 34 -33 -5 -37
right_child=1 2 3 35 25 -7 -8 -9 10 11 -12 -13 15 14 -16 16 -18 19 -20 -21 -22 22 -24 -25 -26 26 27 28 -30 30 -32 32 -34 -35 -36 36 -38
leaf_value=0.052646982367752018 -0.052121271077995593 0.025742446111816763 -0.015950529012348533 -0.022950952333903304 0.06310923174424897 -0.060064100479755293 -0.032530205490646197 0.061245056943572213 -0.0054450638404684292 -0.081954238224583809 -0.029540705445583574 -0.020017966543349631 0.014638337450121889 -0.010992509691315726 0.054638556339278256 0.061334272621750431 0.028328371143470699 0.027808423627146986 -0.0031757171319249833 -0.00030808667240914562 -0.04014512355586608 -0.0056024411052001599 -0.077608253553301074 0.019211389446723594 -0.062298752950628082 0.0075348535494599812 0.078730343131246286 0.067838268860542103 0.0083043332821862523 -0.0043876659218533773 0.0607837136945103 0.071041817199048049 0.060936011080118174 0.0036226265257184032 0.011423532287600397 -0.0019275321762582266 0.043234523565379476
leaf_weight=69 68 213 89 245 71 88 129 90 217 71 89 119 73 1565 83 105 218 218 105 76839 236 221 139 188 90 1443 82 73 218 69 126 105 112 363 130 2476 252
leaf_count=69 68 213 89 245 71 88 129 90 217 71 89 119 73 1565 83 105 218 218 105 76839 236 221 139 188 90 1443 82 73 218 69 126 105 112 363 130 2476 252
internal_value=0 -2.72797e-05 1.34609e-05 0.00569399 0.0123238 -0.01361 -0.000337463 0.0228629 -0.000366477 -0.000536028 0.0130646 -0.0431626 -0.000435159 -0.00848578 -0.011675 -0.000176546 -6.87695e-05 -0.000148889 0.0290793 -0.000228543 -0.0272028 -0.0141735 -0.0334047 -0.0104169 -0.0137826 0.0172565 0.0156376 0.0354381 0.023239 0.0111287 0.0377231 0.017155 0.0240624 0.0171563 0.0380615 0.000168028 0.00224433
internal_weight=0 87018 86950 5451 2478 396 308 179 81499 80483 1016 190 80293 2499 2286 77794 77485 77267 210 77057 309 2203 360 1843 1655 2082 2011 373 291 1638 195 927 710 598 235 2973 2728
internal_count=87087 87018 86950 5451 2478 396 308 179 81499 80483 1016 190 80293 2499 2286 77794 77485 77267 210 77057 309 2203 360 1843 1655 2082 2011 373 291 1638 195 927 710 598 235 2973 2728
is_linear=0
shrinkage=0.0640495


Tree=88
num_leaves=38
num_cat=0
split_feature=10 7 8 0 7 6 11 7 8 8 6 11 8 7 7 8 6 7 8 11 11 8 0 8 0 11 11 11 8 7 7 11 7 8 11 11 11
split_gain=55.8949 60.2161 80.9571 57.2684 104.243 85.2325 108.483 78.927 69.1378 163.05 131.067 134.298 71.4839 68.2093 64.7422 146.992 61.6332 59.4141 56.8188 55.2672 54.5205 53.4373 52.6581 50.7802 48.7201 81.8705 47.6684 170.85 88.9703 64.7619 75.1071 62.2098 69.1634 58.2804 46.6748 93.0279 122.762
threshold=4.5000000000000009 4.0962030443866464 5.2994667415099643 12.500000000000002 7.4137027846705275 423.00000000000006 0.10538667529527175 7.6571645740280472 7.3097824042729265 6.7522865413205997 433.00000000000006 0.10538667529527175 7.182897780805316 7.9222649399703231 9.654701631178165 8.2540279365267875 475.00000000000006 9.3471964543393131 8.0283730158730169 0.26104255184965514 -0.84519824720581027 7.0055970149253737 10.500000000000002 7.3273436157415377 12.500000000000002 -0.019959933744776764 1.9984160609121566 1.5975450368276241 6.8311910785819707 7.6330105738226459 8.2907418668288262 1.6207402974757061 8.0889157162051593 7.6421018217893222 0.91653124705791045 -0.21170539704336669 -0.53747780328808226
decision_type=2 2 2 2 2 2 2 2 2 2 2 2 2 2 2 2 2 2 2 2 2 2 2 2 2 2 2 2 2 2 2 2 2 2 2 2 2
left_child=3 24 -3 4 16 6 -5 18 9 -9 -11 12 20 -13 17 19 -1 26 21 -16 -12 -6 -22 -10 -2 -26 27 34 -29 -28 -31 -30 33 -33 35 36 -7
right_child=1 2 -4 5 7 14 -8 8 23 10 11 13 -14 -15 15 -17 -18 -19 -20 -21 22 -23 -24 -25 25 -27 29 28 31 30 -32 32 -34 -35 -36 -37 -38
leaf_value=0.0056090654737541061 0.0016775205026149701 -0.041382084563876986 0.0012799009779799985 -0.0033685050866260266 -0.061699716852960829 -0.0026568315819219049 0.068195815579510391 -0.037697080517137604 -0.063259672004869844 -0.056105857191581794 0.064565595158683528 0.1155669143631656 -0.036184174407380823 0.042769662984416472 0.029484918158424831 -0.028886537812390169 -0.0083979158957296803 -0.043410042117723834 -0.078712975753730041 0.099149861563425867 -0.033113183749975357 -0.0097799062398116199 0.03242430591196787 -0.015640377419076142 -0.071334743128579223 -0.0054367643640379805 -0.015103796703086109 0.022077430971414947 -0.10165242942695971 0.086944387482613975 0.0092987211010306693 -0.04455274850848407 -0.094018319132455397 0.022614329063623668 0.0087101136095064334 -0.010599457011598132 0.017402235128470403
leaf_weight=2819 237 183 63678 180 121 5014 168 305 96 88 85 71 127 206 96 114 2374 138 113 91 90 248 114 2134 148 162 116 80 82 94 112 161 72 79 1972 3451 1668
leaf_count=2819 237 183 63678 180 121 5014 168 305 96 88 85 71 127 206 96 114 2374 138 113 91 90 248 114 2134 148 162 116 80 82 94 112 161 72 79 1972 3451 1668
internal_value=0 0.000976399 0.00115765 -0.00272101 -0.00669226 -0.000112478 0.0311798 -0.0147566 -0.0112364 0.00201634 0.0175254 0.0268754 0.00386748 0.0614289 -0.000928798 0.028439 -0.00079428 -0.00160674 -0.0389744 0.063386 0.021468 -0.0268051 0.00351071 -0.0176904 -0.0201841 -0.0368977 -0.00115958 -0.00178249 -0.0395044 0.0231745 0.0447293 -0.0520083 -0.0389608 -0.0224436 -0.000305395 -0.00205992 0.00235043
internal_weight=0 64408 63861 22679 8991 13688 348 3798 3316 1086 781 693 416 277 13340 301 5193 13039 482 187 289 369 204 2230 547 310 12901 12579 474 322 206 394 312 240 12105 10133 6682
internal_count=87087 64408 63861 22679 8991 13688 348 3798 3316 1086 781 693 416 277 13340 301 5193 13039 482 187 289 369 204 2230 547 310 12901 12579 474 322 206 394 312 240 12105 10133 6682
is_linear=0
shrinkage=0.0640495


Tree=89
num_leaves=38
num_cat=0
split_feature=11 7 7 6 6 7 1 11 7 6 11 11 11 8 8 6 8 6 8 11 6 6 6 6 11 7 7 7 8 7 6 11 7 7 8 11 7
split_gain=43.717 47.8426 48.3352 84.274 62.3886 42.4484 64.9456 111.503 83.7349 125.799 82.8128 91.4879 122.264 69.6702 84.6664 95.8938 106.544 127.739 96.0027 139.562 217.095 94.3032 94.769 91.6831 80.0156 79.812 126.383 74.9235 71.3595 67.2033 65.771 59.6847 79.8331 119.315 74.2972 64.5401 93.7669
threshold=2.6441154546989658 7.5961589198417014 8.7397433416386487 471.00000000000006 447.00000000000006 8.249497991967873 7.6195132788424278 1.9984160609121566 8.281609396955437 431.00000000000006 -1.8468383406761342 -1.5607396997260747 -1.4782289744364718 6.5827604726100981 6.7118673955210726 531.00000000000011 6.9787620152284155 453.00000000000006 7.2867869369652576 0.084706253826124275 449.00000000000006 451.00000000000006 491.00000000000006 473.00000000000006 -0.040409992529345094 8.6456745853877202 8.8048138577854349 8.4960526315789497 7.13818688981869 8.5767622686181682 515.00000000000011 -1.0510038753468349 8.7320895522388078 9.7733688917622992 8.3491858361333708 -0.91118825844799023 10.114046121593292
decision_type=2 2 2 2 2 2 2 2 2 2 2 2 2 2 2 2 2 2 2 2 2 2 2 2 2 2 2 2 2 2 2 2 2 2 2 2 2
left_child=5 -2 3 4 -3 -1 13 8 9 -8 -10 -12 -13 -7 21 16 17 27 19 20 29 -15 -23 -19 -25 -21 -27 -16 -28 -18 -11 32 -14 34 -34 -33 -37
right_child=1 2 -4 -5 -6 6 7 -9 10 30 11 12 31 14 15 -17 18 23 -20 25 -22 22 -24 24 -26 26 28 -29 -30 -31 -32 35 33 -35 -36 36 -38
leaf_value=-0.001088810871307546 0.053296907528222033 0.0042488929180543034 0.03493352505844094 0.047014092524822602 -0.079875364196456772 -0.015990998165889996 -0.058310165253330888 -0.036446114782118684 0.062498068099379113 0.036261769405037787 -0.055407600106127781 0.083034259338520863 -0.043039148914329688 0.092269884632616248 -0.11361538926829701 0.070489782568700823 -0.078764357464045032 0.041361792891341433 0.0043171395656730026 0.078818879105810036 0.029462770525675436 -0.017682825759545988 0.076010803922554285 0.012749159954729149 -0.062292790231138817 -0.047639890937845313 0.0032673422128125856 -0.03457880822030545 0.078799432022644542 -0.014927498230029803 -0.030591918864720367 0.020320130035435945 0.02996078244420583 -0.075044530170351925 -0.035275308653009443 -0.0027993126598596196 0.016048419106805101
leaf_weight=58081 125 69 152 67 76 588 74 350 84 610 127 71 320 97 68 93 106 152 9026 215 588 127 68 124 110 70 81 178 140 187 67 598 282 75 96 12560 1185
leaf_count=58081 125 69 152 67 76 588 74 350 84 610 127 71 320 97 68 93 106 152 9026 215 588 127 68 124 110 70 81 178 140 187 67 598 282 75 96 12560 1185
internal_value=0 0.0191096 0.00736947 -0.0123934 -0.0398438 -9.51739e-05 0.00192858 -0.000680131 9.50315e-05 0.0209788 -0.000923523 -0.0012714 -0.000818692 0.00550997 0.00661606 0.0057235 0.00517816 -0.0203563 0.00672794 0.0224164 0.00701889 0.0406616 0.0149898 0.0026313 -0.022527 0.049225 0.0273601 -0.0564263 0.0511157 -0.0380221 0.0296455 -0.00121255 -0.018549 -0.00124907 0.0133929 -0.000278223 -0.00117439
internal_weight=0 489 364 212 145 86598 28517 16499 16149 751 15398 15314 15187 12018 11430 11138 11045 632 10413 1387 881 292 195 386 234 506 291 246 221 293 677 15116 773 453 378 14343 13745
internal_count=87087 489 364 212 145 86598 28517 16499 16149 751 15398 15314 15187 12018 11430 11138 11045 632 10413 1387 881 292 195 386 234 506 291 246 221 293 677 15116 773 453 378 14343 13745
is_linear=0
shrinkage=0.0640495


Tree=90
num_leaves=38
num_cat=0
split_feature=10 0 0 0 6 6 6 10 0 1 0 0 6 10 6 0 10 6 10 10 6 1 0 6 6 6 10 6 10 6 6 10 6 6 10 6 6
split_gain=65.7559 67.549 61.0158 98.8558 90.888 108.014 59.8949 55.4075 54.958 127.223 64.8693 62.7233 71.9385 56.6417 52.5253 52.1049 62.4686 64.4641 51.1783 78.2081 94.1555 73.6811 125.716 67.4775 50.6127 52.4044 79.1217 54.6755 58.3792 48.5075 64.5701 46.7693 45.9965 71.4176 45.0065 50.0041 46.6892
threshold=13.500000000000002 9.5000000000000018 14.500000000000002 15.500000000000002 457.00000000000006 445.00000000000006 481.00000000000006 15.500000000000002 12.500000000000002 7.6195132788424278 13.500000000000002 13.500000000000002 519.00000000000011 16.500000000000004 507.00000000000006 14.500000000000002 15.500000000000002 487.00000000000006 2.5000000000000004 1.5000000000000002 419.00000000000006 7.6195132788424278 11.500000000000002 471.00000000000006 525.00000000000011 511.00000000000006 11.500000000000002 501.00000000000006 4.5000000000000009 477.00000000000006 495.00000000000006 1.5000000000000002 529.00000000000011 491.00000000000006 12.500000000000002 433.00000000000006 437.00000000000006
decision_type=2 2 2 2 2 2 2 2 2 2 2 2 2 2 2 2 2 2 2 2 2 2 2 2 2 2 2 2 2 2 2 2 2 2 2 2 2
left_child=2 7 18 6 5 31 34 -2 13 10 -10 -11 14 32 -13 16 17 -12 19 21 -21 -1 -23 -24 25 27 -27 -20 -29 -22 -31 -5 33 -3 35 -4 -37
right_child=1 8 3 4 -6 -7 -8 -9 9 11 15 12 -14 -15 -16 -17 -18 -19 24 20 29 22 23 -25 -26 26 -28 28 -30 30 -32 -33 -34 -35 -36 36 -38
leaf_value=-0.0087546435653859667 -0.042863998736244399 0.019110529972069686 0.022385412997045294 -0.052694157867644559 -0.0074214133221527732 0.028024794691622772 0.010584148463108315 0.020489992687894493 0.010529794490808554 -0.0030718467095882298 -0.0036577734015292239 0.023331073564435922 -0.021238353384807552 -0.017364331659639236 0.06608061731159369 -0.009129014660511298 -0.080226202029431662 -0.07425527971984397 -0.0013676837137191046 0.047202467532103401 -0.01989454259376933 -0.020646457336887615 0.039552135133353594 0.0090101438666056449 0.0092972771660539966 -0.0066267092507650326 -0.045635983963382511 -0.011057899034750221 0.011278768832469506 0.0056495870312382474 -0.017787452687829688 -0.00053915704376708475 0.066929916647449975 -0.0095904405660625393 -0.027025044367396833 -0.03471745158823486 0.001711573954042257
leaf_weight=1640 200 2322 474 77 5382 736 6128 79 475 551 210 846 131 225 137 978 101 71 46295 107 2310 408 468 811 1930 2310 235 586 2654 959 970 840 71 420 220 149 4604
leaf_count=1640 200 2322 474 77 5382 736 6128 79 475 551 210 846 131 225 137 978 101 71 46295 107 2310 408 468 811 1930 2310 235 586 2654 959 970 840 71 420 220 149 4604
internal_value=0 0.00593873 -0.000613389 0.00260107 -0.0033868 0.00974949 0.00624035 -0.0249251 0.0072558 0.00178477 -0.00984721 0.0146044 0.0233473 0.0135588 0.029289 -0.0169642 -0.0370238 -0.0214956 -0.0015832 -0.00647795 -0.0121357 0.000912611 0.0103105 0.0201858 -0.000887825 -0.00126527 -0.0102287 -0.000804744 0.00723887 -0.0136335 -0.00613576 -0.00491858 0.0160322 0.0147143 0.00135347 0.0025479 0.000569574
internal_weight=0 6817 80293 18610 7035 1653 11575 279 6538 3500 1835 1665 1114 3038 983 1360 382 281 61683 7673 4346 3327 1687 1279 54010 52080 2545 49535 3240 4239 1929 917 2813 2742 5447 5227 4753
internal_count=87110 6817 80293 18610 7035 1653 11575 279 6538 3500 1835 1665 1114 3038 983 1360 382 281 61683 7673 4346 3327 1687 1279 54010 52080 2545 49535 3240 4239 1929 917 2813 2742 5447 5227 4753
is_linear=0
shrinkage=0.0640495


Tree=91
num_leaves=38
num_cat=0
split_feature=10 11 11 7 11 0 7 11 11 7 1 0 11 10 7 11 7 11 1 10 6 11 11 0 10 10 6 11 10 11 7 0 1 0 6 11 11
split_gain=59.9983 97.4111 114.72 113.815 102.509 130.1 80.8659 70.4721 131.005 93.4898 69.6147 55.1135 103.303 102.462 59.6158 58.4178 53.2169 52.6307 88.7177 52.2239 69.6786 59.9257 131.747 146.78 123.787 100.584 97.7791 129.027 73.2785 94.8797 111.985 64.7033 113.271 246.713 156.34 186.074 127.387
threshold=15.500000000000002 1.0770481435909016 0.76540596573045117 6.8776650189377717 0.49207203810500139 11.500000000000002 7.8333064272020998 0.19882929003955671 -0.16969808700081332 8.4583615627822955 7.6195132788424278 9.5000000000000018 1.1049596122186494 14.500000000000002 7.0559823193659854 1.0378075975496652 7.4257552483358946 -0.99355200387270692 7.6195132788424278 5.5000000000000009 393.00000000000006 -1.2656630642006543 -1.3879996605992078 11.500000000000002 11.500000000000002 11.500000000000002 461.00000000000006 -1.3127955598683403 10.500000000000002 -1.5607396997260747 8.5359977324263063 11.500000000000002 7.6195132788424278 10.500000000000002 431.00000000000006 -0.5212145416990851 0.19882929003955671
decision_type=2 2 2 2 2 2 2 2 2 2 2 2 2 2 2 2 2 2 2 2 2 2 2 2 2 2 2 2 2 2 2 2 2 2 2 2 2
left_child=11 2 4 -3 5 7 -4 8 9 16 -7 12 13 15 -14 17 -2 -1 -19 20 -13 22 23 24 -21 28 27 -24 29 30 -25 32 33 -23 35 -34 -36
right_child=1 3 6 -5 -6 10 -8 -9 -10 -11 -12 19 14 -15 -16 -17 -18 18 -20 21 -22 31 26 25 -26 -27 -28 -29 -30 -31 -32 -33 34 -35 36 -37 -38
leaf_value=0.024228433598854085 0.052392139134010328 -0.090679642127403051 0.11542510126920127 -0.00098078427091610504 -0.040608377302029229 -0.01444089536455547 0.033494583356181579 0.091476544690377956 -0.027106658598287287 0.014573946932114548 0.024769883848951242 0.060617014502130827 0.0051009723231345934 -0.075925097297297753 -0.046312990881242494 0.053522356380935616 0.13311908050340507 -0.029227719228900662 0.00053854144295157659 -0.036032748507950872 -0.0024747984610440166 -0.0029107751401993027 -0.016710727185498368 0.017368444387929859 0.045158444570702685 -0.017238050651448643 -0.016222405619413134 -0.11693771849202879 0.069654654036166413 0.045755591329760224 -0.057139666903810539 -9.8667361481283189e-07 -0.034111279084299347 0.024051623402421601 0.0030488221615145067 0.032657230425334943 -0.012613038952659158
leaf_weight=261 67 73 73 283 143 480 153 99 112 118 303 72 120 78 404 77 67 528 1850 502 27230 2477 109 354 91 293 812 102 134 310 108 34217 203 3179 7569 1094 2965
leaf_count=261 67 73 73 283 143 480 153 99 112 118 303 72 120 78 404 77 67 528 1850 502 27230 2477 109 354 91 293 812 102 134 310 108 34217 203 3179 7569 1094 2965
internal_value=0 0.0109535 0.0176387 -0.0193741 0.010753 0.0166476 0.0599589 0.043562 0.0305303 0.0561467 0.000732625 -0.000349951 -0.00844231 -0.00354805 -0.0345388 -0.00146947 0.0927556 -0.00307401 -0.00607062 -2.17898e-05 -0.00230841 0.00112331 -0.00797733 0.00249193 -0.0235734 0.0153833 -0.0263164 -0.0651617 0.025933 0.018344 -4.90362e-05 0.00161878 0.00478821 0.0122437 0.00122401 0.022207 -0.00135951
internal_weight=0 1971 1615 356 1389 1246 226 463 364 252 783 85139 3318 2794 524 2716 134 2639 2378 81821 27302 54519 2815 1792 593 1199 1023 211 906 772 462 51704 17487 5656 11831 1297 10534
internal_count=87110 1971 1615 356 1389 1246 226 463 364 252 783 85139 3318 2794 524 2716 134 2639 2378 81821 27302 54519 2815 1792 593 1199 1023 211 906 772 462 51704 17487 5656 11831 1297 10534
is_linear=0
shrinkage=0.0640495


Tree=92
num_leaves=38
num_cat=0
split_feature=10 11 11 0 0 7 11 11 6 7 6 11 7 6 11 7 10 11 6 11 6 11 7 7 6 11 11 11 7 6 7 7 6 7 7 7 7
split_gain=56.4341 88.9144 56.7857 49.2477 107.076 132.436 106.125 98.5222 69.41 65.5889 64.5122 108.583 72.0743 63.8783 63.0289 62.6847 58.2504 52.9564 52.5771 92.9622 115.892 77.5881 79.9559 74.9194 58.8654 57.5481 57.1557 53.7778 53.1493 74.1984 47.8456 53.2128 45.2782 43.6534 43.338 42.5939 42.1048
threshold=12.500000000000002 -1.2353086322459708 -1.1529986533038328 14.500000000000002 15.500000000000002 8.5524319645079281 -1.3328459982997494 2.1633738893808596 439.00000000000006 4.3781138790035596 433.00000000000006 0.9952919124279519 8.5359977324263063 475.00000000000006 0.96885838912311917 6.7337896253602318 4.5000000000000009 -0.74667748698855574 457.00000000000006 1.5118471148718469 443.00000000000006 1.3850362393162816 9.333099250936332 8.6335099849570121 447.00000000000006 -1.1529986533038328 -1.0393213428170125 0.186135844174 5.7271371221407223 473.00000000000006 8.8593939393939412 9.2103015278488876 437.00000000000006 11.226293103448278 7.8630584729902404 10.207730467135182 6.8776650189377717
decision_type=2 2 2 2 2 2 2 2 2 2 2 2 2 2 2 2 2 2 2 2 2 2 2 2 2 2 2 2 2 2 2 2 2 2 2 2 2
left_child=3 -2 -3 33 5 7 13 10 -7 -8 11 15 32 -6 17 -5 -9 -10 19 21 -21 22 23 24 36 -20 -27 34 29 -28 -16 -32 -12 -1 -26 -30 -11
right_child=1 2 -4 4 6 8 9 16 14 18 12 -13 -14 -15 30 -17 -18 -19 25 20 -22 -23 -24 -25 27 26 28 -29 35 -31 31 -33 -34 -35 -36 -37 -38
leaf_value=-0.001638404877475057 -0.020539941834845133 0.057414496726550523 0.0054281258995147576 0.07623002890039933 0.09321612289177951 -0.024491107871106529 -0.042388389427732841 0.014304460107671765 0.045497613680174888 0.023175961997750336 -0.036478588692460998 -0.043780924014469619 -0.043228034340838412 0.015814750147791844 0.092433376373373025 0.019567571215090018 0.09580898286752712 0.012003454623567276 -0.051844568096721236 -0.084382179687992512 0.012464079511912942 0.077409706267045728 0.060940112581999696 -0.032169358894680332 0.032471203707213035 0.049287990352339044 -0.031627735032564372 0.001457551657146505 -0.0086659779220789115 0.033162864759871603 -0.0054326117485284896 0.068730284342963494 0.0029639738486813443 0.037357236646626837 0.09510867705032601 -0.059769552255603577 -0.013495574098504564
leaf_weight=59217 552 87 9338 139 67 105 192 70 276 192 121 71 144 126 100 189 74 649 118 98 105 71 109 199 140 74 99 141 4166 271 71 90 9008 118 67 68 388
leaf_count=59217 552 87 9338 139 67 105 192 70 276 192 121 71 144 126 100 189 74 649 118 98 105 71 109 199 140 74 99 141 4166 271 71 90 9008 118 67 68 388
internal_value=0 0.00444471 0.005908 -0.000674476 0.00228053 0.00613641 -0.00412019 0.00360001 0.0254217 -0.00551036 0.00281705 0.0280346 0.00173199 0.0426847 0.0298406 0.04358 0.0561887 0.0219974 -0.00438753 0.00603536 -0.0342893 0.0122985 0.00855828 0.00349207 0.0111393 -0.00766913 -0.00655483 0.0319648 -0.00745239 0.015827 0.0576373 0.0360249 0.00244118 -0.00156085 0.0527452 -0.00948672 -0.00135603
internal_weight=0 9977 9425 77133 17798 11107 6691 9816 1291 6498 9672 399 9273 193 1186 328 144 925 6306 1510 203 1307 1236 1127 928 4796 4678 348 4604 370 261 161 9129 59335 207 4234 580
internal_count=87110 9977 9425 77133 17798 11107 6691 9816 1291 6498 9672 399 9273 193 1186 328 144 925 6306 1510 203 1307 1236 1127 928 4796 4678 348 4604 370 261 161 9129 59335 207 4234 580
is_linear=0
shrinkage=0.0640495


Tree=93
num_leaves=38
num_cat=0
split_feature=8 10 6 6 0 0 7 8 8 7 8 7 1 7 8 10 7 6 6 8 8 8 8 8 6 7 8 7 8 7 6 6 6 7 8 6 7
split_gain=66.6115 51.1567 62.3974 73.9405 39.9804 91.9999 110.004 103.448 132.22 123.535 92.0354 131.54 129.336 87.6813 99.7286 94.5784 86.0318 86.6546 135.845 175.539 109.125 107.985 104.149 129.352 98.701 91.6139 93.3076 88.0523 83.6594 167.982 101.718 78.4125 75.8545 72.0019 70.7336 69.6743 63.9967
threshold=10.751467710371822 12.500000000000002 549.00000000000011 539.00000000000011 14.500000000000002 15.500000000000002 8.5524319645079281 6.6199670385395546 6.8896451497583042 6.5975751800084721 6.3612394064091964 6.4577528837337956 7.6195132788424278 6.691934374886416 6.9923728068934405 7.3095206087166948 6.7337896253602318 453.00000000000006 445.00000000000006 7.4062310061392242 7.4351124343188397 7.4896537817211648 7.9116347018279898 7.4020206525558896 485.00000000000006 8.249497991967873 7.6306657429305176 8.1677565217391326 8.4838790548905845 8.9885807504078326 439.00000000000006 477.00000000000006 467.00000000000006 9.0968244565777301 6.8993345236162975 459.00000000000006 8.1106861719696166
decision_type=2 2 2 2 2 2 2 2 2 2 2 2 2 2 2 2 2 2 2 2 2 2 2 2 2 2 2 2 2 2 2 2 2 2 2 2 2
left_child=1 4 3 -3 -1 6 -6 10 9 -9 11 12 -7 -10 15 -15 -16 18 22 -20 32 24 23 27 -22 26 -23 -18 30 -30 -8 -13 35 34 -32 -19 -28
right_child=-2 2 -4 -5 5 7 28 8 13 -11 -12 31 -14 14 16 -17 17 20 19 -21 21 25 -24 -25 -26 -27 36 -29 29 -31 33 -33 -34 -35 -36 -37 -38
leaf_value=-0.001489155134527216 0.063285003652171143 0.0040968238525785862 -0.054014528983161683 0.062417275368111792 0.003245332247724973 -0.014905408458188586 -0.038393007006164867 0.006356704483019845 -0.019643546124696404 -0.058689903537354572 0.043014771554178856 0.0015271349960819345 0.10679016481288212 0.091014556858046824 0.041809015121045429 -0.0044999063854220785 0.059663086381922803 -0.036523867333626767 0.13957658240299295 0.02235948475953858 0.10110126964102574 -0.050476658840579322 0.026050397897355113 -0.069215016245984085 0.0013731954668290578 -0.017780394679973534 0.010255351836597718 -0.039469798666100758 0.052108470643612417 -0.048867985737686401 0.080779318019931184 -0.081424340291060229 -0.035341698157640121 0.062220681106867827 0.016102768424867679 0.041311277534366829 0.067512901482914542
leaf_weight=59296 68 9801 75 90 9810 77 78 180 1119 358 344 94 67 95 180 77 80 80 69 218 79 96 263 158 84 1036 799 68 114 166 80 93 770 322 522 115 89
leaf_count=59296 68 9801 75 90 9810 77 78 180 1119 358 344 94 67 95 180 77 80 80 69 218 79 96 263 158 84 1036 799 68 114 166 80 93 770 322 522 115 89
internal_value=0 -0.000132017 0.00418618 0.00462749 -0.000690364 0.00197359 0.00555115 -0.00395977 -0.00662869 -0.0369271 0.0198154 -0.00429513 0.0417168 -0.00365142 0.00045675 0.0482552 -0.00150819 -0.00345552 0.0146139 0.0505406 -0.00836895 -0.000440323 -0.00350724 -0.0289113 0.0497077 -0.00448692 0.00950906 0.0141155 0.0231955 -0.00775614 0.0318447 -0.0397268 -0.0263049 0.0377739 0.0246977 0.00937891 0.015994
internal_weight=0 87042 9966 9891 77076 17780 11092 6688 6013 538 675 331 144 5475 4356 172 4184 4004 856 287 3148 2183 569 306 163 2020 984 148 1282 280 1002 187 965 924 602 195 888
internal_count=87110 87042 9966 9891 77076 17780 11092 6688 6013 538 675 331 144 5475 4356 172 4184 4004 856 287 3148 2183 569 306 163 2020 984 148 1282 280 1002 187 965 924 602 195 888
is_linear=0
shrinkage=0.0640495


Tree=94
num_leaves=38
num_cat=0
split_feature=8 0 8 6 6 7 6 6 6 1 8 7 7 7 6 7 8 7 1 6 0 8 7 7 6 6 8 8 6 8 7 7 6 7 6 8 7
split_gain=58.3519 43.3367 45.1922 82.3656 79.8064 67.6507 68.1628 101.083 63.8029 61.6604 59.3906 62.6589 49.0543 47.7888 64.5152 51.1119 46.2545 43.2876 107.144 77.833 71.4475 87.1867 81.7334 99.8593 65.1393 78.4847 73.6663 101.137 146.125 108.53 95.5279 79.7811 77.812 78.8617 77.3047 75.8491 91.2107
threshold=10.751467710371822 9.5000000000000018 7.9841695306590958 431.00000000000006 455.00000000000006 7.0559823193659854 481.00000000000006 449.00000000000006 499.00000000000006 7.6195132788424278 8.4356324469076807 8.6544921295802073 8.5453328872532648 7.7567841447284218 489.00000000000006 8.4960526315789497 7.0797513760900506 6.6660897158517249 7.6195132788424278 529.00000000000011 11.500000000000002 5.5894777265745015 6.4860767326732676 6.6357207199145751 519.00000000000011 529.00000000000011 6.5965736391268317 7.7849144003247304 469.00000000000006 7.4896537817211648 5.6780753968253981 5.6780753968253981 485.00000000000006 4.0962030443866464 439.00000000000006 6.3612394064091964 5.9873024830699784
decision_type=2 2 2 2 2 2 2 2 2 2 2 2 2 2 2 2 2 2 2 2 2 2 2 2 2 2 2 2 2 2 2 2 2 2 2 2 2
left_child=1 2 5 9 10 8 7 12 -1 -4 -5 -12 16 -8 -15 -16 -7 18 19 -3 22 -22 -20 -24 26 -26 30 29 34 32 -23 -30 -28 -34 -29 36 -32
right_child=-2 17 3 4 -6 6 13 -9 -10 -11 11 -13 -14 14 15 -17 -18 -19 20 -21 21 24 23 -25 25 -27 27 28 31 -31 35 -33 33 -35 -36 -37 -38
leaf_value=0.0095264809514250762 0.059231629826510319 -0.0073226503340491321 -0.071601043551389257 0.071304591431122 -0.0015406768672965858 0.015145266773217848 -0.034010766142630752 -0.04618449528010745 -0.040650628868197286 -0.0051011457415353735 -0.023354448511049571 0.053536921984005781 0.01814923651145469 0.070684434084298642 0.03245310683980572 -0.042207471468850247 -0.038554680487809911 0.00098955702038073146 0.00041223007341953632 0.029469017132658169 0.077517221545687076 -0.0090305087930583963 -0.05173613343810262 -0.0016513328344514426 -0.033333859634896212 0.0089374069031195203 -0.0056080289988188923 -0.00012335683267279145 0.049333225197719453 -0.030936381819145067 -0.028763826834703476 -0.002413488684260019 -0.043450204356980916 0.021709049951766219 0.075508015036076584 0.07635980821334315 0.056641747184945371
leaf_weight=703 68 11110 91 131 597 93 90 601 122 154 89 85 192 73 80 71 225 63335 2937 241 72 174 301 357 346 376 1329 71 152 401 88 624 82 1077 253 196 123
leaf_count=703 68 11110 91 131 597 93 90 601 122 154 89 85 192 73 80 71 225 63335 2937 241 72 174 301 357 346 376 1329 71 152 401 88 624 82 1077 253 196 123
internal_value=0 -0.000123561 -0.00721529 0.00313159 0.0120767 -0.0124899 -0.0209404 -0.0283875 0.00210635 -0.0298011 0.0387311 0.0142074 -0.00741498 0.00540928 0.0212477 -0.0026522 -0.02285 0.000164448 -0.00240858 -0.0065415 0.00282781 0.00751038 -0.00415894 -0.0245625 0.00655791 -0.01132 0.00938239 0.00627891 0.0228067 -1.41328e-05 0.0306901 0.00772247 0.00496972 0.017099 0.0589345 0.0476714 0.0210224
internal_weight=0 87042 3397 1147 902 2250 1425 1111 825 245 305 174 510 314 224 151 318 83645 20310 11351 8959 5364 3595 658 5292 722 4570 3989 1100 2889 581 776 2488 1159 324 407 211
internal_count=87110 87042 3397 1147 902 2250 1425 1111 825 245 305 174 510 314 224 151 318 83645 20310 11351 8959 5364 3595 658 5292 722 4570 3989 1100 2889 581 776 2488 1159 324 407 211
is_linear=0
shrinkage=0.0640495


Tree=95
num_leaves=38
num_cat=0
split_feature=11 11 0 8 7 7 11 7 7 0 7 1 7 8 8 11 7 8 8 8 11 11 11 8 8 8 7 8 7 11 8 8 11 0 8 7 11
split_gain=37.7846 189.209 84.7795 67.7646 64.9107 83.715 67.3315 63.3826 112.392 58.6205 69.548 57.7693 70.7952 57.2018 87.8231 54.3403 54.1158 126.944 105.549 79.6285 67.0458 146.073 64.6385 62.0964 51.8198 67.0417 81.5549 66.8111 52.7413 49.7375 73.748 58.7951 92.8869 85.7647 57.7874 82.3116 55.8991
threshold=0.91653124705791045 0.96885838912311917 10.500000000000002 7.13818688981869 6.4577528837337956 8.5767622686181682 2.3733649301775555 6.6357207199145751 6.832876366391285 9.5000000000000018 9.1841889117043127 7.6195132788424278 6.9787935909519332 7.3944368961352671 7.9443899982136132 1.1199080598478302 7.7567841447284218 7.5266707758335345 8.3491858361333708 8.5264853391831483 1.7878345068563493 1.4615956989840002 1.4231290883919054 9.2204441760601199 8.3381646655231574 7.3010872595483702 7.8713247679485541 9.0145719489981797 8.6732026143790861 1.1654073884252953 6.5375285706243327 7.2336996336996346 1.0906577759691027 14.500000000000002 7.1793270908990712 8.1958395245170887 1.3048506925053427
decision_type=2 2 2 2 2 2 2 2 2 2 2 2 2 2 2 2 2 2 2 2 2 2 2 2 2 2 2 2 2 2 2 2 2 2 2 2 2
left_child=-1 24 3 11 13 6 7 -6 -9 -7 15 12 -3 -5 -15 -11 20 22 -19 -20 21 -10 -18 -21 25 -2 -27 -26 -28 30 -4 32 34 -34 35 -32 -31
right_child=1 2 29 4 5 9 -8 8 16 10 -12 -13 -14 14 -16 -17 17 18 19 23 -22 -23 -24 -25 27 26 28 -29 -30 36 31 -33 33 -35 -36 -37 -38
leaf_value=-0.0004510070370069077 0.017079029403490303 0.054618495496647247 -0.036978219917479689 0.071155836879431195 -0.070788434554865762 -0.020941353431826112 -0.072100638115713989 0.030953631431127605 -0.041282374399801126 -0.002437328547128287 -0.0034244546594782667 -0.037849590961636641 -0.028844204171166135 -0.032068274267306067 0.052545776239053037 0.04529987469768032 0.072817730954073567 -0.045529549440043372 0.06679108017652334 -0.046773585297160566 -0.092043935637412908 0.060803737197643516 -0.0056544336591146625 0.029640041611415084 -0.03291335469315352 0.089193458830651037 -0.0004717207471565793 0.040583637893520902 0.063607785896859823 -0.008051255991489344 -0.017455943249288189 0.008402608340619783 0.034118325579183532 0.11485598496303513 0.064941741261010807 0.054608392189396456 0.0044908250238200496
leaf_weight=71331 295 71 121 82 73 247 82 235 345 138 467 464 101 107 95 336 105 322 72 99 70 69 73 78 103 180 109 100 102 1869 249 1840 151 84 71 88 6626
leaf_count=71331 295 71 121 82 73 247 82 235 345 138 467 464 101 107 95 336 105 322 72 99 70 69 73 78 103 180 109 100 102 1869 249 1840 151 84 71 88 6626
internal_value=0 0.00301801 0.00129751 -0.00705506 -0.00314213 -0.00609043 -0.0155471 -0.0125377 -0.00964105 0.00682885 0.0141182 -0.0260968 0.00560842 0.0260399 0.00772546 0.0314017 -0.0173781 -0.00659163 -0.0213139 0.0100012 -0.0340703 -0.024268 0.0406353 -0.0130998 0.0317188 0.0401308 0.0575228 0.00329206 0.0305051 0.00410528 0.0118495 0.0142289 0.0309015 0.0629777 0.0124262 0.00136204 0.00173142
internal_weight=0 15719 14830 3731 3095 2811 1623 1541 1468 1188 941 636 172 284 202 474 1233 749 571 249 484 414 178 177 889 686 391 203 211 11099 2604 2483 643 235 408 337 8495
internal_count=87050 15719 14830 3731 3095 2811 1623 1541 1468 1188 941 636 172 284 202 474 1233 749 571 249 484 414 178 177 889 686 391 203 211 11099 2604 2483 643 235 408 337 8495
is_linear=0
shrinkage=0.0640495


Tree=96
num_leaves=38
num_cat=0
split_feature=10 0 7 7 11 8 7 8 8 11 7 0 7 11 0 7 8 11 11 11 10 10 7 8 7 10 7 7 8 7 10 10 8 7 0 11 11
split_gain=33.612 49.2501 58.9683 63.1102 56.3356 110.121 67.8912 53.8064 53.3735 50.7075 45.7346 61.2629 86.6141 74.7751 59.9917 109.211 64.1463 76.0479 68.8727 71.0377 71.5062 77.5141 91.362 71.2046 97.4111 71.0229 64.9626 61.5489 60.6983 69.7918 98.3931 66.2645 57.7217 66.493 56.4725 55.6225 90.918
threshold=4.5000000000000009 11.500000000000002 7.4137027846705275 7.6571645740280472 -1.4138345662614997 8.2540279365267875 6.007751937984497 7.3097824042729265 6.6485372340425544 -0.53747780328808226 6.4034943328787106 12.500000000000002 4.0962030443866464 -0.019959933744776764 11.500000000000002 5.7488095238095243 7.7996112237998654 0.17340500491267866 -1.3879996605992078 -0.21170539704336669 11.500000000000002 8.5000000000000018 5.7271371221407223 6.9236294620045262 5.7250858113811374 13.500000000000002 5.6190476190476195 5.7250858113811374 7.9443899982136132 5.6890640426824648 9.5000000000000018 11.500000000000002 6.8605188340293486 6.007751937984497 10.500000000000002 -0.68586973745291868 -0.57804729738755045
decision_type=2 2 2 2 2 2 2 2 2 2 2 2 2 2 2 2 2 2 2 2 2 2 2 2 2 2 2 2 2 2 2 2 2 2 2 2 2
left_child=1 2 -1 9 5 6 -3 8 -5 -4 11 14 13 -13 16 27 17 18 -2 20 21 -20 -23 24 26 -22 -21 -16 -18 34 -31 -32 -17 -34 -30 -14 -37
right_child=10 4 3 7 -6 -7 -8 -9 -10 -11 -12 12 35 -15 15 32 28 -19 19 23 25 22 -24 -25 -26 -27 -28 -29 29 30 31 -33 33 -35 -36 36 -38
leaf_value=-0.0014879318958074697 -0.02331885217581945 -0.033799088954019792 -0.0034572726705401624 -0.028557954939951346 -0.00083461992379290501 0.081477922834912286 0.020019258361133861 -0.016791694836868945 0.012970250027835728 -0.05658678143291436 0.0015705326923424021 -0.063480853652517183 -0.0081444595056614985 -0.00090163622694369727 -0.014082194268048064 -0.074775132483579212 -0.058610808360788094 -0.019255507031511892 0.022598687219085575 -0.022499001230185209 -0.055384806659911544 0.029268821427520304 0.12130301320555338 0.017706609053116839 -0.062614656534314833 0.033386589874292244 0.050713135338569942 0.029110138613576329 -0.011550005202694487 -0.0042543796225836157 -0.11200150452954589 -0.027952087971780469 -0.0018863989912656063 -0.057042143065678945 0.065291151153992422 0.053820155851161282 0.0066801102662107552
leaf_weight=3737 238 126 108 162 15601 97 406 1610 587 232 56020 146 956 169 714 161 133 526 334 124 72 89 88 452 138 76 83 167 80 361 69 87 185 174 77 180 2485
leaf_count=3737 238 126 108 162 15601 97 406 1610 587 232 56020 146 956 169 714 161 133 526 334 124 72 89 88 452 138 76 83 167 80 361 69 87 185 174 77 180 2485
internal_value=0 -0.00195702 -0.00669817 -0.0139122 -7.69201e-05 0.0187162 0.00727281 -0.0101939 0.00398818 -0.0397103 0.000910926 -0.00350695 0.00230717 -0.0299066 -0.00867506 -0.0196334 -0.00360316 0.00201839 0.0086241 0.0138455 0.029404 0.0407584 0.0750259 0.000981027 -0.0209319 -0.00979949 0.00685659 -0.00589477 -0.0190676 -0.0112646 -0.0226224 -0.0651278 -0.0429098 -0.0286193 0.0261364 0.00510953 0.00986405
internal_weight=0 22666 6436 2699 16230 629 532 2359 749 340 64384 8364 3936 315 4428 1401 3027 2220 1694 1456 659 511 177 797 345 148 207 881 807 674 517 156 520 359 157 3621 2665
internal_count=87050 22666 6436 2699 16230 629 532 2359 749 340 64384 8364 3936 315 4428 1401 3027 2220 1694 1456 659 511 177 797 345 148 207 881 807 674 517 156 520 359 157 3621 2665
is_linear=0
shrinkage=0.0640495


Tree=97
num_leaves=38
num_cat=0
split_feature=6 0 6 8 8 8 6 6 6 7 6 7 6 7 6 7 0 8 8 1 8 8 8 6 6 6 6 7 8 6 8 8 8 8 8 7 7
split_gain=34.7888 30.328 93.9529 72.1778 98.121 95.6071 116.492 88.6103 79.1967 85.2998 71.7029 133.37 126.375 77.0338 71.6485 70.4407 61.589 129.89 148.131 140.691 140.117 126.853 106.592 97.3537 96.7208 145.373 96.6713 95.1523 134.872 95.4665 88.9781 82.3327 118.175 130.073 99.0093 79.6685 74.7586
threshold=371.00000000000006 14.500000000000002 405.00000000000006 6.6707122216556192 6.4664575289575295 6.8075940480471235 473.00000000000006 497.00000000000006 521.00000000000011 6.6660897158517249 475.00000000000006 6.8288034558369777 523.00000000000011 6.4577528837337956 485.00000000000006 7.5155693950177946 15.500000000000002 6.8993345236162975 7.1823775963809062 7.6195132788424278 7.2336996336996346 7.2056564780767731 6.8896451497583042 475.00000000000006 469.00000000000006 491.00000000000006 461.00000000000006 6.691934374886416 6.9923728068934405 511.00000000000006 9.9068376068376089 7.4526895775466127 7.1958634551131624 7.1823775963809062 7.4896537817211648 5.9873024830699784 7.5155693950177946
decision_type=2 2 2 2 2 2 2 2 2 2 2 2 2 2 2 2 2 2 2 2 2 2 2 2 2 2 2 2 2 2 2 2 2 2 2 2 2
left_child=-1 -2 -3 4 10 6 -5 -6 9 -9 -4 12 13 14 -12 -13 17 23 19 26 21 24 -18 -7 -20 -26 -19 -24 -29 31 -22 32 33 -30 -33 -25 -34
right_child=1 2 3 5 7 16 -8 8 -10 -11 11 15 -14 -15 -16 -17 22 18 20 -21 30 -23 27 35 25 -27 -28 28 29 -31 -32 34 36 -35 -36 -37 -38
leaf_value=0.044050720365983238 -0.0005445795422513223 0.072440795770316285 0.017088904417136168 -0.066664379790276923 0.012842463765015221 -0.0029422480723678116 -0.0073663252124479776 0.02243229397360829 -0.0072728436000300788 0.087152753412047479 -0.060534270984916767 0.046353203289930575 0.038469389162860669 -0.066365191646932761 -0.0050264947259549787 -0.0020480453107795398 -0.043047196900272561 0.036162157424322904 -0.035072098311206577 -0.033986424357442924 0.0035646969715088643 0.089401240905462906 -0.017817415898036811 0.11338598702583041 0.095281647589792254 0.0041505956912146341 -0.0087742034265138342 0.055281007878928909 -0.00018668145297966477 -0.025067631379247404 0.077768791503207202 0.055090830617690732 0.0030817317894387998 0.087749390005949834 0.0061115823960767243 0.038801154739022556 -0.03926950292625056
leaf_weight=74 66631 78 736 184 1109 190 520 141 88 205 131 209 114 213 351 301 268 254 100 782 6271 145 1228 73 113 197 866 188 466 553 67 180 250 81 2851 301 541
leaf_count=74 66631 78 736 184 1109 190 520 141 88 205 131 209 114 213 351 301 268 254 100 782 6271 145 1228 73 113 197 866 188 466 553 67 180 250 81 2851 301 541
internal_value=0 0.00011631 0.00228076 0.00201074 0.0102378 0.000234921 -0.0228647 0.0224443 0.0469799 0.0607782 0.00107262 -0.00786445 -0.0240353 -0.0342879 -0.0201126 0.017787 0.00125353 0.00459577 0.002685 -0.0131391 0.00705138 0.0379107 -0.00348156 0.0343924 0.0197007 0.0373693 0.00141672 -0.00180854 0.0020386 4.9593e-06 0.00434912 0.00317849 -0.0100551 0.0128349 0.00902028 0.0533592 -0.0258842
internal_weight=0 86976 20345 20267 3598 16669 704 1543 434 346 2055 1319 809 695 482 510 15965 9359 8795 1902 6893 555 6606 564 410 310 1120 6338 5110 4922 6338 4369 1338 547 3031 374 791
internal_count=87050 86976 20345 20267 3598 16669 704 1543 434 346 2055 1319 809 695 482 510 15965 9359 8795 1902 6893 555 6606 564 410 310 1120 6338 5110 4922 6338 4369 1338 547 3031 374 791
is_linear=0
shrinkage=0.0640495


Tree=98
num_leaves=38
num_cat=0
split_feature=0 8 8 8 8 8 8 0 8 8 1 1 8 8 0 8 8 8 0 8 8 8 8 8 8 1 8 8 8 8 8 8 8 0 1 8 8
split_gain=25.2182 59.7873 110.054 84.8625 43.9526 177.704 107.498 52.1417 216.16 106.119 49.2308 43.0097 85.6266 78.0915 46.3673 43.751 41.1017 89.5498 66.0543 90.5263 55.0038 49.5668 101.65 98.572 87.3303 140.023 73.8145 53.8413 67.5085 48.738 46.8638 46.1826 51.4341 43.8575 43.1193 49.7929 41.4421
threshold=14.500000000000002 6.7118673955210726 6.7695441920444415 6.4664575289575295 7.1823775963809062 7.1718190117185321 7.2336996336996346 15.500000000000002 7.1958634551131624 7.2056564780767731 7.6195132788424278 7.6195132788424278 6.9112912393988326 6.8513927907495091 15.500000000000002 6.9477629817515689 7.3743593982476456 7.3215782414099868 15.500000000000002 7.3123473748473762 7.3273436157415377 7.5819075324501624 7.6687814840027242 7.92049995005494 8.0985446760823869 7.6195132788424278 7.8024042950513541 8.0628775000904209 7.9291598023064251 7.6547750737463138 7.5611335398647741 8.1611061565669569 8.1707303732977721 15.500000000000002 7.6195132788424278 8.1955959278931285 7.9443899982136132
decision_type=2 2 2 2 2 2 2 2 2 2 2 2 2 2 2 2 2 2 2 2 2 2 2 2 2 2 2 2 2 2 2 2 2 2 2 2 2
left_child=-1 3 -3 -2 5 11 7 9 -9 -6 -7 -4 13 14 -13 -14 17 18 19 -8 -19 30 29 26 25 36 33 28 -27 -23 -18 -26 -33 -24 -34 -36 -25
right_child=1 2 4 -5 6 10 16 8 -10 -11 -12 12 15 -15 -16 -17 21 20 -20 -21 -22 22 23 24 31 27 -28 -29 -30 -31 -32 32 34 -35 35 -37 -38
leaf_value=-0.00045837646027602208 0.00087563429868323475 -0.038154226201360886 0.0044011012549514559 0.02046213062841231 0.019944968933226073 -0.01994245247174712 0.0039623842115935528 0.063097785647339019 -0.042260661923414503 0.083675132511235775 -0.086477065765280775 0.012579549215941481 -0.054666471173675062 0.03808314356170403 -0.039774866800341355 -0.014669834976261105 0.0093585677950271569 -0.070984605901163969 -0.017163705716860111 0.068477634698057316 -0.019208744734003053 -0.015075132795899063 -0.0038208272255603648 -0.0032567973698400432 0.034158472135836865 -0.04006906888261947 0.037536889657860617 -0.034582472838746221 0.027195017974852652 -0.063045967789868804 0.055082604510614912 -0.038688642826038719 0.010343270694329262 0.024179949934377793 0.03152338235267943 -0.0064410644510294835 -0.045806158873087449
leaf_weight=66698 2060 297 2180 1622 411 70 628 143 181 145 131 153 126 250 127 1024 2183 115 495 104 314 710 577 116 191 73 507 105 379 99 96 124 1810 381 154 1778 493
leaf_count=66698 2060 297 2180 1622 411 70 628 143 181 145 131 153 126 250 127 1024 2183 115 495 104 314 710 577 116 191 73 507 105 379 99 96 124 1810 381 154 1778 493
internal_value=0 0.00211733 0.00048582 0.00950391 0.00118674 -0.00459146 0.00309262 0.0246637 0.00424013 0.0365652 -0.0633058 -0.00153405 -0.00923562 0.0120642 -0.0111669 -0.0190521 0.00143214 -0.00789901 0.000907919 0.0131285 -0.0330881 0.00301279 0.000498242 0.00309214 -0.00102603 -0.0164747 0.0177742 0.00673377 0.0163316 -0.0209455 0.0112846 0.003414 0.00189506 0.00731518 0.0032399 -0.00341491 -0.0377015
internal_weight=0 20352 16670 3682 16373 4061 12312 880 324 556 201 3860 1680 530 280 1150 11432 1656 1227 732 429 9776 7497 6688 5223 1166 1465 557 452 809 2279 4057 3866 958 3742 1932 609
internal_count=87050 20352 16670 3682 16373 4061 12312 880 324 556 201 3860 1680 530 280 1150 11432 1656 1227 732 429 9776 7497 6688 5223 1166 1465 557 452 809 2279 4057 3866 958 3742 1932 609
is_linear=0
shrinkage=0.0640495


Tree=99
num_leaves=38
num_cat=0
split_feature=11 11 0 6 8 6 6 11 8 6 8 6 6 11 11 11 8 1 8 8 11 0 6 6 8 1 6 8 8 8 8 8 11 11 8 8 6
split_gain=34.2833 165.589 70.5424 113.299 72.4871 61.9349 78.6098 45.0302 65.311 69.431 57.0399 181.299 60.7554 88.5354 49.6637 90.9989 102.608 84.8734 137.531 71.2028 68.7118 69.2569 164.32 71.9431 67.1265 117.1 127.751 136.569 138.46 72.9948 67.2341 128.883 64.91 60.7232 155.376 52.9833 50.9401
threshold=0.91653124705791045 0.96885838912311917 10.500000000000002 497.00000000000006 7.9443899982136132 479.00000000000006 497.00000000000006 1.1654073884252953 6.5827604726100981 471.00000000000006 7.2336996336996346 507.00000000000006 457.00000000000006 1.0487167347901585 1.3048506925053427 1.4073077586230505 7.1958634551131624 7.6195132788424278 6.8311910785819707 8.8929345346715341 1.7878345068563493 15.500000000000002 473.00000000000006 475.00000000000006 8.2540279365267875 7.6195132788424278 459.00000000000006 6.8993345236162975 7.3743593982476456 7.1278335872073226 8.7478991596638682 9.5828282828282845 1.2172903989140984 1.6514131487820507 7.3123473748473762 7.4858461491046944 487.00000000000006
decision_type=2 2 2 2 2 2 2 2 2 2 2 2 2 2 2 2 2 2 2 2 2 2 2 2 2 2 2 2 2 2 2 2 2 2 2 2 2
left_child=-1 5 3 -3 -5 -2 -7 8 9 -4 11 12 -10 -14 24 16 17 18 -16 36 33 23 -23 -22 25 26 29 -28 -29 -9 32 -32 -26 -17 -35 -31 -18
right_child=1 2 7 4 -6 6 -8 14 10 -11 -12 -13 13 -15 15 20 19 -19 -20 -21 21 22 -24 -25 30 -27 27 28 -30 35 31 -33 -34 34 -36 -37 -38
leaf_value=-0.00046208170962817115 0.018228881583330584 -0.0030978464077478672 0.011858608367614961 -0.066381755831911624 0.00085803647087849717 0.086445589518916718 0.018430628532317292 -0.034129286444541995 -0.0098019002704371003 -0.077794727119018969 0.0079304248859196833 0.12102418602619766 -0.0053117135095528756 0.061801552193772522 -0.022666737150746543 -0.0011747428412766418 -0.010040679454383465 0.097938328506809169 0.062932671847853741 0.060024652562313291 0.027660912319388459 -0.055956912698319546 0.036801012923456708 -0.0017127370405834788 -0.087768129533601566 0.019330133050747395 0.023108931121161674 -0.10751742745018474 -0.023520576876446882 0.078634133358214009 0.058461191627619404 -0.057386324211514156 -0.025833588692630652 -0.068510140465826486 0.0027623930863464978 0.011245814849212485 0.026504611951485759
leaf_weight=71331 609 3433 74 200 98 149 131 91 210 68 1840 79 137 196 126 3036 548 97 198 92 913 183 137 547 100 649 105 145 181 73 87 72 227 204 326 139 219
leaf_count=71331 609 3433 74 200 98 149 131 91 210 68 1840 79 137 196 126 3036 548 97 198 92 913 183 137 547 100 649 105 145 181 73 87 72 227 204 326 139 219
internal_value=0 0.0028423 0.00123277 -0.00638627 -0.0442693 0.029692 0.0546243 0.00379395 0.0111626 -0.031074 0.0135987 0.0303664 0.0171768 0.0341904 0.00153522 0.00413617 0.0194759 0.0453793 0.029644 0.00678054 0.00046336 0.0107411 -0.0162449 0.0166559 -0.00768571 -0.000490139 -0.0180151 -0.0404195 -0.0608811 0.0138538 -0.028162 0.00600194 -0.0447738 -0.00466687 -0.0246708 0.0344503 0.000394026
internal_weight=0 15719 14830 3731 298 889 280 11099 2604 142 2462 622 543 333 8495 6626 1280 421 324 859 5346 1780 320 1460 1869 1383 734 431 326 303 486 159 327 3566 530 212 767
internal_count=87050 15719 14830 3731 298 889 280 11099 2604 142 2462 622 543 333 8495 6626 1280 421 324 859 5346 1780 320 1460 1869 1383 734 431 326 303 486 159 327 3566 530 212 767
is_linear=0
shrinkage=0.0640495


Tree=100
num_leaves=38
num_cat=0
split_feature=11 11 0 6 0 11 11 6 6 6 6 6 6 11 11 11 11 11 6 6 11 11 6 6 6 6 6 11 0 0 11 11 11 6 6 11 11
split_gain=30.7638 153.964 58.356 63.8554 59.4628 52.4703 70.8342 62.4314 62.1081 73.7652 53.4419 49.6073 70.5812 49.3199 48.1411 92.7448 60.5891 124.872 52.5698 97.6597 71.305 48.0397 55.9773 51.5632 65.8916 49.6555 75.9278 48.0061 77.0173 46.3817 75.5546 52.5854 46.0794 109.803 55.3795 44.865 44.1623
threshold=0.91653124705791045 0.96885838912311917 10.500000000000002 497.00000000000006 15.500000000000002 1.7878345068563493 1.5793802258642813 457.00000000000006 481.00000000000006 513.00000000000011 475.00000000000006 479.00000000000006 497.00000000000006 1.6207402974757061 2.3733649301775555 2.6441154546989658 1.2433309458161206 1.2570152787394597 457.00000000000006 485.00000000000006 1.9008441617411609 1.0906577759691027 465.00000000000006 465.00000000000006 425.00000000000006 473.00000000000006 481.00000000000006 1.9008441617411609 12.500000000000002 9.5000000000000018 1.6514131487820507 1.4231290883919054 1.6514131487820507 473.00000000000006 461.00000000000006 1.3358494873934255 1.5431056550496984
decision_type=2 2 2 2 2 2 2 2 2 2 2 2 2 2 2 2 2 2 2 2 2 2 2 2 2 2 2 2 2 2 2 2 2 2 2 2 2
left_child=-1 11 3 14 5 6 -4 -8 -9 13 27 -2 -13 -10 16 -16 21 -18 36 20 29 22 -3 24 -23 -24 -27 28 -7 -20 31 35 -6 34 -34 -31 -19
right_child=1 2 4 -5 32 10 7 8 9 -11 -12 12 -14 -15 15 -17 17 18 19 -21 -22 23 25 -25 -26 26 -28 -29 -30 30 -32 -33 33 -35 -36 -37 -38
leaf_value=-0.0004578885834259415 0.018166306314219588 -0.012226799920486359 0.0060158147859200074 -0.034250412220253608 -0.0015548057332201899 0.1061156797989774 0.0096352975413661855 -0.048315844991546612 -0.023845378732052964 -0.065614077971980447 0.0010141458091385029 0.080375065676206212 0.01648471059048686 0.029152541416133972 -0.085469921875920368 0.0049365849901768103 0.09111086313229981 -0.001744807781550611 -0.054802781532358076 0.038794321481305523 -0.067786856748947397 -0.05528511893422991 0.064678882016206404 -0.04890693496369683 0.001289906469895108 -0.044879702748311177 0.037814190088040815 0.018849476480965317 0.022489546416996395 -0.027382841741595141 0.051944423756546426 -0.055435457686854775 -0.034597334550101964 0.011854951088375235 -0.10389321291169462 0.03574559326923149 0.025669048012300095
leaf_weight=71289 607 540 6491 298 1783 74 338 262 125 72 542 152 133 170 83 106 69 454 80 134 112 109 83 219 375 75 116 717 116 96 85 96 161 181 67 89 514
leaf_count=71289 607 540 6491 298 1783 74 338 262 125 72 542 152 133 170 83 106 69 454 80 134 112 109 83 219 375 75 116 717 116 96 85 96 161 181 67 89 514
internal_value=0 0.00267205 0.00111778 -0.00580965 0.00344772 0.00577341 0.00360655 -0.0125656 -0.0244956 -0.00749034 0.0169262 0.0285162 0.0505596 0.0066958 -0.0033423 -0.0347657 -0.00151265 0.00668396 0.00317465 -0.0103061 -0.0220973 -0.0108547 -0.000262477 -0.0231195 -0.0114512 0.0233168 0.00534277 0.0264349 0.0550597 -0.0106236 -0.000967003 -0.0169722 -0.0060025 -0.0253919 -0.0549606 0.00298705 0.0128117
internal_weight=0 15724 14832 3733 11099 8907 7458 967 629 367 1449 892 285 295 3435 189 3246 1729 1660 692 558 1517 814 703 484 274 191 907 190 446 366 281 2192 409 228 185 968
internal_count=87013 15724 14832 3733 11099 8907 7458 967 629 367 1449 892 285 295 3435 189 3246 1729 1660 692 558 1517 814 703 484 274 191 907 190 446 366 281 2192 409 228 185 968
is_linear=0
shrinkage=0.0640495


Tree=101
num_leaves=38
num_cat=0
split_feature=7 0 11 11 7 7 7 8 11 7 0 11 11 0 11 7 0 7 8 0 7 8 1 0 7 7 8 7 7 7 11 11 11 11 7 8 8
split_gain=27.27 29.0895 98.8259 26.9991 30.1513 57.4008 36.8332 34.8705 26.8254 125.946 54.2112 25.6808 73.8643 137.236 70.6119 88.8366 61.907 84.5459 74.2163 83.7282 68.7265 67.4763 61.8651 111.493 109.239 131.282 95.6601 87.1839 73.0778 91.1664 88.0193 59.5764 113.7 90.8113 109.541 108.148 81.406
threshold=3.9385382059800667 16.500000000000004 -0.60135131931762131 2.6441154546989658 7.5961589198417014 8.4583615627822955 8.0097202166065014 8.3267392085487995 -2.2337670226046158 6.0649013499480793 12.500000000000002 -1.0510038753468349 -1.3879996605992078 11.500000000000002 -0.850527096876043 5.1213188220230483 12.500000000000002 6.4034943328787106 8.1955959278931285 14.500000000000002 5.8784722222222232 9.6969899028386379 7.6195132788424278 12.500000000000002 8.3615603062827528 8.7320895522388078 7.6100679004927301 9.7698982586577987 7.0925207809044464 6.007751937984497 -1.199133676478481 -0.5212145416990851 -0.31008004747684909 -0.6667223348692507 6.3168021168021182 5.9960656443102627 9.6232351135666061
decision_type=2 2 2 2 2 2 2 2 2 2 2 2 2 2 2 2 2 2 2 2 2 2 2 2 2 2 2 2 2 2 2 2 2 2 2 2 2
left_child=-1 3 -3 8 -5 6 -6 -7 9 -2 -11 12 13 -10 15 -13 -17 20 19 -19 -18 -20 23 28 26 -26 -24 -27 29 -14 -30 33 -33 35 -35 -16 -37
right_child=1 2 -4 4 5 7 -8 -9 11 10 -12 14 22 -15 31 16 17 18 21 -21 -22 -23 24 -25 25 27 -28 -29 30 -31 -32 32 -34 34 -36 36 -38
leaf_value=-0.018861998003552372 -0.038355583727927342 0.086005779099192034 -0.0078941182415160297 0.042453458105774784 0.0060430351933612242 0.048697807002200298 -0.056689367190801879 -0.0061531578081140343 -0.013154145695705196 0.012375719796448739 0.082714211370843949 -0.05224909067216451 0.031870599974655293 0.014607991586022558 -0.038966253675713478 0.014713698663060977 0.0040950934291657986 -0.020149825488996437 0.027520287230438405 0.0097598836057115144 0.065223392047364173 -0.037824474099984837 -0.0041638082432133581 -0.02531690872560791 -0.056496859223757009 0.01582252189062236 0.0303694206113399 -0.061815643715696214 -0.014999979912617966 -0.048540105839703578 0.055220774081253324 0.0094685973228598782 -0.00022357946960372449 0.010806215731405692 -0.013387647260079781 0.0027278343446873791 -0.038640803624355437
leaf_weight=310 99 70 134 124 81 127 73 76 1191 81 101 101 93 1889 277 2924 161 1110 441 587 142 76 868 1604 275 317 530 73 118 153 193 5481 52780 900 5223 8030 200
leaf_count=310 99 70 134 124 81 127 73 76 1191 81 101 101 93 1889 277 2924 161 1110 441 587 142 76 868 1604 275 317 530 73 118 153 193 5481 52780 900 5223 8030 200
internal_value=0 0.000168619 0.0243264 0.000111645 0.015244 0.00579312 -0.0236938 0.0281625 2.70268e-05 0.0197842 0.0514097 -3.77267e-05 -0.00367022 0.0038727 0.000300546 0.00727017 0.00837501 0.00101135 -0.00333129 -0.00980392 0.0327427 0.0179145 -0.00917027 -0.0167438 -0.00123695 -0.0226067 0.00892819 0.00129025 0.00794424 -0.0181409 0.0285775 -0.000229363 0.000688228 -0.00388349 -0.00983147 0.000397637 0.00172252
internal_weight=0 86703 204 86499 481 357 154 203 86018 281 182 85737 7304 3080 78433 5542 5441 2517 2214 1697 303 517 4224 2161 2063 665 1398 390 557 246 311 72891 58261 14630 6123 8507 8230
internal_count=87013 86703 204 86499 481 357 154 203 86018 281 182 85737 7304 3080 78433 5542 5441 2517 2214 1697 303 517 4224 2161 2063 665 1398 390 557 246 311 72891 58261 14630 6123 8507 8230
is_linear=0
shrinkage=0.0640495


Tree=102
num_leaves=38
num_cat=0
split_feature=10 6 6 0 6 7 11 7 7 6 7 7 6 0 7 0 7 11 11 11 7 6 7 10 7 6 6 11 11 6 11 11 11 6 11 7 11
split_gain=29.0301 55.8108 46.3799 125.84 40.852 86.4744 71.0971 79.2327 46.2887 42.106 75.1608 77.6399 62.6977 42.5446 67.5729 76.8868 48.5433 106.723 82.7217 111.596 50.9309 53.7906 50.6598 51.5164 77.5417 42.4669 64.5295 70.2126 55.1669 62.6516 83.1209 62.4594 124.998 67.0308 58.7396 79.5875 59.585
threshold=8.5000000000000018 391.00000000000006 551.00000000000011 12.500000000000002 533.00000000000011 7.0925207809044464 -0.89439442200710972 8.3461820851688717 6.691934374886416 467.00000000000006 5.8784722222222232 6.007751937984497 429.00000000000006 12.500000000000002 9.3667929292929308 14.500000000000002 9.7698982586577987 0.66431220772538069 -0.12062799288833712 -0.5304909362966882 6.4034943328787106 409.00000000000006 8.928837019194523 10.500000000000002 7.9949537426408757 471.00000000000006 475.00000000000006 -1.3127955598683403 1.5793802258642813 485.00000000000006 -1.5607396997260747 1.4817261777209236 1.4433737494779446 499.00000000000006 1.2172903989140984 9.4103938907515943 -0.94808783641903771
decision_type=2 2 2 2 2 2 2 2 2 2 2 2 2 2 2 2 2 2 2 2 2 2 2 2 2 2 2 2 2 2 2 2 2 2 2 2 2
left_child=1 -1 4 -4 9 8 -7 -8 -6 10 12 -12 -2 16 -15 -16 20 18 19 -18 -13 22 23 -22 -25 -11 27 -27 29 30 -28 32 -31 -33 35 36 -32
right_child=2 -3 3 -5 5 6 7 -9 -10 25 11 13 -14 14 15 -17 17 -19 -20 -21 21 -23 -24 24 -26 26 28 -29 -30 31 34 33 -34 -35 -36 -37 -38
leaf_value=0.028473096529130645 0.037342675828860097 -0.00082095432186367085 0.02842619749473246 -0.089867230068716927 0.030556597764520251 0.049932605294887238 -0.062564277527210332 0.015444047639606794 0.09650369546515597 -0.011169807024178887 0.048721818710118686 -0.028421858953397532 -0.028255006091310094 -0.0024450143996221189 0.0077877716730155146 0.066072051614233462 -0.041488835797128358 0.022444916532383768 -0.070134460737533572 0.05175784066431624 -0.054359737259557075 0.012463424841116373 0.023424484879011252 0.036792548996781936 -0.036400940001940996 -0.048047229582091948 -0.0723313441093896 0.016913326711863463 -0.02366740904489632 0.0028197624894913346 0.01754463143458795 -0.001500925692401708 -0.081976401797572082 0.080048070358499646 0.021871836532003815 -0.046819948677937866 -0.009978955324787436
leaf_weight=268 69 59754 70 78 122 81 99 116 68 1426 168 140 447 4210 361 125 144 260 139 83 129 5604 141 106 135 72 80 1313 428 7500 379 78 72 88 278 211 2171
leaf_count=268 69 59754 70 78 122 81 99 116 68 1426 168 140 447 4210 361 125 144 260 139 83 129 5604 141 106 135 72 80 1313 428 7500 379 78 72 88 278 211 2171
internal_value=0 -0.000690156 0.00183895 -0.0339176 0.0020361 0.0204369 -0.00120883 -0.0204761 0.0541587 0.0016968 0.00444169 0.0054928 -0.0194832 0.00486548 0.000165435 0.0227786 0.00807307 -0.00893211 -0.0312218 -0.00739424 0.00977495 0.0106494 -0.00924397 -0.0216933 -0.00420795 -0.000690761 0.000488649 0.0135363 -0.00111268 -0.000223539 -0.00788716 0.00286548 0.00201346 0.0417299 -0.0061907 -0.00901626 -0.00588819
internal_weight=0 60022 26991 148 26843 486 296 215 190 26357 12261 11745 516 11577 4696 486 6881 626 366 227 6255 6115 511 370 241 14096 12670 1385 11285 10857 3119 7738 7572 166 3039 2761 2550
internal_count=87013 60022 26991 148 26843 486 296 215 190 26357 12261 11745 516 11577 4696 486 6881 626 366 227 6255 6115 511 370 241 14096 12670 1385 11285 10857 3119 7738 7572 166 3039 2761 2550
is_linear=0
shrinkage=0.0640495


Tree=103
num_leaves=38
num_cat=0
split_feature=10 8 7 7 8 7 8 8 7 7 8 8 8 7 10 8 8 8 8 7 10 8 8 8 10 10 8 10 8 8 8 10 8 10 10 7 8
split_gain=26.0171 35.0791 49.6115 83.8354 45.2761 32.6031 42.3282 57.4354 50.3777 38.3611 44.4615 97.3366 54.1693 33.4934 57.8051 48.3367 44.9018 86.283 57.8455 51.368 48.4444 34.0592 69.5739 202.556 108.708 88.5942 89.2725 57.5703 43.0514 58.4191 70.678 78.4611 59.8362 68.2378 46.3411 81.8238 35.4497
threshold=3.5000000000000004 8.7406597774244847 6.4860767326732676 8.5453328872532648 8.7150620129180947 6.0649013499480793 9.0441035172262865 8.0628775000904209 5.6190476190476195 6.007751937984497 7.9443899982136132 7.9116347018279898 7.9744877395819556 5.6190476190476195 14.500000000000002 7.0459749214476917 6.5999183372408536 7.2056564780767731 7.5462418074054431 4.9520000000000008 4.5000000000000009 7.7849144003247304 7.4020206525558896 7.4351124343188397 8.5000000000000018 10.500000000000002 6.593790707772472 6.5000000000000009 7.2921076380342944 7.182897780805316 7.2056564780767731 7.3095206087166948 7.1718190117185321 9.5000000000000018 6.5000000000000009 5.9386913719588668 6.1745071255807487
decision_type=2 2 2 2 2 2 2 2 2 2 2 2 2 2 2 2 2 2 2 2 2 2 2 2 2 2 2 2 2 2 2 2 2 2 2 2 2
left_child=1 4 -3 -4 -1 6 7 9 -9 10 11 13 -12 16 21 -16 19 20 -19 -2 -18 22 25 -24 -25 28 -27 -23 29 32 -31 -32 33 34 36 -36 -15
right_child=5 2 3 -5 -6 -7 -8 8 -10 -11 12 -13 -14 14 15 -17 17 18 -20 -21 -22 27 23 24 -26 26 -28 -29 -30 30 31 -33 -34 -35 35 -37 -38
leaf_value=-0.0024080290224526854 -0.014991988433448693 0.062335109420594711 -0.017075483633590752 0.035584911916889408 -0.041731941095035766 0.0011239537002813702 0.038765552596571544 0.022562067731469976 -0.02601156042259696 -0.042766073064444216 0.057406658065009532 -0.075455331563374139 -0.00022351496689850721 0.042593808247657114 0.074809974985529409 0.0037306317634653056 0.058745143907099964 -0.035877934437747672 0.017675917438892207 -0.067656432111476317 0.007606426118369188 0.020398055595843411 0.094100055273274169 -0.011369672815270015 0.048757012519985828 0.022258142249258452 -0.043944972646050608 -0.044999296807716464 -0.023891808766838614 0.056603064989468529 -0.033984020174810517 0.039269397821497513 -0.056413629086267091 0.046243459592256488 -0.00011720840859055475 -0.039168236334163116 0.0052347150594420728
leaf_weight=16373 652 74 281 222 121 62183 97 100 706 93 115 74 160 122 79 78 89 325 111 86 520 83 123 472 167 109 358 165 251 177 118 122 75 133 1003 282 714
leaf_count=16373 652 74 281 222 121 62183 97 100 706 93 115 74 160 122 79 78 89 325 111 86 520 83 123 472 167 109 358 165 251 177 118 122 75 133 1003 282 714
internal_value=0 -0.00215346 0.0133699 0.00616628 -0.00269651 0.000635477 -0.00327932 -0.0038116 -0.0199851 -0.00191023 -0.00134841 -0.00241759 0.0238764 -0.00157493 0.00129697 0.0394967 -0.00903414 -0.000492481 -0.0222438 -0.021129 0.0150799 -4.35245e-05 0.00131025 0.0188323 0.00434419 -0.0025442 -0.0284929 -0.0231123 0.00149918 0.00382006 0.0258981 0.00325313 -0.000132938 0.00173976 -0.00105091 -0.00868716 0.0106866
internal_weight=0 17071 577 503 16494 69942 7759 7662 806 6856 6763 6488 275 6414 4631 157 1783 1045 436 738 609 4474 4226 762 639 3464 467 248 2997 2746 417 240 2329 2254 2121 1285 836
internal_count=87013 17071 577 503 16494 69942 7759 7662 806 6856 6763 6488 275 6414 4631 157 1783 1045 436 738 609 4474 4226 762 639 3464 467 248 2997 2746 417 240 2329 2254 2121 1285 836
is_linear=0
shrinkage=0.0640495


Tree=104
num_leaves=38
num_cat=0
split_feature=7 6 6 6 6 7 7 6 6 6 6 6 6 6 7 6 1 6 6 7 6 7 7 7 6 1 7 7 7 6 6 6 6 1 6 6 6
split_gain=23.5034 52.3914 21.0959 35.4325 34.2816 19.5774 29.5662 62.5585 90.8241 31.2084 31.4871 44.8088 43.5393 30.6193 95.7947 120.473 57.461 135.607 71.152 66.7109 60.6309 48.8896 44.1319 39.9637 39.6088 31.5757 29.0579 23.1997 89.9388 66.6092 55.6929 48.1371 40.2248 37.5344 59.7985 69.2704 80.2721
threshold=3.9385382059800667 481.00000000000006 371.00000000000006 379.00000000000006 391.00000000000006 9.4193446949779904 9.4816666666666674 451.00000000000006 469.00000000000006 535.00000000000011 421.00000000000006 431.00000000000006 429.00000000000006 461.00000000000006 9.8614210286008657 455.00000000000006 7.6195132788424278 463.00000000000006 497.00000000000006 10.051245210727972 469.00000000000006 9.887045725350017 9.6626924987580747 9.9415849673202636 439.00000000000006 7.6195132788424278 9.8614210286008657 9.1841889117043127 9.1621109896263917 515.00000000000011 493.00000000000006 447.00000000000006 417.00000000000006 7.6195132788424278 483.00000000000006 459.00000000000006 465.00000000000006
decision_type=2 2 2 2 2 2 2 2 2 2 2 2 2 2 2 2 2 2 2 2 2 2 2 2 2 2 2 2 2 2 2 2 2 2 2 2 2
left_child=1 -1 -2 -4 -5 27 7 -7 -9 10 -8 12 26 14 15 -13 18 -18 19 22 -21 -16 -15 -19 25 -23 -12 28 -6 30 31 32 -29 34 35 -33 -37
right_child=2 -3 3 4 5 6 9 8 -10 -11 11 13 -14 16 21 -17 17 23 -20 20 -22 24 -24 -25 -26 -27 -28 29 -30 -31 -32 33 -34 -35 -36 36 -38
leaf_value=-0.043515182884889966 0.035292774430569399 0.0091509209141776779 -0.040737195789280124 0.021844772445206693 -4.4539158671757768e-05 0.063168311829132018 -0.012946686906753246 -0.039869918400657824 0.027453441120140299 -0.040773845686877419 -0.020992151909121418 0.033642078198096496 0.066051875722613243 -0.00059691418670018378 -0.052241143962799386 -0.033617446682736814 0.089326346819963182 -0.012797750260286317 0.061905959008357728 0.03316848514761029 -0.026488156546378826 -0.061271260507948962 0.052089162900393435 0.0072714703151879299 -0.0035963088240009889 -0.008174402649991086 0.028241864451984733 0.0075047955596330412 0.041153450357373521 0.033010084218727032 -0.028332801945651121 -0.0061829462071744451 -0.02016658950662463 -0.0045070249361056228 -0.031818502862600427 0.086029931281675992 0.020080746920633379
leaf_weight=157 70 153 87 298 76903 103 464 118 271 68 71 434 88 98 132 146 68 833 147 102 222 100 195 796 709 85 160 279 218 179 441 224 947 1177 99 106 265
leaf_count=157 70 153 87 298 76903 103 464 118 271 68 71 434 88 98 132 146 68 833 147 102 222 100 195 796 709 85 160 279 218 179 441 224 947 1177 99 106 265
internal_value=0 -0.0175219 0.000145605 0.000117205 0.000158274 8.3344e-05 0.00381351 0.0187837 0.00703145 0.00231589 0.00292003 0.00459859 0.0277142 0.00278549 -0.00409405 0.0167112 0.00727494 0.000708165 0.0218611 0.0123204 -0.00770736 -0.0158553 0.0344672 -0.00299106 -0.0104829 -0.0368754 0.0131093 -0.000166294 7.19163e-05 -0.00510871 -0.00703728 -0.00400489 -0.0138694 0.002459 0.0142731 0.0219422 0.0389234
internal_weight=0 310 86703 86633 86546 86248 5410 492 389 4918 4850 4386 319 4067 1606 580 2461 1697 764 617 324 1026 293 1629 894 185 231 80838 77121 3717 3538 3097 1226 1871 694 595 371
internal_count=87013 310 86703 86633 86546 86248 5410 492 389 4918 4850 4386 319 4067 1606 580 2461 1697 764 617 324 1026 293 1629 894 185 231 80838 77121 3717 3538 3097 1226 1871 694 595 371
is_linear=0
shrinkage=0.0640495


Tree=105
num_leaves=38
num_cat=0
split_feature=10 6 6 6 11 6 11 11 6 6 11 10 10 10 11 11 11 10 6 10 10 11 11 10 11 1 11 6 11 11 11 6 11 11 6 6 11
split_gain=31.8683 39.2779 33.4357 30.2958 68.0844 90.4463 110.986 180.639 107.931 56.1252 54.4593 57.3139 73.4487 53.8801 52.5666 49.2632 45.9497 97.7688 67.9017 43.5178 94.6262 50.365 61.1592 50.3518 145.761 49.7447 67.3737 43.3156 58.8073 39.9776 158.67 170.185 107.744 74.1264 65.3912 84.6952 89.9058
threshold=7.3095206087166948 391.00000000000006 375.00000000000006 501.00000000000006 0.17340500491267866 511.00000000000006 -0.45242272007108764 -0.62839039670658603 533.00000000000011 519.00000000000011 0.84798662565740357 9.5000000000000018 8.5000000000000018 9.5000000000000018 -0.88784744072710176 -2.2337670226046158 1.2570152787394597 13.500000000000002 509.00000000000006 8.5000000000000018 10.500000000000002 -1.0510038753468349 -1.2988424697965353 13.500000000000002 -0.81017342396517078 7.6195132788424278 -0.8359835119344029 517.00000000000011 -0.019959933744776764 -1.2656630642006543 -1.3127955598683403 461.00000000000006 -1.3328459982997494 -1.0859781222493761 463.00000000000006 487.00000000000006 -1.4138345662614997
decision_type=2 2 2 2 2 2 2 2 2 2 2 2 2 2 2 2 2 2 2 2 2 2 2 2 2 2 2 2 2 2 2 2 2 2 2 2 2
left_child=1 -1 -2 15 5 -5 7 8 19 -9 -6 12 -12 -10 -15 -4 -13 18 -18 -7 25 22 -22 24 -23 -21 -27 28 -8 30 32 -32 34 -31 -17 -36 -37
right_child=2 -3 3 4 10 6 27 9 13 -11 11 16 -14 14 -16 29 17 -19 -20 20 21 23 -24 -25 -26 26 -28 -29 -30 33 31 -33 -34 -35 35 36 -38
leaf_value=0.037882905716539669 0.040070190547191201 -0.0017218781305044382 0.053010329145248961 0.017159112731385179 -0.019196182534268968 -0.04438296131847716 0.040695740351764445 -0.025279462984795494 0.067323673979277632 -0.091675478641862568 0.011553669042427021 0.033675603134088121 -0.05684610662739048 0.035581693833715823 -0.021704216488718397 0.015734042865909056 0.069808200169646895 -0.050553167176904758 -0.0036807525553008576 0.060775449523892744 -0.019622985199271595 0.020835290119025657 -0.092020560031928322 0.022748903310030377 -0.090212870394111105 -0.027500927672554906 0.049778778397676214 0.017263067272020309 -0.013163292113776185 0.022575255396176042 -0.13608685521184008 -0.022766223706074496 0.055482407105684334 3.3907883176742018e-05 -0.031942446971807328 0.035568024769803586 -0.045547156719671078
leaf_weight=103 89 38761 72 2438 788 162 101 86 98 133 134 282 124 159 112 362 81 111 142 91 115 108 82 127 88 116 77 1401 471 608 76 191 126 38196 531 193 79
leaf_count=103 89 38761 72 2438 788 162 101 86 98 133 134 282 124 159 112 362 81 111 142 91 115 108 82 127 88 116 77 1401 471 608 76 191 126 38196 531 193 79
internal_value=0 -0.00161691 0.000848659 0.000776029 0.00447863 0.00767292 0.00111569 -0.0116865 -0.00284196 -0.0656022 -0.0069858 0.0040231 -0.0213206 0.0266242 0.0119063 7.76121e-05 0.0146379 -0.00143594 0.0230125 -0.0140977 -0.00799542 -0.0242341 -0.049758 -0.00866691 -0.0290231 0.0217374 0.00333087 0.0111991 -0.00365322 -1.68123e-05 -0.0100767 -0.0550223 -0.0007812 0.000387097 -0.00686636 -0.0170548 0.0120088
internal_weight=0 38864 48150 48061 7627 5965 3527 1554 1335 219 1662 874 258 369 271 40434 616 334 223 966 804 520 197 323 196 284 193 1973 572 40362 1558 267 1291 38804 1165 803 272
internal_count=87014 38864 48150 48061 7627 5965 3527 1554 1335 219 1662 874 258 369 271 40434 616 334 223 966 804 520 197 323 196 284 193 1973 572 40362 1558 267 1291 38804 1165 803 272
is_linear=0
shrinkage=0.0640495


Tree=106
num_leaves=38
num_cat=0
split_feature=6 1 7 7 6 6 10 1 7 7 10 10 10 7 7 10 10 10 7 7 10 6 6 7 10 6 7 7 7 6 6 7 7 7 10 10 7
split_gain=29.5534 95.4336 69.8911 53.2316 41.33 106.118 88.6413 57.4062 50.4795 59.4377 57.0039 48.3424 48.1793 46.9406 45.7976 45.6197 158.291 102.991 78.9211 61.3642 59.2982 79.174 46.124 43.5356 42.0007 40.6434 62.2618 37.5216 32.4638 32.0577 31.1578 29.933 117.798 79.3931 54.0922 45.0762 35.4681
threshold=529.00000000000011 7.6195132788424278 7.6571645740280472 7.0925207809044464 511.00000000000006 509.00000000000006 6.5000000000000009 7.6195132788424278 7.8630584729902404 8.0242656711519533 10.500000000000002 14.500000000000002 13.500000000000002 7.4137027846705275 6.832876366391285 7.8095206087166948 9.5000000000000018 5.5000000000000009 9.052387116424276 9.333099250936332 2.5000000000000004 515.00000000000011 517.00000000000011 3.9385382059800667 4.5000000000000009 513.00000000000011 8.6582209199469293 9.7063405797101474 6.7000563057272444 573.00000000000011 521.00000000000011 7.8687823804102885 7.6940919879955638 8.4460580397470668 4.5000000000000009 12.500000000000002 8.6732026143790861
decision_type=2 2 2 2 2 2 2 2 2 2 2 2 2 2 2 2 2 2 2 2 2 2 2 2 2 2 2 2 2 2 2 2 2 2 2 2 2
left_child=4 2 3 -2 5 23 14 28 12 10 -10 15 -6 -9 -7 17 22 20 25 -18 -11 -22 -17 -1 -16 -19 -27 -20 -8 31 -23 32 -3 34 -33 36 -35
right_child=1 29 -4 -5 8 6 7 13 9 11 -12 -13 -14 -15 24 16 19 18 27 -21 21 30 -24 -25 -26 26 -28 -29 -30 -31 -32 33 -34 35 -36 -37 -38
leaf_value=-0.02614707890725175 0.023348670263488837 0.0023437250865207386 0.056275731639735822 -0.032709131324390954 -0.0083968955855273954 -0.02870342291073014 0.098897734360818682 -0.0068912899454605017 0.039679030777817363 0.0095014336480537861 -0.021066307222548351 0.034591136875551529 -0.03978501312000781 0.039397929386065365 0.037090630944968075 -0.10446422520550021 -0.0095188446377569586 -0.0059681124085981755 -0.04233120303731451 0.049335535648685667 0.010508477443138769 -0.088745902598410989 -0.041821167211748285 -0.00023922966531574212 -0.021085767250728082 0.030051946390812035 0.094678394846919298 0.017848124618472391 0.045890124091610932 -0.042576579179747907 -0.033977541498996226 0.012369526011939917 0.088103582465278663 0.03706706260889691 -0.053757854053759421 -0.036086460813739223 -0.0002005192667468188
leaf_weight=267 362 1071 226 86 3450 165 67 151 279 164 82 132 213 222 140 77 346 70 92 92 86 97 129 77307 80 218 85 79 162 72 76 68 70 170 200 88 273
leaf_count=267 362 1071 226 86 3450 165 67 151 279 164 82 132 213 222 140 77 346 70 92 92 86 97 129 77307 80 218 85 79 162 72 76 68 70 170 200 88 273
internal_value=0 0.00637752 0.0272367 0.0125876 -0.000447055 -6.28751e-05 0.0208063 0.0361563 -0.00568055 0.00222613 0.0258809 -0.00267311 -0.0102221 0.0206589 -0.00319542 -0.00572642 -0.0189337 0.00306936 0.0215014 0.00284326 -0.0206352 -0.0397178 -0.0652363 -0.000328401 0.0159356 0.0380194 0.0481815 -0.0145291 0.0613989 -0.000610102 -0.0646858 0.000947416 0.00760507 -0.00855994 -0.0369793 0.00578352 0.0141008
internal_weight=0 2686 674 448 84328 78561 987 602 5767 2104 361 1743 3663 373 385 1611 644 967 544 438 423 259 206 77574 220 373 303 171 229 2012 173 1940 1141 799 268 531 443
internal_count=87014 2686 674 448 84328 78561 987 602 5767 2104 361 1743 3663 373 385 1611 644 967 544 438 423 259 206 77574 220 373 303 171 229 2012 173 1940 1141 799 268 531 443
is_linear=0
shrinkage=0.0640495


Tree=107
num_leaves=38
num_cat=0
split_feature=8 11 11 6 7 6 7 0 8 8 0 6 7 8 11 11 7 6 7 6 11 11 11 1 8 8 6 8 8 7 8 6 8 8 7 7 7
split_gain=44.0715 26.7417 112.629 53.4671 72.1674 70.4296 64.5152 57.2776 52.8775 65.6118 51.5716 77.2416 71.9289 57.7226 48.1162 47.9775 79.9647 46.8577 85.8268 68.3177 85.972 116.405 77.9643 62.6094 62.471 60.6893 46.0827 63.4763 179.598 65.976 64.7349 61.3504 116.061 74.4555 65.7964 73.9663 156.767
threshold=10.751467710371822 0.91653124705791045 0.96885838912311917 479.00000000000006 7.9838650329634566 465.00000000000006 6.6660897158517249 13.500000000000002 7.0966391804097961 7.9443899982136132 10.500000000000002 497.00000000000006 6.1949399148569286 7.9443899982136132 1.3048506925053427 2.3733649301775555 8.5767622686181682 481.00000000000006 7.7567841447284218 457.00000000000006 1.1501564794524815 1.0487167347901585 1.4817261777209236 7.6195132788424278 7.8024042950513541 8.4962399683478331 477.00000000000006 6.4243421052631584 6.7118673955210726 6.6357207199145751 6.5827604726100981 489.00000000000006 9.5828282828282845 6.9923728068934405 9.4358974358974379 6.7000563057272444 6.4577528837337956
decision_type=2 2 2 2 2 2 2 2 2 2 2 2 2 2 2 2 2 2 2 2 2 2 2 2 2 2 2 2 2 2 2 2 2 2 2 2 2
left_child=1 -1 3 4 8 -6 -5 -8 -3 -10 11 12 -4 14 -13 17 -17 19 -19 20 21 -14 -21 -23 -20 -25 -12 29 30 -28 -29 32 33 -30 35 36 -33
right_child=-2 2 10 6 5 -7 7 -9 9 -11 26 13 15 -15 -16 16 -18 18 24 22 -22 23 -24 25 -26 -27 27 28 31 -31 -32 34 -34 -35 -36 -37 -38
leaf_value=-0.000789209061429203 0.051705416470337759 -0.010562988738979758 0.029393047429395757 -0.0061549784606126316 0.0094101025587538384 -0.061103878914409548 0.093034494277893134 0.02477530401795755 0.078760890070849257 0.0025385341231896341 0.0064604814435049104 -0.026158737475690707 0.010344206761701759 0.0029768375852275652 -0.089167682385931063 -0.074178714152273728 0.015715906952345746 -0.020790517706614928 0.086208462062651148 -0.0094282276157986056 0.010803483295725235 -0.00055402729139426171 -0.051602960043065145 -0.087000477843028709 0.015594048461769495 -0.013903367853678945 0.00024780687256490455 0.01721286472531328 -0.050522435697019218 -0.070560891915342427 0.084307860650090202 -0.0050561785577321926 -0.089313063513589933 -0.0042396434503535569 0.049229456340794092 -0.00615897347911421 0.05977777003600921
leaf_weight=71215 67 70 260 69 258 75 124 85 141 69 6505 102 284 99 97 103 67 141 85 654 1160 87 248 153 130 67 106 108 161 110 130 416 79 1247 118 1882 242
leaf_count=71215 67 70 260 69 258 75 124 85 141 69 6505 102 284 99 97 103 67 141 85 654 1160 87 248 153 130 67 106 108 161 110 130 416 79 1247 118 1882 242
internal_value=0 -0.000261263 0.00212862 0.0242464 0.0136803 -0.00647142 0.0475449 0.0652736 0.0376466 0.0537164 0.000800752 -0.00570755 -0.00299691 -0.0369891 -0.0568716 -0.00564598 -0.0387497 -0.00377571 0.0180435 -0.00670358 0.000673327 -0.0192099 -0.0210239 -0.0465498 0.0435114 -0.0647391 0.00299109 -0.00191615 -0.000245706 -0.0358122 0.0538614 -0.00335246 -0.0137705 -0.00953192 0.00247582 0.000303804 0.0187885
internal_weight=0 86947 15732 891 613 333 278 209 280 210 14841 3737 3439 298 199 3179 170 3009 356 2653 1751 591 902 307 215 220 11104 4599 4383 216 238 4145 1487 1408 2658 2540 658
internal_count=87014 86947 15732 891 613 333 278 209 280 210 14841 3737 3439 298 199 3179 170 3009 356 2653 1751 591 902 307 215 220 11104 4599 4383 216 238 4145 1487 1408 2658 2540 658
is_linear=0
shrinkage=0.0640495


Tree=108
num_leaves=38
num_cat=0
split_feature=8 10 0 11 0 8 6 11 6 10 6 11 8 11 11 10 8 11 8 0 11 11 11 6 8 6 8 11 8 6 8 10 6 8 11 10 8
split_gain=38.6068 26.3175 92.1794 81.6623 104.633 88.9863 80.6257 78.8665 72.8087 74.3546 91.9235 77.5704 127.343 73.7655 76.4635 81.5934 73.122 88.8692 77.7377 71.4312 103.322 150.958 89.428 83.072 73.355 63.0639 81.423 102.019 62.7585 62.5749 108.197 60.8404 111.588 59.6644 86.2831 71.6112 64.6551
threshold=10.751467710371822 7.3095206087166948 11.500000000000002 -1.3328459982997494 10.500000000000002 6.4243421052631584 481.00000000000006 -1.8468383406761342 453.00000000000006 8.5000000000000018 433.00000000000006 -0.73939789693704672 7.7928390438136086 -0.087539220166836768 -0.0314602928843917 13.500000000000002 7.7511301989150097 -0.50012583383776532 7.6306657429305176 12.500000000000002 -0.6476743265999455 -1.199133676478481 -0.54513538997370292 485.00000000000006 7.4838631318676985 451.00000000000006 6.8513927907495091 -0.42834086985802294 7.3123473748473762 469.00000000000006 8.2923959357587691 10.500000000000002 453.00000000000006 6.4664575289575295 0.96885838912311917 11.500000000000002 7.7029672783218892
decision_type=2 2 2 2 2 2 2 2 2 2 2 2 2 2 2 2 2 2 2 2 2 2 2 2 2 2 2 2 2 2 2 2 2 2 2 2 2
left_child=1 -1 3 6 25 31 29 28 9 11 33 12 -9 19 15 -15 17 -13 -19 20 21 24 -22 -21 -10 26 27 -5 -4 30 -3 32 -6 -11 -35 -36 -37
right_child=-2 2 7 4 5 -7 -8 8 13 10 -12 16 -14 14 -16 -17 -18 18 -20 23 22 -23 -24 -25 -26 -27 -28 -29 -30 -31 -32 -33 -34 34 35 36 -38
leaf_value=-0.0014842501450133127 0.048393708705929739 0.020793925029852573 -0.009780260891711896 -0.030521401157046026 -0.076339758781647851 0.012945597280182476 0.0067107462591737312 0.08014122461301218 -0.081202474031641714 -0.047721599586921758 -0.0085995472761190069 -0.096187735945903186 -0.033423681658571243 0.01491271914549498 0.0022400394350151061 0.08507811554902843 -0.0052676382482694595 -0.01720377372108212 -0.063448888337390999 -0.014547485907816422 -0.064255356726444099 0.032827814806106866 0.00011500850252427364 -0.00042746303047000786 0.0093906541919108102 -0.0028171949825970891 0.0048344403175226182 0.058949362407108234 0.061941387607649549 -0.085260814364265747 -0.079745607320192091 -0.075047735819938705 0.021936383446009747 0.0046895704793522078 0.0099591787553894896 0.11465784065642777 0.03962256175100199
leaf_weight=38855 67 104 77 67 67 6499 238 91 77 68 2544 67 73 288 13784 89 1599 1751 163 3330 116 762 374 3512 70 6345 3616 238 143 98 76 70 162 1142 181 71 140
leaf_count=38855 67 104 77 67 67 6499 238 91 77 68 2544 67 73 288 13784 89 1599 1751 163 3330 116 762 374 3512 70 6345 3616 238 143 98 76 70 162 1142 181 71 140
internal_value=0 -0.000244529 0.000757079 0.0044513 0.0052104 0.0113738 -0.0206521 -0.00137141 -0.00164891 -0.00694004 -0.00103144 -0.0134831 0.029591 0.000214627 0.0030184 0.031477 -0.0154563 -0.0236802 -0.0211421 -0.00460326 0.00858395 0.0213636 -0.0151237 -0.00729968 -0.0380629 0.00112909 0.00751501 0.0392951 0.0368388 -0.0440779 -0.0216561 -0.0227907 -0.0068169 0.0109868 0.0135893 0.0395165 0.0648714
internal_weight=0 86947 48092 17580 17064 6798 516 30512 30292 7890 4146 3744 164 22402 14161 377 3580 1981 1914 8241 1399 909 490 6842 147 10266 3921 305 220 278 180 299 229 1602 1534 392 211
internal_count=87014 86947 48092 17580 17064 6798 516 30512 30292 7890 4146 3744 164 22402 14161 377 3580 1981 1914 8241 1399 909 490 6842 147 10266 3921 305 220 278 180 299 229 1602 1534 392 211
is_linear=0
shrinkage=0.0640495


Tree=109
num_leaves=38
num_cat=0
split_feature=8 11 8 11 11 8 8 11 11 10 11 8 1 10 10 8 11 11 0 0 0 11 11 8 11 0 8 11 10 8 10 11 11 8 0 10 8
split_gain=33.8197 23.3224 87.8693 25.6716 102.638 100.979 128.762 93.477 92.5841 120.86 55.2384 91.2204 68.005 105.902 102.244 70.5909 54.5243 124.953 100.272 114.293 71.4312 54.4856 95.837 68.7288 89.2781 104.99 90.977 78.9125 75.3779 75.608 68.191 98.4137 89.9035 72.3384 93.7746 61.9924 56.5141
threshold=10.751467710371822 -2.2337670226046158 7.5266707758335345 -0.5212145416990851 -0.6667223348692507 5.9960656443102627 5.873488729508197 -0.31008004747684909 -0.010742078143090821 9.5000000000000018 -0.21170539704336669 7.1958634551131624 7.6195132788424278 3.5000000000000004 5.5000000000000009 6.8605188340293486 -0.12062799288833712 -0.19335846275656135 12.500000000000002 13.500000000000002 14.500000000000002 -0.962979128034123 -0.93476777009948553 7.2867869369652576 -0.88089321447199709 12.500000000000002 7.2172588206266974 -0.80537702095521335 1.5000000000000002 7.289617504600729 3.5000000000000004 -0.81017342396517078 -0.73264193370765596 7.0279709426678503 11.500000000000002 1.5000000000000002 7.1823775963809062
decision_type=2 2 2 2 2 2 2 2 2 2 2 2 2 2 2 2 2 2 2 2 2 2 2 2 2 2 2 2 2 2 2 2 2 2 2 2 2
left_child=1 2 -1 4 5 6 -3 -5 9 10 11 12 14 -14 -9 -16 17 -11 -18 -20 -19 -7 -23 24 25 -24 30 -28 -25 -30 31 35 36 -34 -35 -26 -32
right_child=-2 3 -4 7 -6 21 -8 8 -10 16 -12 -13 13 -15 15 -17 18 20 19 -21 -22 22 23 28 26 -27 27 -29 29 -31 32 -33 33 34 -36 -37 -38
leaf_value=-0.021604478182196043 0.045294113637888059 -0.011767986626797896 0.049948337623864941 0.0083945804129566207 -0.0091897760341820827 -0.0028965919066823538 -0.088596065801679016 0.01706873186037243 0.00058102524981910994 -0.000602108142262725 -0.02101975040191997 -0.017672213604929172 -0.017872269016927893 0.074506080969856586 -0.075394230760710917 0.0081607313869258933 -0.032194259357405414 0.065773909795989211 0.063486464759845054 -0.0058166264200779213 -0.0035724918513272931 0.02965475338294284 0.055798888802610844 0.025571457729400147 0.055466627359219089 0.0014134987809278667 0.09816870983396335 0.01509073433555316 -0.057810232030038863 -0.0022380107015858913 0.0050773815359541775 -0.024060020338356074 0.043660191300474667 0.061901120418380202 -0.026569986700797944 -0.00064867961682478037 -0.032383846853689724
leaf_weight=127 67 500 158 5528 6158 8791 109 391 47628 601 2166 1140 80 140 104 69 347 246 133 367 81 558 331 399 114 260 77 120 102 6545 1699 735 448 70 165 277 183
leaf_count=127 67 500 158 5528 6158 8791 109 391 47628 601 2166 1140 80 140 104 69 347 246 133 367 81 558 331 399 114 260 77 120 102 6545 1699 735 448 70 165 277 183
internal_value=0 -0.000228867 0.0180634 -0.000289024 -0.00189987 0.000189744 -0.0255188 0.000465376 -0.000354033 -0.00794737 -0.0140044 -0.0061067 0.0107105 0.040914 -0.00107098 -0.0420688 0.00600943 0.016734 -0.00574074 0.012618 0.0485964 0.000939793 0.00373096 0.00247582 0.00867945 0.031873 0.00515388 0.0475628 -0.0014677 -0.00309078 0.00289039 -0.0102492 0.00865849 0.0285634 -0.000216891 0.0157123 0.00143476
internal_weight=0 86947 285 86662 27641 21483 609 59021 53493 5865 4090 1924 784 220 564 173 1775 928 847 500 327 20874 12083 11525 4479 591 3888 197 7046 6647 3691 1126 2565 683 235 391 1882
internal_count=87014 86947 285 86662 27641 21483 609 59021 53493 5865 4090 1924 784 220 564 173 1775 928 847 500 327 20874 12083 11525 4479 591 3888 197 7046 6647 3691 1126 2565 683 235 391 1882
is_linear=0
shrinkage=0.0640495


Tree=110
num_leaves=38
num_cat=0
split_feature=8 7 8 8 7 11 11 11 11 8 8 7 8 8 7 6 8 6 8 6 8 7 7 8 11 11 7 8 11 7 6 6 8 8 11 8 8
split_gain=43.7308 36.9006 57.7482 109.487 68.9564 51.7672 51.1196 50.8085 61.0895 57.5026 113.554 90.2359 85.1914 94.1945 74.913 62.1573 52.0877 116.811 49.823 46.4236 44.9492 59.0085 41.0456 58.7211 48.0252 52.3568 68.6461 101.134 58.3988 38.2179 47.4218 122.988 51.2696 76.1864 75.952 56.9948 50.0019
threshold=10.751467710371822 5.9386913719588668 8.4962399683478331 7.4808815615400146 5.6890640426824648 -2.2337670226046158 -0.36928621244199661 -0.75346063243179606 -0.78808633583155208 7.3273436157415377 7.2672182468694109 5.6890640426824648 7.1870690884669619 7.2172588206266974 5.7076156299840521 481.00000000000006 7.4526895775466127 485.00000000000006 5.9960656443102627 473.00000000000006 5.2994667415099643 6.8363354858881396 5.4291044776119408 7.2056564780767731 -0.81509172532321095 -0.93476777009948553 5.7076156299840521 7.0603115767589459 -0.86268125848232147 5.7271371221407223 487.00000000000006 489.00000000000006 6.6485372340425544 6.9112912393988326 0.54061507609818749 5.5894777265745015 6.7885906214337597
decision_type=2 2 2 2 2 2 2 2 2 2 2 2 2 2 2 2 2 2 2 2 2 2 2 2 2 2 2 2 2 2 2 2 2 2 2 2 2
left_child=1 2 3 7 19 -3 -5 8 18 10 12 16 29 -14 15 -12 17 -11 -1 -4 21 -7 23 -20 25 26 -24 -28 -27 30 -9 -32 35 34 36 -33 -34
right_child=-2 5 4 6 -6 20 -8 9 -10 11 14 -13 13 -15 -16 -17 -18 -19 22 -21 -22 -23 24 -25 -26 28 27 -29 -30 -31 31 32 33 -35 -36 -37 -38
leaf_value=-0.039351172016790191 0.051592055833313014 0.032126045168954169 0.084949760794273799 -0.0050482231180185447 -0.0073395014941350827 -0.0034019744444024999 -0.025022217474358437 -0.004029266028795787 -0.054921602343757668 -0.015142079591773905 -0.077543926538050076 0.065911886870600928 0.053063730930786909 -0.010597808557981208 0.0052393334178134111 -0.010243370090971147 -0.033640854096643989 0.083370436909584511 -0.0063586244502284849 0.020825742000644406 0.00029790736382187739 -0.065875970802445893 0.026616915223882459 -0.060122026623722707 -0.039552003719580793 0.079627805967357357 0.0046976782138829637 -0.076570369153666773 0.0096301871866672061 -0.024468291871195095 0.083028823129751669 0.035854905767839756 -0.014416671125770188 -0.0018845345194598913 0.093513779599159214 -0.01359853116322343 0.044846926206063328
leaf_weight=177 67 209 80 856 182 172 1362 2415 120 129 163 143 268 148 133 86 100 80 404 110 76847 97 232 105 86 84 208 90 117 246 90 113 93 367 83 621 157
leaf_count=177 67 209 80 856 182 172 1362 2415 120 129 163 143 268 148 133 86 100 80 404 110 76847 97 232 105 86 84 208 90 117 246 90 113 93 367 83 621 157
internal_value=0 -0.00017332 -0.00390824 -0.00490058 0.0208361 0.000292693 -0.0173136 -0.000999746 -0.0109443 0.00196989 -1.43055e-05 0.0238443 0.00277167 0.0304149 -0.03357 -0.0542996 0.00437612 0.0225661 -0.0074331 0.0478253 0.000206419 -0.0259298 -0.00317254 -0.0174493 0.00572204 0.0110484 0.00049228 -0.0198464 0.0388829 2.38638e-05 0.00155346 0.0104001 0.00584181 0.0182432 0.040426 -0.00598513 0.0228009
internal_weight=0 86973 9648 9276 372 77325 2218 7058 1623 5435 4983 452 4601 416 382 249 309 209 1503 190 77116 269 1326 509 817 731 530 298 201 4185 3939 1524 1434 700 333 734 250
internal_count=87040 86973 9648 9276 372 77325 2218 7058 1623 5435 4983 452 4601 416 382 249 309 209 1503 190 77116 269 1326 509 817 731 530 298 201 4185 3939 1524 1434 700 333 734 250
is_linear=0
shrinkage=0.0640495


Tree=111
num_leaves=38
num_cat=0
split_feature=8 11 11 11 6 6 8 8 8 11 8 8 8 11 8 1 8 8 6 11 6 10 6 10 11 6 1 8 6 6 10 6 10 8 6 8 6
split_gain=38.3083 30.3101 93.7397 68.6891 110.419 92.0252 75.3916 143.681 61.5238 118.382 177.382 67.164 70.3937 46.3057 68.2017 85.1892 84.3172 53.3621 56.7928 45.5425 71.0447 72.4972 44.6977 44.6958 84.3887 54.0259 79.3925 44.6239 43.0612 73.0741 43.9562 40.5853 40.0779 58.3342 39.8499 64.8016 39.4944
threshold=10.751467710371822 -1.4138345662614997 -1.5607396997260747 -1.199133676478481 533.00000000000011 431.00000000000006 7.9630416828604753 7.8024042950513541 7.1466785927251051 -1.3127955598683403 7.2921076380342944 6.9236294620045262 6.8263330251194336 -1.8468383406761342 6.8075940480471235 7.6195132788424278 7.289617504600729 7.6306657429305176 485.00000000000006 -1.3328459982997494 471.00000000000006 8.5000000000000018 493.00000000000006 10.500000000000002 -1.2844490045860411 491.00000000000006 7.6195132788424278 7.4808815615400146 491.00000000000006 469.00000000000006 4.5000000000000009 469.00000000000006 5.5000000000000009 8.4943475572047031 471.00000000000006 6.5541510686313567 487.00000000000006
decision_type=2 2 2 2 2 2 2 2 2 2 2 2 2 2 2 2 2 2 2 2 2 2 2 2 2 2 2 2 2 2 2 2 2 2 2 2 2
left_child=1 2 13 4 5 -3 7 8 11 10 -10 12 34 14 -1 16 -16 -17 -19 20 -8 -22 32 24 -11 26 -26 -12 29 -18 -31 -13 -21 -34 -7 -36 -4
right_child=-2 3 36 -5 -6 6 19 -9 9 23 27 31 -14 -15 15 17 28 18 -20 22 21 -23 -24 -25 25 -27 -28 -29 -30 30 -32 -33 33 -35 35 -37 -38
leaf_value=0.049237451128647615 0.048287609538196143 -0.070148856763794093 0.011799777749489055 -6.7832680449401628e-05 0.055229720958032968 -0.054029338842237463 -0.069976451976200033 -0.088274280801864821 0.10388990825715215 0.031651257741721152 -0.035303510871691264 -0.014362053716516604 0.036121445826739436 -0.013620010267201438 -0.056046285596742872 0.0568067015575561 0.015578617107245554 -0.02605837609106669 0.039978964500706468 0.067096464025090771 0.053048287892338744 -0.032750161956460702 -0.012359870492120853 -0.06667305007763405 -0.057693435357664816 -0.071680101666130425 0.039468482872048079 0.021355331384368483 0.027983637375103076 -0.0075903967478179821 -0.072788536959534578 -0.069002986047749293 0.048599674300545452 -0.02128822930103122 -0.033448600526979656 0.025048636605231489 0.036762887259590385
leaf_weight=133 67 112 723 81311 100 125 68 111 93 118 92 81 100 852 147 138 178 111 103 99 77 85 121 76 69 96 69 150 149 78 93 179 109 89 208 124 406
leaf_count=133 67 112 723 81311 100 125 68 111 93 118 92 81 100 852 147 138 178 111 103 99 77 85 121 76 69 96 69 150 149 78 93 179 109 89 208 124 406
internal_value=0 -0.000162219 0.00604576 -0.000392515 -0.0107415 -0.0134331 -0.0107173 -0.0178356 -0.0128871 0.00019138 0.0287079 -0.0251012 -0.0125544 -0.00234542 0.00615542 0.00040827 -0.0134227 0.0257519 0.00572595 0.00785845 -0.0150324 0.00803058 0.0204539 -0.0221288 -0.0125113 -0.0347812 -0.00911248 -0.000184394 -0.000841022 -0.0131473 -0.043049 -0.0519802 0.0338224 0.0171854 -0.0232056 -0.0116002 0.0207768
internal_weight=0 86973 3111 83862 2551 2451 2339 1691 1580 763 335 817 557 1982 1130 997 645 352 214 648 230 162 418 428 352 234 138 242 498 349 171 260 297 198 457 332 1129
internal_count=87040 86973 3111 83862 2551 2451 2339 1691 1580 763 335 817 557 1982 1130 997 645 352 214 648 230 162 418 428 352 234 138 242 498 349 171 260 297 198 457 332 1129
is_linear=0
shrinkage=0.0640495


Tree=112
num_leaves=38
num_cat=0
split_feature=8 7 1 8 8 8 7 8 8 0 0 0 6 8 8 7 8 8 8 7 8 6 6 8 6 8 0 8 8 6 7 8 8 8 7 8 7
split_gain=33.5582 32.4597 62.2323 82.7939 74.5181 95.3803 56.2069 78.1633 196.922 80.5314 118.798 66.0093 54.751 66.4799 98.1338 82.2721 148.326 52.6981 98.7328 89.6999 86.3754 71.2444 115.056 61.777 65.2282 153.182 77.2813 49.7257 45.0334 62.1133 43.618 42.7824 84.0941 40.1256 39.9086 39.4838 51.6355
threshold=10.751467710371822 5.9386913719588668 7.6195132788424278 5.5894777265745015 7.2336996336996346 8.4962399683478331 5.6890640426824648 7.1870690884669619 7.4838631318676985 12.500000000000002 14.500000000000002 15.500000000000002 451.00000000000006 7.794993112708501 7.9443899982136132 5.1213188220230483 7.3097824042729265 7.9443899982136132 7.2672182468694109 4.0962030443866464 8.0628775000904209 517.00000000000011 473.00000000000006 7.0797513760900506 491.00000000000006 6.6631205673758878 14.500000000000002 7.4351124343188397 7.5053459119496866 487.00000000000006 5.7076156299840521 7.3944368961352671 7.4526895775466127 6.3917250241232066 5.6890640426824648 5.2994667415099643 6.8363354858881396
decision_type=2 2 2 2 2 2 2 2 2 2 2 2 2 2 2 2 2 2 2 2 2 2 2 2 2 2 2 2 2 2 2 2 2 2 2 2 2
left_child=1 2 4 -4 33 12 17 11 9 -9 -11 -8 -6 15 -15 -14 -17 18 19 -5 -19 22 -21 24 25 -24 -26 -18 -29 -30 -16 -20 -33 -1 -7 36 -3
right_child=-2 35 3 6 5 34 7 8 -10 10 -12 -13 13 14 30 16 27 20 31 21 -22 -23 23 -25 26 -27 -28 28 29 -31 -32 32 -34 -35 -36 -37 -38
leaf_value=-0.012620901789896364 0.045194809201635773 -0.0031371564268715215 0.061408142254623731 -0.017401202964428032 -0.04309465705279749 0.055916073737611628 -0.029413649971803901 0.010563563127280686 -0.021220369683960502 0.14084903654065717 0.025625155801941604 0.032735008389121571 -0.038482703241444774 -0.080042175416930997 -0.031898286470657372 -0.046073128144715508 0.059601070509514381 0.07167131355507235 -0.044044204894102358 -0.0013888048493844874 0.0084781659335513588 -0.015756864406726447 0.12493652081413903 0.085471388993015485 -0.011547052263862339 0.0093388152733826554 0.068443016546414076 -0.02602420556977127 0.0021344780889146343 0.075027088254311383 0.020988665174635067 0.03868129978171244 -0.019453616798083644 0.0018576498169909188 -0.00095885789419920917 0.00037075862322906531 -0.061577963120350666
leaf_weight=1148 67 172 95 306 432 86 693 120 409 71 76 78 227 144 210 158 130 126 168 316 300 171 88 131 164 101 71 89 133 75 92 128 504 2485 123 77056 97
leaf_count=1148 67 172 95 306 432 86 693 120 409 71 76 78 227 144 210 158 130 126 168 316 300 171 88 131 164 101 71 89 133 75 92 128 504 2485 123 77056 97
internal_value=0 -0.000151829 -0.00365481 0.00230879 -0.00809193 -0.0183739 0.000912515 -0.00918731 0.00671049 0.049496 0.0812775 -0.0231262 -0.0234218 -0.0166661 -0.0365331 -0.00575397 0.00694589 0.00659023 0.00250895 0.0130876 0.0271691 0.0220411 0.0294618 0.0470272 0.0351495 0.0631621 0.0126202 0.0265642 0.0121036 0.0284179 -0.015787 -0.0153161 -0.00767946 -0.00271746 0.0224442 0.000285244 -0.0242106
internal_weight=0 86973 9648 4116 5532 1899 4021 1447 676 267 147 771 1690 1258 446 812 585 2574 2148 1348 426 1042 871 555 424 189 235 427 297 208 302 800 632 3633 209 77325 269
internal_count=87040 86973 9648 4116 5532 1899 4021 1447 676 267 147 771 1690 1258 446 812 585 2574 2148 1348 426 1042 871 555 424 189 235 427 297 208 302 800 632 3633 209 77325 269
is_linear=0
shrinkage=0.0640495


end of trees

feature_importances:
trainer_id=813
prev_speed_index=805
jockey_id=764
weight=698
distance=496
prev_rank=478
course_type=127

parameters:
[boosting: gbdt]
[objective: regression]
[metric: rmse]
[tree_learner: serial]
[device_type: cpu]
[data: ]
[valid: ]
[num_iterations: 500]
[learning_rate: 0.0640495]
[num_leaves: 38]
[num_threads: 0]
[deterministic: 0]
[force_col_wise: 0]
[force_row_wise: 0]
[histogram_pool_size: -1]
[max_depth: -1]
[min_data_in_leaf: 67]
[min_sum_hessian_in_leaf: 0.001]
[bagging_fraction: 0.977445]
[pos_bagging_fraction: 1]
[neg_bagging_fraction: 1]
[bagging_freq: 5]
[bagging_seed: 3]
[feature_fraction: 0.637057]
[feature_fraction_bynode: 1]
[feature_fraction_seed: 2]
[extra_trees: 0]
[extra_seed: 6]
[early_stopping_round: 0]
[first_metric_only: 0]
[max_delta_step: 0]
[lambda_l1: 0]
[lambda_l2: 0]
[linear_lambda: 0]
[min_gain_to_split: 0]
[drop_rate: 0.1]
[max_drop: 50]
[skip_drop: 0.5]
[xgboost_dart_mode: 0]
[uniform_drop: 0]
[drop_seed: 4]
[top_rate: 0.2]
[other_rate: 0.1]
[min_data_per_group: 100]
[max_cat_threshold: 32]
[cat_l2: 10]
[cat_smooth: 10]
[max_cat_to_onehot: 4]
[top_k: 20]
[monotone_constraints: ]
[monotone_constraints_method: basic]
[monotone_penalty: 0]
[feature_contri: ]
[forcedsplits_filename: ]
[refit_decay_rate: 0.9]
[cegb_tradeoff: 1]
[cegb_penalty_split: 0]
[cegb_penalty_feature_lazy: ]
[cegb_penalty_feature_coupled: ]
[path_smooth: 0]
[interaction_constraints: ]
[verbosity: 1]
[saved_feature_importance_type: 0]
[linear_tree: 0]
[max_bin: 255]
[max_bin_by_feature: ]
[min_data_in_bin: 3]
[bin_construct_sample_cnt: 200000]
[data_random_seed: 1]
[is_enable_sparse: 1]
[enable_bundle: 1]
[use_missing: 1]
[zero_as_missing: 0]
[feature_pre_filter: 0]
[pre_partition: 0]
[two_round: 0]
[header: 0]
[label_column: ]
[weight_column: ]
[group_column: ]
[ignore_column: ]
[categorical_feature: ]
[forcedbins_filename: ]
[precise_float_parser: 0]
[objective_seed: 5]
[num_class: 1]
[is_unbalance: 0]
[scale_pos_weight: 1]
[sigmoid: 1]
[boost_from_average: 1]
[reg_sqrt: 0]
[alpha: 0.9]
[fair_c: 1]
[poisson_max_delta_step: 0.7]
[tweedie_variance_power: 1.5]
[lambdarank_truncation_level: 30]
[lambdarank_norm: 1]
[label_gain: ]
[eval_at: ]
[multi_error_top_k: 1]
[auc_mu_weights: ]
[num_machines: 1]
[local_listen_port: 12400]
[time_out: 120]
[machine_list_filename: ]
[machines: ]
[gpu_platform_id: -1]
[gpu_device_id: -1]
[gpu_use_dp: 0]
[num_gpu: 1]

end of parameters

pandas_categorical:[]
